answer_five,answer_four,answer_seven,polarity,sentiment_gs,tweet,tweet_tokens,absa_token_weights_3392,absa_sentiment_3392,absa_scores_3392,absa_token_weights_3412,absa_sentiment_3412,absa_scores_3412,absa_token_weights_3414,absa_sentiment_3414,absa_scores_3414,absa_token_weights_3415,absa_sentiment_3415,absa_scores_3415,absa_token_weights_3436,absa_sentiment_3436,absa_scores_3436,absa_token_weights_3446,absa_sentiment_3446,absa_scores_3446,absa_token_weights_3455,absa_sentiment_3455,absa_scores_3455,absa_token_weights_3465,absa_sentiment_3465,absa_scores_3465,absa_token_weights_3466,absa_sentiment_3466,absa_scores_3466,absa_token_weights_3467,absa_sentiment_3467,absa_scores_3467,absa_token_weights_3469,absa_sentiment_3469,absa_scores_3469,absa_token_weights_3472,absa_sentiment_3472,absa_scores_3472,absa_token_weights_3474,absa_sentiment_3474,absa_scores_3474,absa_token_weights_3475,absa_sentiment_3475,absa_scores_3475,absa_token_weights_3478,absa_sentiment_3478,absa_scores_3478,absa_token_weights_3479,absa_sentiment_3479,absa_scores_3479,sentiment_tb
50.0,75.0,57.0,0.0,neutral,Unser Entscheid in der #SGK-N; Ja zur Cannabislegalisierung üëç https://t.co/uTJkIkbkHu,entscheid sgk n ja cannabislegalisierung,"{'Unser': 0.09, 'Entscheid': 0.15, 'in': 0.06, 'der': 0.12, 'SGK-N': 0, 'Ja': 0, 'zur': 0.2, 'Cannabislegalisierung': 0.725}",positive,"[0.04140664, 0.0030833636, 0.95551]",,,,,,,,,,,,,,,,,,,,,,,,,,,,,,,,,,,,,,,,,,,,,,neutral
100.0,100.0,86.0,0.7,neutral,Ein kleiner aber wichtiger Schritt in die richtige Richtung: Der Nationalrat stimmt f√ºr die Abgabe von Cannabis zu medizinischen Zwecken. Enttabuisierung von Cannabis auch im #parlCH. N√§chster Schritt nach Bewilligung Pilotversuch - hoffentlich bald kontrollierte Legalisierung!,klein wichtig schritt richtige richtung nationalrat stimmen abgabe cannabis medizinisch zwecken enttabuisierung cannabis parlch n√§chst schritt bewilligung pilotversuch hoffentlich bald kontrollieren legalisierung,"{'Ein': 0.04, 'kleiner': 0, 'aber': 0.04, 'wichtiger': 0.06, 'Schritt': 0.05, 'in': 0.04, 'die': 0.14, 'richtige': 0.04, 'Richtung': 0.06, 'Der': 0.14, 'Nationalrat': 0.11, 'stimmt': 0.04, 'f√ºr': 0.76, 'Abgabe': 0, 'von': 0, 'Cannabis': 0.42, 'zu': 0, 'medizinischen': 0.32, 'Zwecken': 0.21, 'Enttabuisierung': 0.04, 'auch': 0.04, 'im': 0, 'parlCH': 0.11, 'N√§chster': 0, 'nach': 0.01, 'Bewilligung': 0, 'Pilotversuch': 0.125, 'hoffentlich': 0.04, 'bald': 0, 'kontrollierte': 0.07, 'Legalisierung': 0.29}",positive,"[0.44747767, 0.016349548, 0.5361728]",,,,,,,,,,,,,,,,,,,,,,,,,,,,,,,,,,,,,,,,,,,,,,positive
50.0,75.0,57.0,0.0,neutral,"Der Nationalrat gibt gr√ºnes Licht f√ºr Pilotversuche legaler Cannabisabgaben in St√§dten (113:81). Auch wenn nur eine kontrollierte, komplette Liberalisierung das Problem mit dem Schwarzmarkt und fehlender Pr√§vention l√∂sen kann, ist es ein Schritt in die richtige Richtung. #parlCH",nationalrat geben gr√ºn licht pilotversuche legal cannabisabgaben st√§dten kontrollieren komplette liberalisierung problem schwarzmarkt fehlend pr√§vention l√∂sen schritt richtige richtung parlch,"{'Der': 0.02, 'Nationalrat': 0.05, 'gibt': 0, 'gr√ºnes': 0.06, 'Licht': 0.04, 'f√ºr': 0.04, 'Pilotversuche': 0.08, 'legaler': 1.0, 'Cannabisabgaben': 1.0, 'in': 0.01, 'St√§dten': 0.04, '113:81': 0, 'Auch': 0, 'wenn': 0.01, 'nur': 0.01, 'eine': 0, 'kontrollierte': 0.02, 'komplette': 0.01, 'Liberalisierung': 0.05, 'das': 0, 'Problem': 0.02, 'mit': 0.01, 'dem': 0.02, 'Schwarzmarkt': 0.05, 'und': 0.01, 'fehlender': 0, 'Pr√§vention': 0.02, 'l√∂sen': 0.01, 'kann': 0.01, 'ist': 0.01, 'es': 0.01, 'ein': 0, 'Schritt': 0.01, 'die': 0.02, 'richtige': 0.01, 'Richtung': 0.01, 'parlCH': 0.04}",positive,"[0.085705414, 0.015594743, 0.8986998]",,,,,,,,,,,,,,,,,,,,,,,,,,,,,,,,,,,,,,,,,,,,,,neutral
100.0,100.0,86.0,0.7,neutral,"#Cannabis-Pilotversuch: Eine hohe Qualit√§t kann sichergestellt werden und der Schwarzmarkt wird eliminiert. Die Pr√§vention wird vereinfacht, indem der Konsum nicht versteckt erfolgt. F√ºr die Landwirtschaft schafft es zudem einen neuen Markt.

https://t.co/55IvFvdbTQ",cannabis pilotversuch hoch qualit√§t sicherstellen schwarzmarkt eliminieren pr√§vention vereinfachen konsum verstecken erfolgen landwirtschaft schaffen zudem neu markt,"{'Cannabis-Pilotversuch': 0.76, 'Eine': 0, 'hohe': 0, 'Qualit√§t': 0.4, 'kann': 0.08, 'sichergestellt': 0.14, 'werden': 0, 'und': 0.18, 'der': 0.2, 'Schwarzmarkt': 0.22, 'wird': 0, 'eliminiert': 0.19, 'Die': 0.2, 'Pr√§vention': 0.11, 'vereinfacht': 0.07, 'indem': 0, 'Konsum': 0.19, 'nicht': 0.02, 'versteckt': 0.08, 'erfolgt': 0, 'F√ºr': 0.06, 'die': 0.2, 'Landwirtschaft': 0.34, 'schafft': 0.06, 'es': 0.03, 'zudem': 0, 'einen': 0.05, 'neuen': 0.08, 'Markt': 0.22}",positive,"[0.33799785, 0.11040653, 0.5515956]",,,,,,,,,,,,,,,,,,,,,,,,,,,,,,,,,,,,,,,,,,,"{'Cannabis-Pilotversuch': 0.135, 'Eine': 0, 'hohe': 0, 'Qualit√§t': 0.14, 'kann': 0.09, 'sichergestellt': 0.12, 'werden': 0, 'und': 0.06, 'der': 0.08, 'Schwarzmarkt': 0.385, 'wird': 0, 'eliminiert': 0.22, 'Die': 0.08, 'Pr√§vention': 0.18, 'vereinfacht': 0.29, 'indem': 0, 'Konsum': 0.79, 'nicht': 0.28, 'versteckt': 0.37, 'erfolgt': 0, 'F√ºr': 0.58, 'die': 0.08, 'Landwirtschaft': 0.58, 'schafft': 1.0, 'es': 0.19, 'zudem': 0, 'einen': 0.4, 'neuen': 1.0, 'Markt': 0.68}",positive,"[0.081989355, 0.00936233, 0.90864825]",positive
100.0,100.0,100.0,0.85,neutral,Ein wichtiger Entscheid f√ºr eine vern√ºnftige Drogenpolitik. Eine Mehrheit des Nationalrates will auf wissenschaftlich begleitete Pilotversuche f√ºr kontrollierte Cannabis-Abgaben in St√§dten eintreten. üëç,wichtig entscheid vern√ºnftig drogenpolitik mehrheit nationalrates wissenschaftlich begleiten pilotversuche kontrollieren cannabis abgaben st√§dten eintreten,"{'Ein': 0.03, 'wichtiger': 0.02, 'Entscheid': 0.02, 'f√ºr': 0.39, 'eine': 0, 'vern√ºnftige': 0.06, 'Drogenpolitik': 0.1, 'Eine': 0, 'Mehrheit': 0.01, 'des': 0, 'Nationalrates': 0.04, 'will': 0, 'auf': 0, 'wissenschaftlich': 0, 'begleitete': 0, 'Pilotversuche': 0.17, 'kontrollierte': 1.0, 'Cannabis-Abgaben': 1.0, 'in': 0.11, 'St√§dten': 0.12, 'eintreten': 0}",positive,"[0.46972716, 0.02651267, 0.50376016]",,,,,,,,,,,,,,,,,,,,,,,,,,,,,,,,,,,,,,,,,,,,,,positive
100.0,100.0,86.0,0.7,neutral,"RT @ChristianLuedi: Schon gew√§hlt?
Ich w√§hle am 20. Oktober Andri Silberschmidt in den Nationalrat.
#z√§memitDir legalisieren wir Cannabis.‚Ä¶",schon w√§hlen w√§hlen oktober andri silberschmidt nationalrat z√§memitdir legalisieren cannabis,"{'Schon': 0, 'gew√§hlt': 0, 'Ich': 0.02, 'w√§hle': 0, 'am': 0, '20.': 0, 'Oktober': 0.03, 'Andri': 0.03, 'Silberschmidt': 0.1, 'in': 0, 'den': 0.03, 'Nationalrat': 0.05500000000000001, 'z√§memitDir': 0, 'legalisieren': 1.0, 'wir': 0, 'Cannabis': 0.53, '‚Ä¶': 0}",neutral,"[0.6704055, 0.0069775954, 0.32261688]",,,,,,,,,,,,,,,,,,,,,,,,,,,,,,,,,,,,,,,,,,,,,,positive
100.0,100.0,86.0,0.7,neutral,"RT @strategiedialog: #Rentenalter erh√∂hen oder #AHV ausbauen? 

Die Debatte um die Zukunft der #Altersvorsorge ist in vollem Gange, der #Di‚Ä¶",rentenalter erh√∂hen ahv ausbauen debatte zukunft altersvorsorge voll gange di,,,,"{'Rentenalter': 0.445, 'erh√∂hen': 0, 'oder': 0.8, 'AHV': 0.2, 'ausbauen': 0, 'Die': 0.08, 'Debatte': 0.22, 'um': 0, 'die': 0.08, 'Zukunft': 0.13, 'der': 0.08, 'Altersvorsorge': 0.42000000000000004, 'ist': 0.08, 'in': 0.06, 'vollem': 0.05, 'Gange': 0, 'Di': 0.07, '‚Ä¶': 0}",positive,"[0.15112983, 0.05154118, 0.79732907]",,,,,,,,,,,,,,,,,,,,,,,,,,,,,,,,,,,,,,,,,,,positive
50.0,75.0,57.0,0.0,neutral,@mediabeobachter @RentenVI Es gibt sehr viele √∂konomischen Argumente f√ºr die Erh√∂hung des Rentenalters https://t.co/3S2MoJ9RJK,geben √∂konomisch argumente erh√∂hung rentenalters,,,,"{'Es': 0, 'gibt': 0.13, 'sehr': 0, 'viele': 0, '√∂konomischen': 0.25, 'Argumente': 0.88, 'f√ºr': 0, 'die': 0.48, 'Erh√∂hung': 0, 'des': 0, 'Rentenalters': 0.765}",positive,"[0.19307621, 0.09121298, 0.7157109]",,,,,,,,,,,,,,,,,,,,,,,,,,,,,,,,,,,,,,,,,,,neutral
0.0,0.0,0.0,-1.0,neutral,"In den kommenden 25 Jahren fehlen 190 Milliarden CHF in der #AHV - gem√§ss #BSV. Und da bek√§mpfen Gr√ºne und Gewerkschaften die Angleichung des Rentenalters. V√∂llig unglaubw√ºrdig, in anderen Bereichen noch von nachhaltiger Politik zu sprechen. Es braucht die @RentenVI.",kommend jahren fehlen milliarden chf ahv gem√§ss bsv bek√§mpfen gr√ºne gewerkschaften angleichung rentenalters v√∂llig unglaubw√ºrdig bereichen nachhaltig politik sprechen brauchen,,,,"{'In': 0.06, 'den': 0.13, 'kommenden': 0, '25': 0, 'Jahren': 0.05, 'fehlen': 0, '190': 0, 'Milliarden': 0, 'CHF': 0.05, 'in': 0.06, 'der': 0.13, 'AHV': 0.05, 'gem√§ss': 0.06, 'BSV': 0.09, 'Und': 0.17, 'da': 0, 'bek√§mpfen': 0, 'Gr√ºne': 0, 'und': 0.17, 'Gewerkschaften': 0.47, 'die': 0.13, 'Angleichung': 0, 'des': 0.05, 'Rentenalters': 0.6599999999999999, 'V√∂llig': 0, 'unglaubw√ºrdig': 0, 'anderen': 0, 'Bereichen': 0.1, 'noch': 0, 'von': 0.05, 'nachhaltiger': 0.13, 'Politik': 0, 'zu': 0.06, 'sprechen': 0.065, 'Es': 0.04, 'braucht': 0}",positive,"[0.37648943, 0.07871276, 0.5447978]",,,,,,,,,,,,,,,,,,,,,,,,,,,,,,,,,,,,,,,,,,,negative
0.0,0.0,0.0,-1.0,neutral,"Die Angleichung des Rentenalters ergibt Sinn #AHV21. Die langfristigen Herausforderungen in der Finanzierung der AHV bleiben aber ungel√∂st, weshalb es zwingend die @RentenVI braucht. @FuW_News https://t.co/aQbUUgeL3M",angleichung rentenalters ergeben sinn ahv21 langfristig herausforderungen finanzierung ahv bleiben ungel√∂st weshalb zwingen brauchen,,,,"{'Die': 0.08, 'Angleichung': 0, 'des': 0, 'Rentenalters': 0.765, 'ergibt': 0, 'Sinn': 0, 'AHV21.': 0, 'langfristigen': 0, 'Herausforderungen': 0.35, 'in': 0.06, 'der': 0.08, 'Finanzierung': 0.55, 'AHV': 0.11, 'bleiben': 0.07, 'aber': 0, 'ungel√∂st': 0.17, 'weshalb': 0, 'es': 0.05, 'zwingend': 0, 'die': 0.08, 'braucht': 0}",positive,"[0.15035309, 0.031050865, 0.81859607]",,,,,,,,,,,,,,,,,,,,,,,,,,,,,,,,,,,,,,,,,,,negative
0.0,0.0,14.0,-0.7,neutral,"@retolipp Ein Kompromiss w√§re, ausgehend vom kumulierten Defizit vor #STAF (190 Mrd. CHF bis 2045) Sanierungsmassnahmen je zur H√§lfte einnahmen- und ausgabenseitig zu beschliessen. Also ein Mix aus Rentenalter (inkl. Anreize, l√§nger zu arbeiten) und Steuern.",kompromiss ausgehen kumulieren defizit staf mrd chf sanierungsmassnahmen je h√§lfte einnahmen ausgabenseitig beschliessen mix rentenalter inkl anreize lang arbeiten steuern,,,,"{'Ein': 0.42, 'Kompromiss': 0.19, 'w√§re': 0.05, 'ausgehend': 0, 'vom': 0.04, 'kumulierten': 0, 'Defizit': 0.06, 'vor': 0.04, 'STAF': 0, '190': 0, 'Mrd.': 0.06, 'CHF': 0.08, 'bis': 0, '2045': 0, 'Sanierungsmassnahmen': 0.1, 'je': 0, 'zur': 0.08, 'H√§lfte': 0.09, 'einnahmen-': 0, 'und': 0.64, 'ausgabenseitig': 0.05, 'zu': 0.12, 'beschliessen': 0.04, 'Also': 0, 'ein': 0, 'Mix': 1.0, 'aus': 0, 'Rentenalter': 0.875, 'inkl.': 0, 'Anreize': 0.21, 'l√§nger': 0.07, 'arbeiten': 0.07, 'Steuern': 0}",neutral,"[0.97733307, 0.0068627438, 0.015804222]",,,,,,,,,,,,,,,,,,,,,,,,,,,,,,,,,,,,,,,,,,,negative
50.0,75.0,57.0,0.0,neutral,"RT @RentenVI: Wissenschaftler stellen fest: Schweiz ist bereit f√ºr ein h√∂heres Rentenalter: https://t.co/dyiTl5EgBy

#Renteninitiative unte‚Ä¶",wissenschaftler stellen fest schweiz bereiten hoch rentenalter renteninitiative unte,,,,"{'Wissenschaftler': 0, 'stellen': 0, 'fest': 0, 'Schweiz': 0.15, 'ist': 0.09, 'bereit': 0.35, 'f√ºr': 0.49, 'ein': 0, 'h√∂heres': 1.0, 'Rentenalter': 1.0, 'Renteninitiative': 0.135, 'unte': 0, '‚Ä¶': 0}",positive,"[0.18086688, 0.019494535, 0.7996385]",,,,,,,,,,,,,,,,,,,,,,,,,,,,,,,,,,,,,,,,,,,neutral
100.0,100.0,86.0,0.7,neutral,"Die¬†Rezession trifft die Altersvorsorge besonders hart: Ihr entgehen Lohnbeitr√§ge und Steuereinnahmen in Milliardenh√∂he. Damit k√∂nnte auch das Tabu eines h√∂heren Rentenalters fallen.

https://t.co/iw2Z7lB3e9 https://t.co/fHoaNbkWcQ",rezession treffen altersvorsorge besonders hart entgehen lohnbeitr√§ge steuereinnahmen milliardenh√∂he tabu hoch rentenalters fallen,,,,"{'Die': 0.25, 'Rezession': 0.14, 'trifft': 0, 'die': 0.25, 'Altersvorsorge': 0.48000000000000004, 'besonders': 0, 'hart': 0, 'Ihr': 0, 'entgehen': 0, 'Lohnbeitr√§ge': 0.05, 'und': 0.04, 'Steuereinnahmen': 0.16, 'in': 0.04, 'Milliardenh√∂he': 0.1, 'Damit': 0.04, 'k√∂nnte': 0.81, 'auch': 0.37, 'das': 0, 'Tabu': 0, 'eines': 0, 'h√∂heren': 0.21, 'Rentenalters': 0.605, 'fallen': 0}",positive,"[0.10114403, 0.27297154, 0.6258844]",,,,,,,,,,,,,,,,,,,,,,,,,,,,,,,,,,,,,,,,,,,positive
0.0,0.0,0.0,-1.0,neutral,"Ein Grund unter vielen ist die Rentenalterdiskriminierung; weil die Dauer der Arbeitst√§tigkeit bis zur Pensionierung immer k√ºrzer wird, was mit einer leichten Anhebung des Rentenalters entsch√§rft w√ºrde (+weil Arbeit &gt;65 in manchen Berufsgruppen massiv erschwert wird). https://t.co/8ZJugr2jUH",grund rentenalterdiskriminierung dauer arbeitst√§tigkeit pensionierung immer kurz leicht anhebung rentenalters entsch√§rfen arbeit gt manch berufsgruppen massiv erschweren,,,,"{'Ein': 0.02, 'Grund': 0, 'unter': 0, 'vielen': 0.09, 'ist': 0.02, 'die': 0.03, 'Rentenalterdiskriminierung': 0.52, 'weil': 0.02, 'Dauer': 0.06, 'der': 0.03, 'Arbeitst√§tigkeit': 0.05, 'bis': 0, 'zur': 0.035, 'Pensionierung': 0.04, 'immer': 0, 'k√ºrzer': 0.05, 'wird': 0, 'was': 0, 'mit': 0.03, 'einer': 0.08, 'leichten': 0, 'Anhebung': 0, 'des': 0, 'Rentenalters': 0.04, 'entsch√§rft': 0, 'w√ºrde': 0.04, 'Arbeit': 0.05, 'gt;65': 0, 'in': 0.02, 'manchen': 0.02, 'Berufsgruppen': 0.04, 'massiv': 0, 'erschwert': 0.04}",negative,"[0.012098325, 0.9668775, 0.021024138]",,,,,,,,,,,,,,,,,,,,,,,,,,,,,,,,,,,,,,,,,,,negative
100.0,100.0,86.0,0.7,neutral,"¬´Beim Thema Rentenalter und AHV bin ich sicher, dass jede Art von Vereinfachung ‚Äì und dazu geh√∂ren nun einmal Demonstrationen ‚Äì nichts zur Probleml√∂sung beitr√§gt und nur die bestehenden Gr√§ben vertieft¬ª

https://t.co/0eFWE3L9sW",beim thema rentenalter ahv sichern jed art vereinfachung geh√∂ren demonstrationen probleml√∂sung beitragen bestehend gr√§ben vertiefen,,,,"{'¬´': 0, 'Beim': 0, 'Thema': 0, 'Rentenalter': 0, 'und': 0, 'AHV': 0, 'bin': 0, 'ich': 0, 'sicher': 0, 'dass': 0, 'jede': 0, 'Art': 0, 'von': 0, 'Vereinfachung': 0, '‚Äì': 0, 'dazu': 0, 'geh√∂ren': 0, 'nun': 0, 'einmal': 0, 'Demonstrationen': 0, 'nichts': 0, 'zur': 0, 'Probleml√∂sung': 0, 'beitr√§gt': 0, 'nur': 0, 'die': 0, 'bestehenden': 0, 'Gr√§ben': 0, 'vertieft': 0, '¬ª': 0}",positive,"[0.42677587, 0.01617639, 0.5570478]",,,,,,,,,,,,,,,,,,,,,,,,,,,,,,,,,,,,,,,,,,,positive
100.0,100.0,86.0,0.7,neutral,RT @Jungfreisinnige: Im Jahr 2030 werden die meisten L√§nder ihr Rentenalter auf 66 oder noch h√∂her erh√∂ht haben. Die Schweiz bliebe die Aus‚Ä¶,jahr meist l√§nder rentenalter hoch erh√∂hen schweiz bleiben,,,,"{'Im': 0, 'Jahr': 0, '2030': 0, 'werden': 0.33, 'die': 0.08, 'meisten': 0.3, 'L√§nder': 0.48, 'ihr': 0, 'Rentenalter': 1.0, 'auf': 0, '66': 0, 'oder': 0.59, 'noch': 0, 'h√∂her': 0.16, 'erh√∂ht': 0, 'haben': 0.595, 'Die': 0.08, 'Schweiz': 0.2, 'bliebe': 0.14, 'Aus': 0, '‚Ä¶': 0}",neutral,"[0.64310473, 0.06641679, 0.29047847]",,,,,,,,,,,,,,,,,,,,,,,,,,,,,,,,,,,,,,,,,,,positive
100.0,100.0,100.0,1.0,neutral,"RT @tagesanzeiger: Ein guter Teil der √ºber 50-J√§hrigen ist definitiv bereit, √ºber das ordentliche Rentenalter hinaus zu arbeiten. https://t‚Ä¶",gut teil j√§hrig definitiv bereiten ordentliche rentenalter hinaus arbeiten,,,,"{'Ein': 0.04, 'guter': 0, 'Teil': 0, 'der': 0.54, '√ºber': 0.08, '50-J√§hrigen': 0.16, 'ist': 0, 'definitiv': 0, 'bereit': 0.13, 'das': 0, 'ordentliche': 0, 'Rentenalter': 0.94, 'hinaus': 0, 'zu': 0.11, 'arbeiten': 0.16}",positive,"[0.1872459, 0.011849601, 0.8009045]",,,,,,,,,,,,,,,,,,,,,,,,,,,,,,,,,,,,,,,,,,,positive
50.0,75.0,57.0,0.0999999999999999,neutral,"Je l√§nger wir leben, desto l√§nger sollen wir arbeiten. Rentenalter 66+, aber nat√ºrlich nicht f√ºr den Bauarbeiter, wo bereits heute eine Branchenl√∂sung gefunden wurde. Wenn wir einfach nichts tun, hat die AHV im 2035 kein Geld mehr, Renten zu bezahlen. https://t.co/2BFfyuStqf",je lang leben desto lang sollen arbeiten rentenalter nat√ºrlich bauarbeiter bereits heute branchenl√∂sung finden einfach tun ahv geld mehr renten bezahlen,,,,"{'Je': 0, 'l√§nger': 0.1, 'wir': 0, 'leben': 0, 'desto': 0.02, 'sollen': 0.05, 'arbeiten': 0.14, 'Rentenalter': 1.0, '66': 0, 'aber': 0.14, 'nat√ºrlich': 0, 'nicht': 0.1, 'f√ºr': 0.06, 'den': 0.03, 'Bauarbeiter': 0.07, 'wo': 0.01, 'bereits': 0.02, 'heute': 0.02, 'eine': 0, 'Branchenl√∂sung': 0.04, 'gefunden': 0.02, 'wurde': 0, 'Wenn': 0, 'einfach': 0, 'nichts': 0.02, 'tun': 0.015, 'hat': 0, 'die': 0.03, 'AHV': 0.04, 'im': 0, '2035': 0, 'kein': 0.01, 'Geld': 0.02, 'mehr': 0.01, 'Renten': 0.04, 'zu': 0.02, 'bezahlen': 0.02}",positive,"[0.44145858, 0.04304374, 0.51549774]",,,,,,,,,,,,,,,,,,,,,,,,,,,,,,,,,,,,,,,,,,,neutral
50.0,75.0,57.0,0.0,neutral,"RT @jfsolothurn: Unsere nationale #Renteninitiative ist lanciert.
Rentenalter 66 f√ºr beide Geschlechter und Bindung desselben an die Lebens‚Ä¶",national renteninitiative lanciert rentenalter beid geschlechter bindung lebens,,,,"{'Unsere': 0.04, 'nationale': 0.03, 'Renteninitiative': 0.055, 'ist': 0, 'lanciert': 0.09, 'Rentenalter': 0.215, '66': 0, 'f√ºr': 0.68, 'beide': 0.3, 'Geschlechter': 0, 'und': 1.0, 'Bindung': 0, 'desselben': 0, 'an': 0, 'die': 0, 'Lebens': 0.27, '‚Ä¶': 0}",positive,"[0.020231243, 0.002597546, 0.9771712]",,,,,,,,,,,,,,,,,,,,,,,,,,,,,,,,,,,,,,,,,,,neutral
50.0,75.0,57.0,0.0,neutral,RT @FDP_Liberalen: Die Diskussion √ºbers #Rentenalter darf kein Tabu sein - die @spschweiz ist realit√§tsfern. Die Volksinitiative der @Jungf‚Ä¶,diskussion √ºbers rentenalter d√ºrfen tabu realit√§tsfern volksinitiative,,,,"{'Die': 0.12, 'Diskussion': 0.49, '√ºbers': 0, 'Rentenalter': 0.905, 'darf': 0, 'kein': 0, 'Tabu': 0, 'sein': 0, 'die': 0.12, 'ist': 0, 'realit√§tsfern': 0.44, 'Volksinitiative': 0.195, 'der': 0.12, '‚Ä¶': 0}",positive,"[0.16071719, 0.015510595, 0.8237722]",,,,,,,,,,,,,,,,,,,,,,,,,,,,,,,,,,,,,,,,,,,neutral
50.0,75.0,57.0,0.0,neutral,RT @NilsMatter: Rentenalter 66 f√ºr Alle #AHV #z√§memitDir @andrisilbi_ https://t.co/tutdk5DS2j,rentenalter all ahv z√§memitdir,,,,"{'Rentenalter': 0.835, '66': 0, 'f√ºr': 0.59, 'Alle': 0, 'AHV': 0.23, 'z√§memitDir': 0}",positive,"[0.17259482, 0.009350278, 0.81805485]",,,,,,,,,,,,,,,,,,,,,,,,,,,,,,,,,,,,,,,,,,,neutral
100.0,100.0,100.0,1.0,neutral,RT @rudolf_mohler: ‚ÄûDie VI der @Jungfreisinnige|n f√ºr eine schrittweise Erh√∂hung des Rentenalters ist ein echter L√∂sungsansatz. Unvermeidli‚Ä¶,vi n schrittweise erh√∂hung rentenalters echt l√∂sungsansatz unvermeidli,,,,"{'‚Äû': 0, 'Die': 0, 'VI': 0, 'der': 0, '|n': 0, 'f√ºr': 0, 'eine': 0, 'schrittweise': 0, 'Erh√∂hung': 0, 'des': 0, 'Rentenalters': 0, 'ist': 0, 'ein': 0, 'echter': 0, 'L√∂sungsansatz': 0, 'Unvermeidli': 0, '‚Ä¶': 0}",positive,"[0.031039068, 0.014238754, 0.95472217]",,,,,,,,,,,,,,,,,,,,,,,,,,,,,,,,,,,,,,,,,,,positive
50.0,25.0,28.0,-0.15,neutral,"@salegen @SandroBrotz @Jungfreisinnige Spannend, mir wird ab und zu auch das Gegenteil vorgeworfen. Zur AHV: Eine Erh√∂hung des Rentenalters st√§rkt die AHV, da die Beitragsjahre zunehmen und die Finanzierung gesichert wird.",spannen ab gegenteil vorwerfen ahv erh√∂hung rentenalters st√§rken ahv beitragsjahre zunehmen finanzierung sichern,,,,"{'Spannend': 0.11, 'mir': 0, 'wird': 0, 'ab': 0, 'und': 0.09, 'zu': 0.02, 'auch': 0, 'das': 0, 'Gegenteil': 0.07, 'vorgeworfen': 0.12, 'Zur': 0.04, 'AHV': 0.3, 'Eine': 0, 'Erh√∂hung': 0.1, 'des': 0.03, 'Rentenalters': 0.33, 'st√§rkt': 1.0, 'die': 0.06, 'da': 0, 'Beitragsjahre': 0.09, 'zunehmen': 0, 'Finanzierung': 0.19, 'gesichert': 0.12}",positive,"[0.064365044, 0.117712535, 0.8179224]",,,,,,,,,,,,,,,,,,,,,,,,,,,,,,,,,,,,,,,,,,,neutral
50.0,75.0,71.0,0.15,neutral,"@Anuril @LuciaDoebeli Unser VI will im Jahr 2032 das Rentenalter 66/66. Ich bin zuversichtlich, dass wir bis dahin das Problem der Beitragss√§tze politisch gel√∂st und zus√§tzliche Massnahme z.B. im Bereich der Weiterbildung ergriffen haben. Das eine tun, das andere nicht lassen.",vi jahr rentenalter zuversichtlich dahin problem beitragss√§tze politisch l√∂sen zus√§tzliche massnahme z b bereich weiterbildung ergreifen tun lassen,,,,"{'Unser': 0.14, 'VI': 0.03, 'will': 0.04, 'im': 0, 'Jahr': 0, '2032': 0, 'das': 0.04, 'Rentenalter': 0.52, '66': 0, '66.': 0, 'Ich': 0.04, 'bin': 0, 'zuversichtlich': 0, 'dass': 0.04, 'wir': 0, 'bis': 0, 'dahin': 0, 'Problem': 0.1, 'der': 0.02, 'Beitragss√§tze': 0.035, 'politisch': 0.02, 'gel√∂st': 0, 'und': 0.02, 'zus√§tzliche': 0.04, 'Massnahme': 0, 'z.B.': 0, 'Bereich': 0.02, 'Weiterbildung': 0, 'ergriffen': 0, 'haben': 0.03, 'Das': 0.02, 'eine': 0.02, 'tun': 0.03, 'andere': 0, 'nicht': 0, 'lassen': 0}",positive,"[0.045224667, 0.007814532, 0.9469608]",,,,,,,,,,,,,,,,,,,,,,,,,,,,,,,,,,,,,,,,,,,neutral
100.0,100.0,86.0,0.7,neutral,"RT @LuciaDoebeli: ¬´Man tut so, als ob die Leute nicht w√ºssten, dass es ein h√∂heres #Rentenalter braucht. Wir glauben, dass die meisten Stim‚Ä¶",tun leute w√ºssten hoch rentenalter brauchen glauben meist stim,,,,"{'¬´': 0, 'Man': 0, 'tut': 0, 'so': 0, 'als': 0, 'ob': 0, 'die': 0, 'Leute': 0, 'nicht': 0, 'w√ºssten': 0, 'dass': 0, 'es': 0, 'ein': 0, 'h√∂heres': 0, 'Rentenalter': 0, 'braucht': 0, 'Wir': 0, 'glauben': 0, 'meisten': 0, 'Stim': 0, '‚Ä¶': 0}",neutral,"[0.72220236, 0.2030491, 0.074748546]",,,,,,,,,,,,,,,,,,,,,,,,,,,,,,,,,,,,,,,,,,,positive
100.0,100.0,86.0,0.7,neutral,"RT @jobstwagner: Dank der Initiative der @Jungfreisinnige: Endlich Klarheit schaffen zum unumg√§nglich h√∂heren Rentenalter. Auch hier, wie b‚Ä¶",danken initiative endlich klarheit schaffen unumg√§nglich hoch rentenalter b,,,,"{'Dank': 0.125, 'der': 0.28, 'Initiative': 0.13, 'Endlich': 0.24, 'Klarheit': 0.25, 'schaffen': 0, 'zum': 0.17500000000000002, 'unumg√§nglich': 1.0, 'h√∂heren': 1.0, 'Rentenalter': 0.9199999999999999, 'Auch': 0, 'hier': 0.08, 'wie': 0.1, 'b': 0.06, '‚Ä¶': 0}",positive,"[0.018259834, 0.017835703, 0.96390444]",,,,,,,,,,,,,,,,,,,,,,,,,,,,,,,,,,,,,,,,,,,positive
100.0,100.0,100.0,1.0,neutral,"Danke, liebe @Jungfreisinnige, f√ºr euer Rentenalter 66 https://t.co/5OygXjO72o 

Wir sind auf dem richtigen Weg... Mit unserer #Renteninitiative l√∂sen wir das strukturelle Defizit in der #AHV und st√§rken das 3-S√§ule-System üëçüèº

(NB: ist RA 66 bis 2032 wirklich radikal?üò≥)",danke lieb rentenalter richtig renteninitiative l√∂sen strukturell defizit ahv st√§rken s√§ule system nb ra wirklich radikal,,,,"{'Danke': 0.635, 'liebe': 0, 'f√ºr': 1.0, 'euer': 0.99, 'Rentenalter': 0.515, '66': 0, 'Wir': 0.03, 'sind': 0.07, 'auf': 0.11, 'dem': 0.02, 'richtigen': 0.26, 'Weg': 0, '...': 0, 'Mit': 0.07, 'unserer': 0.03, 'Renteninitiative': 0, 'l√∂sen': 0, 'wir': 0, 'das': 0, 'strukturelle': 0.02, 'Defizit': 0.03, 'in': 0.02, 'der': 0.02, 'AHV': 0.02, 'und': 0.04, 'st√§rken': 0, '3-S√§ule-System': 0.04, 'NB': 0.02, 'ist': 0.06, 'RA': 0, 'bis': 0, '2032': 0, 'wirklich': 0.03, 'radikal': 0.04}",positive,"[0.0021633902, 0.003921915, 0.99391466]",,,,,,,,,,,,,,,,,,,,,,,,,,,,,,,,,,,,,,,,,,,positive
100.0,100.0,86.0,0.7,neutral,RT @SandroBrotz: Ich hab da noch eine Frage zum Rentenalter: Erh√∂hen oder nicht? #srfarena,fragen rentenalter erh√∂hen srfarena,,,,"{'Ich': 0.29, 'hab': 0.76, 'da': 0, 'noch': 0, 'eine': 0.52, 'Frage': 0, 'zum': 0.37, 'Rentenalter': 0.22499999999999998, 'Erh√∂hen': 0, 'oder': 0.18, 'nicht': 0.15, 'srfarena': 0.3}",neutral,"[0.8343099, 0.14263111, 0.023058986]",,,,,,,,,,,,,,,,,,,,,,,,,,,,,,,,,,,,,,,,,,,positive
50.0,75.0,57.0,0.0,neutral,Wieso Rentenalter 66/66 und Anbindung an die Lebenserwartungen? Antworten in der #srfarena:  https://t.co/7bu6oPQ44V #AHV21 #Renteninitiative #AHV @Jungfreisinnige @FDP_Liberalen https://t.co/7jSQc9IZCz,wieso rentenalter anbindung lebenserwartungen antworten srfarena ahv21 renteninitiative ahv,,,,"{'Wieso': 0, 'Rentenalter': 0.385, '66': 0, 'und': 0.26, 'Anbindung': 0.25, 'an': 0, 'die': 0.05, 'Lebenserwartungen': 0.03, 'Antworten': 0, 'in': 0.05, 'der': 0.05, 'srfarena': 0.07, 'AHV21': 0.06, 'Renteninitiative': 0, 'AHV': 0.06}",negative,"[0.42826495, 0.4710993, 0.10063572]",,,,,,,,,,,,,,,,,,,,,,,,,,,,,,,,,,,,,,,,,,,neutral
50.0,75.0,57.0,0.0,neutral,"Wenn Lampart ""dem Saal"" die Variante gibt 1) mehr Lohnprozente oder 2) Rentenalter 66/66 dann ist das keine ehrliche Auswahl. Denn mit mehr Lohnprozenten ist das Problem nicht nachhaltig gel√∂st - unverantwortlich. #srfarena",lampart saal variante geben mehr lohnprozente rentenalter ehrlich auswahl mehr lohnprozenten problem nachhaltig l√∂sen unverantwortlich srfarena,,,,"{'Wenn': 0, 'Lampart': 0.05, 'dem': 0.02, 'Saal': 0, 'die': 0.02, 'Variante': 0, 'gibt': 0, '1': 0, 'mehr': 0.02, 'Lohnprozente': 0.07500000000000001, 'oder': 0.16, '2': 0, 'Rentenalter': 1.0, '66': 0, 'dann': 0.1, 'ist': 0.01, 'das': 0, 'keine': 0, 'ehrliche': 0.04, 'Auswahl': 0, 'Denn': 0.1, 'mit': 0.02, 'Lohnprozenten': 0.07500000000000001, 'Problem': 0.04, 'nicht': 0.01, 'nachhaltig': 0, 'gel√∂st': 0.02, 'unverantwortlich': 0.08, 'srfarena': 0.06}",neutral,"[0.8589166, 0.03251732, 0.10856611]",,,,,,,,,,,,,,,,,,,,,,,,,,,,,,,,,,,,,,,,,,,neutral
50.0,75.0,57.0,0.0,neutral,"Mit einer neuen (Kapitalgewinn-)Steuer wird das strukturelle (!) Problem in der #AHV nicht gel√∂st - man f√ºhrt damit neue Probleme ein, z.B. werden Investitionen in Start-Ups gehemmt. Deshalb: Rentenalter anpacken! #srfarena",neu kapitalgewinn steuer strukturell problem ahv l√∂sen f√ºhren neue probleme z b investitionen start ups hemmen deshalb rentenalter anpacken srfarena,,,,"{'Mit': 0, 'einer': 0, 'neuen': 0.09, 'Kapitalgewinn-)Steuer': 0.0625, 'wird': 0, 'das': 0, 'strukturelle': 0.03, 'Problem': 0.29, 'in': 0.06, 'der': 0.47, 'AHV': 0.05, 'nicht': 0.05, 'gel√∂st': 0, 'man': 0, 'f√ºhrt': 0, 'damit': 0.06, 'neue': 0.09, 'Probleme': 0.16, 'ein': 0, 'z.B.': 0, 'werden': 0, 'Investitionen': 0.09, 'Start-Ups': 0, 'gehemmt': 0.23, 'Deshalb': 0.32, 'Rentenalter': 0.675, 'anpacken': 1.0, 'srfarena': 0.26}",positive,"[0.010390442, 0.0023147173, 0.98729485]",,,,,,,,,,,,,,,,,,,,,,,,,,,,,,,,,,,,,,,,,,,neutral
100.0,100.0,86.0,0.7,neutral,RT @EliasMaier: Rentenalter 66/66 w√ºrde das wichtige Sozialwerk #AHV wieder einigermassen ins Lot bringen - es fehlen 60 Mrd. CHF. Mit lauf‚Ä¶,rentenalter wichtig sozialwerk ahv einigermassen lot bringen fehlen mrd chf lauf,,,,"{'Rentenalter': 1.0, '66': 0, 'w√ºrde': 0.27, 'das': 0, 'wichtige': 0.04, 'Sozialwerk': 0.03, 'AHV': 0.04, 'wieder': 0, 'einigermassen': 0, 'ins': 0, 'Lot': 0, 'bringen': 0.13, 'es': 0.02, 'fehlen': 0, '60': 0, 'Mrd.': 0.05, 'CHF': 0.03, 'Mit': 0.02, 'lauf': 0.05, '‚Ä¶': 0}",positive,"[0.40550247, 0.06933005, 0.5251675]",,,,,,,,,,,,,,,,,,,,,,,,,,,,,,,,,,,,,,,,,,,positive
100.0,100.0,100.0,1.0,neutral,"RT @NicolasJutzet: ¬´Der Vorschlag des Jungfreisinns ist richtig¬ª, sagt Alt-Bundesrat Pascal Couchepin ü§ù

Wir fordern dass das Rentenalter s‚Ä¶",vorschlag jungfreisinns richtig sagen alt bundesrat pascal couchepin fordern rentenalter s,,,,"{'¬´': 0, 'Der': 0, 'Vorschlag': 0, 'des': 0, 'Jungfreisinns': 0, 'ist': 0, 'richtig': 0, '¬ª': 0, 'sagt': 0, 'Alt-Bundesrat': 0, 'Pascal': 0, 'Couchepin': 0, 'ü§ù': 0, 'Wir': 0, 'fordern': 0, 'dass': 0, 'das': 0, 'Rentenalter': 0, 's': 0, '‚Ä¶': 0}",neutral,"[0.9676188, 0.020778896, 0.0116023095]",,,,,,,,,,,,,,,,,,,,,,,,,,,,,,,,,,,,,,,,,,,positive
50.0,75.0,57.0,0.0,neutral,"RT @Moneycab: Andri Silberschmidt, Pr√§sident der Jungfreisinnigen, zur AHV-Sanierung &amp; Rentenalter 66. ""Wir waren stets der Ansicht, dass m‚Ä¶",andri silberschmidt pr√§sident jungfreisinnigen ahv sanierung amp rentenalter stets ansicht m,,,,"{'Andri': 0.05, 'Silberschmidt': 0.08, 'Pr√§sident': 0.05, 'der': 0.02, 'Jungfreisinnigen': 0.025, 'zur': 0.02, 'AHV-Sanierung': 0.03, 'amp': 0.02, 'Rentenalter': 0.225, '66.': 0, 'Wir': 0.13, 'waren': 0, 'stets': 0.29, 'Ansicht': 0, 'dass': 1.0, 'm': 0.42, '‚Ä¶': 0}",neutral,"[0.5572673, 0.017964918, 0.42476782]",,,,,,,,,,,,,,,,,,,,,,,,,,,,,,,,,,,,,,,,,,,neutral
25.0,25.0,28.0,-0.35,neutral,"Die Gespr√§chsverweigerung √ºber das Tabuthema #Rentenalter, ja sogar die fehlende Bereitschaft an einer gemeinsamen L√∂sungsfindung, wird zum Boomerang, nicht nur f√ºr die linken Akteure, sondern auch f√ºr die AHV. Immer mehr Menschen werden &gt;100, Rentenalter f√ºr immer 65?",gespr√§chsverweigerung tabuthema rentenalter ja sogar fehlend bereitschaft gemeinsam l√∂sungsfindung boomerang link akteure ahv immer mehr menschen gt rentenalter immer,,,,"{'Die': 0.05, 'Gespr√§chsverweigerung': 0.05499999999999999, '√ºber': 0, 'das': 0, 'Tabuthema': 0.05, 'Rentenalter': 0.245, 'ja': 0.12, 'sogar': 0.11, 'die': 0.05, 'fehlende': 0, 'Bereitschaft': 0, 'an': 0, 'einer': 0, 'gemeinsamen': 0.02, 'L√∂sungsfindung': 0.04, 'wird': 0, 'zum': 0.035, 'Boomerang': 0.07, 'nicht': 0.05, 'nur': 0.09, 'f√ºr': 0.04, 'linken': 0.02, 'Akteure': 0.03, 'sondern': 0.07, 'auch': 0.08, 'AHV': 0.08, 'Immer': 0, 'mehr': 0.1, 'Menschen': 0.11, 'werden': 0, 'gt;100': 0, 'immer': 0, '65': 0}",neutral,"[0.63363093, 0.12842844, 0.2379406]",,,,,,,,,,,,,,,,,,,,,,,,,,,,,,,,,,,,,,,,,,,negative
50.0,25.0,57.0,-0.12,negative,"Die Pl√§ne des Bundesrats bewirken ausser mehr Einnahmen nichts, die #AHV bleibt ein Fass ohne Boden. Und die Linken verweigern schon nur das Gespr√§ch √ºber ein h√∂heres #Rentenalter, das regt mich auf und ist v√∂llig unverantwortlich.#Renteninitiative jetzt!  https://t.co/MOEfWixE03",pl√§ne bundesrats bewirken ausser mehr einnahmen ahv bleiben fass boden link verweigern schon gespr√§ch hoch rentenalter regen v√∂llig unverantwortlich renteninitiative,,,,"{'Die': 0.05, 'Pl√§ne': 0.04, 'des': 0, 'Bundesrats': 0.08, 'bewirken': 0, 'ausser': 0, 'mehr': 0.05, 'Einnahmen': 0, 'nichts': 0.05, 'die': 0.05, 'AHV': 0.07, 'bleibt': 0.06, 'ein': 0, 'Fass': 0, 'ohne': 0, 'Boden': 0, 'Und': 0.05, 'Linken': 0.11, 'verweigern': 0.31, 'schon': 0, 'nur': 0, 'das': 0.18, 'Gespr√§ch': 0, '√ºber': 0, 'h√∂heres': 1.0, 'Rentenalter': 0.73, 'regt': 0, 'mich': 0.05, 'auf': 0, 'und': 0.05, 'ist': 0.06, 'v√∂llig': 0, 'unverantwortlich.#Renteninitiative': 0.1, 'jetzt': 0.06}",neutral,"[0.6048186, 0.14365369, 0.25152773]",,,,,,,,,,,,,,,,,,,,,,,,,,,,,,,,,,,,,,,,,,,neutral
100.0,100.0,100.0,1.0,negative,"RT @gaeggsnaase: @andrisilbi_ @sonntagszeitung @NZZaS Richtig, ohne Anpassung von Umwandlungssatz und Rentenalter werden die Renten gegen d‚Ä¶",richtig anpassung umwandlungssatz rentenalter renten d,,,,"{'Richtig': 0, 'ohne': 1.0, 'Anpassung': 0, 'von': 0, 'Umwandlungssatz': 0.46, 'und': 0.35, 'Rentenalter': 0.8200000000000001, 'werden': 0, 'die': 0.11, 'Renten': 0.26, 'gegen': 0.36, 'd': 0, '‚Ä¶': 0}",neutral,"[0.7804109, 0.054482058, 0.16510701]",,,,,,,,,,,,,,,,,,,,,,,,,,,,,,,,,,,,,,,,,,,positive
75.0,75.0,71.0,0.35,neutral,"‚ÄûDie Schweizer Politik darf die Debatte √ºber ein h√∂heres Rentenalter nicht l√§nger aufschieben. Sie sollte der Sicherung der AHV mehr Aufmerksamkeit schenken.‚Äú - ‚Å¶@tgafafer‚Å© 

Unsere VI zur strukturellen Reform ist in Vorbereitung üëçüèº

https://t.co/xzOecUeEhP",schweizer politik d√ºrfen debatte hoch rentenalter lang aufschieben sollen sicherung ahv mehr aufmerksamkeit schenken vi strukturell reform vorbereitung,,,,"{'‚Äû': 0, 'Die': 0, 'Schweizer': 0, 'Politik': 0, 'darf': 0, 'die': 0, 'Debatte': 0, '√ºber': 0, 'ein': 0, 'h√∂heres': 0, 'Rentenalter': 0, 'nicht': 0, 'l√§nger': 0, 'aufschieben': 0, 'Sie': 0, 'sollte': 0, 'der': 0, 'Sicherung': 0, 'AHV': 0, 'mehr': 0, 'Aufmerksamkeit': 0, 'schenken': 0, '‚Äú': 0, '\u2066\u2069': 0, 'Unsere': 0, 'VI': 0, 'zur': 0, 'strukturellen': 0, 'Reform': 0, 'ist': 0, 'in': 0, 'Vorbereitung': 0}",neutral,"[0.6780808, 0.031200714, 0.29071847]",,,,,,,,,,,,,,,,,,,,,,,,,,,,,,,,,,,,,,,,,,,positive
50.0,75.0,57.0,0.0,neutral,"Ein Vaterschaftsurlaub ist nicht zeitgem√§ss und zementiert ein veraltetes Rollenbild. Zielf√ºhrender w√§re eine Elternzeit, die beide Elternteile in die Verantwortung nimmt. Ein solches Modell w√ºrde den Anspr√ºchen der Gleichstellung gerecht werden &amp; erm√∂glicht neue Familienmodelle. https://t.co/xLTanFXytF",vaterschaftsurlaub zeitgem√§ss zementieren veraltet rollenbild zielf√ºhrender elternzeit beid elternteile verantwortung nehmen solch modell anspr√ºchen gleichstellung gerecht amp erm√∂glichen neue familienmodelle,,,,,,,"{'Ein': 0.04, 'Vaterschaftsurlaub': 0.26, 'ist': 0.23, 'nicht': 0.35, 'zeitgem√§ss': 0, 'und': 0.38, 'zementiert': 0, 'ein': 0, 'veraltetes': 0, 'Rollenbild': 0.31, 'Zielf√ºhrender': 0.04, 'w√§re': 0.03, 'eine': 0, 'Elternzeit': 0.145, 'die': 0.05, 'beide': 0.03, 'Elternteile': 0.09, 'in': 0, 'Verantwortung': 0, 'nimmt': 0, 'solches': 0.05, 'Modell': 0.08, 'w√ºrde': 0.03, 'den': 0.05, 'Anspr√ºchen': 0, 'der': 0.05, 'Gleichstellung': 0.08, 'gerecht': 0, 'werden': 0, 'amp': 0.07, 'erm√∂glicht': 0.09, 'neue': 0.07, 'Familienmodelle': 0.07}",negative,"[0.0019440645, 0.9690067, 0.029049145]",,,,,,,,,,,,,,,,,,,,,,,,,,,,,,,,,,,,,,,,neutral
100.0,100.0,100.0,1.0,neutral,"Freue mich auf die morgige Diskussion im #SonnTalk @JayBadran 

Grossveranstaltungen: N√∂tige Lockerung oder Startschuss f√ºr die zweite Welle?-Personenfreiz√ºgigkeit: Gefahr od Gewinn f√ºr den Wohlstand?-Vaterschaftsurlaub: Zeitgem√§sse Entwicklung oder Wegbereiter zum Sozialstaat? https://t.co/gkrwTUadUZ",freuen morgige diskussion sonntalk grossveranstaltungen n√∂tig lockerung startschuss zweite wellen personenfreiz√ºgigkeit gefahr od gewinn wohlstand vaterschaftsurlaub zeitgem√§sse entwicklung wegbereiter sozialstaat,,,,,,,"{'Freue': 0, 'mich': 0, 'auf': 0, 'die': 0.12, 'morgige': 0.02, 'Diskussion': 0.04, 'im': 0, 'SonnTalk': 0.07, 'Grossveranstaltungen': 0.04, 'N√∂tige': 0.04, 'Lockerung': 0, 'oder': 0.42, 'Startschuss': 0.02, 'f√ºr': 0.22, 'zweite': 0.03, 'Welle?-Personenfreiz√ºgigkeit': 0.035, 'Gefahr': 0.04, 'od': 0, 'Gewinn': 0, 'den': 0.12, 'Wohlstand?-Vaterschaftsurlaub': 0.4075, 'Zeitgem√§sse': 0.18, 'Entwicklung': 0.18, 'Wegbereiter': 0, 'zum': 0.075, 'Sozialstaat': 0.24000000000000002}",neutral,"[0.87508196, 0.07944143, 0.045476627]",,,,,,,,,,,,,,,,,,,,,,,,,,,,,,,,,,,,,,,,positive
50.0,25.0,57.0,-0.075,neutral,"Muss auch gesagt sein: Die Pensionskassen machen ihre Hausaufgaben und trotzen den schwierigen politischen und wirtschaftlichen Rahmenbedingungen. Sie werden stets von der Linke schlecht geredet, stellen aber f√ºr die meisten ein wichtiger Bestandteil der eigenen Rente sicher. https://t.co/oH5TjO8qnV",sagen pensionskassen hausaufgaben trotzen schwierig politisch wirtschaftlich rahmenbedingungen stets link schlecht reden stellen meist wichtig bestandteil eigen rente sichern,,,,,,,,,,"{'Muss': 0, 'auch': 0.07, 'gesagt': 0.07, 'sein': 0, 'Die': 0.17, 'Pensionskassen': 0.655, 'machen': 0, 'ihre': 0.6, 'Hausaufgaben': 0.16, 'und': 0.11, 'trotzen': 0, 'den': 0.17, 'schwierigen': 0.14, 'politischen': 0.32, 'wirtschaftlichen': 0.24, 'Rahmenbedingungen': 0.19, 'Sie': 0, 'werden': 0, 'stets': 0.06, 'von': 0, 'der': 0.17, 'Linke': 0.23, 'schlecht': 0.1, 'geredet': 0, 'stellen': 0, 'aber': 0.22, 'f√ºr': 0.21, 'die': 0.17, 'meisten': 0.15, 'ein': 0, 'wichtiger': 0.48, 'Bestandteil': 0, 'eigenen': 0.55, 'Rente': 0, 'sicher': 0}",negative,"[0.121323474, 0.83241475, 0.046261713]",,,,,,,,,,,,,,,,,,,,,,,,,,,,,,,,,,,,,neutral
0.0,0.0,0.0,-1.0,negative,"Unsere Pensionskassen verwalten 1'000 Mrd. Franken Volksverm√∂gen. Veraltete, b√ºrokratische Einheitslimiten f√ºhren zu schlechten Renditen und tiefen Renten. Jetzt den Renten-Appell an den Nationalrat unterzeichnen und moderne Anlagevorschriften fordern. üëáüèª
https://t.co/3SIMvtqcbF",pensionskassen verwalten mrd franken volksverm√∂gen veralten b√ºrokratische einheitslimiten fahren schlecht renditen tief renten renten appell nationalrat unterzeichnen modern anlagevorschriften fordern,,,,,,,,,,"{'Unsere': 0.06, 'Pensionskassen': 0.115, 'verwalten': 0, ""1'000"": 0, 'Mrd.': 0.15, 'Franken': 0, 'Volksverm√∂gen': 0.06, 'Veraltete': 0, 'b√ºrokratische': 0.24, 'Einheitslimiten': 0.39, 'f√ºhren': 0.315, 'zu': 0.08, 'schlechten': 0, 'Renditen': 0.97, 'und': 0.06, 'tiefen': 0, 'Renten': 1.0, 'Jetzt': 0.14, 'den': 0.06, 'Renten-Appell': 0.09, 'an': 0, 'Nationalrat': 0.065, 'unterzeichnen': 0.13, 'moderne': 0.1, 'Anlagevorschriften': 0.12, 'fordern': 0.14}",negative,"[0.19467816, 0.7504158, 0.05490604]",,,,,,,,,,,,,,,,,,,,,,,,,,,,,,,,,,,,,negative
100.0,100.0,100.0,0.85,neutral,"Der Nationalrat ber√§t in zwei Wochen die Motion der Sozialkommission Nationalrat mit dem Titel ""Sichere Renten dank umfassend kompetenter Verwaltung der Pensionskassengelder"" - das Potenzial der 1'000 Mrd. CHF PK-Gelder ist zum Teil noch ungenutzt.
https://t.co/HE779AY1yI https://t.co/YIK2XGsVrW",nationalrat beraten zwei wochen motion sozialkommission nationalrat titel sicher renten danken umfassen kompetent verwaltung pensionskassengelder potenzial mrd chf pk gelder teil ungenutzt,,,,,,,,,,"{'Der': 0.18, 'Nationalrat': 0.015, 'ber√§t': 0, 'in': 0.03, 'zwei': 0.01, 'Wochen': 0.03, 'die': 0.18, 'Motion': 0.04, 'der': 0.18, 'Sozialkommission': 0.02, 'mit': 0, 'dem': 0.11499999999999999, 'Titel': 0, 'Sichere': 0, 'Renten': 0.09, 'dank': 0.11000000000000001, 'umfassend': 0, 'kompetenter': 0.1, 'Verwaltung': 0, 'Pensionskassengelder': 0.30000000000000004, 'das': 0, 'Potenzial': 0.72, ""1'000"": 0, 'Mrd.': 0.21, 'CHF': 0.06, 'PK-Gelder': 0, 'ist': 1.0, 'zum': 0.11499999999999999, 'Teil': 0, 'noch': 1.0, 'ungenutzt': 0.75}",negative,"[0.11643698, 0.78437793, 0.09918512]",,,,,,,,,,,,,,,,,,,,,,,,,,,,,,,,,,,,,positive
100.0,100.0,86.0,0.7,neutral,Die j√§hrliche Budgetdebatte im #grzh beginnt. Wir @mehblau wollen die Stimmbev√∂lkerung mit einer Steuersenkung entlasten und die Finanzen nachhaltig sichern. https://t.co/V3mFuYAVPS,j√§hrlich budgetdebatte grzh beginnen stimmbev√∂lkerung steuersenkung entlasten finanzen nachhaltig sichern,,,,,,,,,,,,,"{'Die': 0.1, 'j√§hrliche': 0.07, 'Budgetdebatte': 0, 'im': 0, 'grzh': 0.04, 'beginnt': 0.07, 'Wir': 0.12, 'wollen': 0.38, 'die': 0.1, 'Stimmbev√∂lkerung': 0, 'mit': 0.82, 'einer': 0, 'Steuersenkung': 0.7, 'entlasten': 0.35, 'und': 0.24, 'Finanzen': 0.24, 'nachhaltig': 0, 'sichern': 0.22}",positive,"[0.01966223, 0.002372102, 0.97796565]",,,,,,,,,,,,,,,,,,,,,,,,,,,,,,,,,,positive
100.0,100.0,86.0,0.7,neutral,"Die Motion der @FDP_Liberalen ""Mobilfunknetz. Rahmenbedingungen f√ºr einen raschen Aufbau jetzt schaffen"" wurde durch den Nationalrat angenommen. #5G @CHANCE_5G https://t.co/WsdIqBvYG8 Wichtiger Schritt und Zeichen, dass endlich vorw√§rts gemacht werden muss!",motion mobilfunknetz rahmenbedingungen rasch aufbau schaffen nationalrat annehmen g wichtig schritt zeichen endlich vorw√§rts,,,,,,,,,,,,,,,,"{'Die': 0.06, 'Motion': 0.23, 'der': 0.06, 'Mobilfunknetz': 1.0, 'Rahmenbedingungen': 0.09, 'f√ºr': 0.06, 'einen': 0, 'raschen': 0, 'Aufbau': 0, 'jetzt': 0.05, 'schaffen': 0.07, 'wurde': 0, 'durch': 0, 'den': 0.06, 'Nationalrat': 0.07500000000000001, 'angenommen': 0.07, '5': 0, 'G': 0, 'Wichtiger': 0.04, 'Schritt': 0.03, 'und': 0.04, 'Zeichen': 0.05, 'dass': 0.03, 'endlich': 0, 'vorw√§rts': 0.06, 'gemacht': 0, 'werden': 0, 'muss': 0}",positive,"[0.17002386, 0.030066192, 0.79991]",,,,,,,,,,,,,,,,,,,,,,,,,,,,,,,positive
75.0,75.0,71.0,0.3333333333333333,neutral,"Bin froh ist die @FDP_Liberalen-Basis in Sachen Pestizideinsatz in der Landwirtschaft nun auf derselben Linie wie die @Jungfreisinnige. Der Umweltschutz muss bei Direktzahlungen besser ber√ºcksichtigt werden, wobei wir Verbote klar ablehnen.

https://t.co/dLM5y6zFU7",froh basis sachen pestizideinsatz landwirtschaft linie umweltschutz direktzahlungen gut ber√ºcksichtigen wobei verbote klaren ablehnen,,,,,,,,,,,,,,,,,,,"{'Bin': 0, 'froh': 0, 'ist': 0.01, 'die': 0.03, '-Basis': 0, 'in': 1.0, 'Sachen': 0, 'Pestizideinsatz': 0.04, 'der': 0.03, 'Landwirtschaft': 0.03, 'nun': 0, 'auf': 0.04, 'derselben': 0.03, 'Linie': 0.04, 'wie': 0, 'Der': 0.03, 'Umweltschutz': 0.16, 'muss': 0.05, 'bei': 0, 'Direktzahlungen': 0.8049999999999999, 'besser': 0.31, 'ber√ºcksichtigt': 0.6525, 'werden': 0, 'wobei': 0, 'wir': 0, 'Verbote': 0, 'klar': 0, 'ablehnen': 0}",neutral,"[0.54722995, 0.014819176, 0.43795097]",,,,,,,"{'Bin': 0, 'froh': 0, 'ist': 0.03, 'die': 0.01, '-Basis': 0, 'in': 0.14, 'Sachen': 0, 'Pestizideinsatz': 0.03, 'der': 0.01, 'Landwirtschaft': 0.04, 'nun': 0, 'auf': 0.01, 'derselben': 0.02, 'Linie': 0.03, 'wie': 0, 'Der': 0.01, 'Umweltschutz': 0.5750000000000001, 'muss': 0.03, 'bei': 0, 'Direktzahlungen': 0.115, 'besser': 0.72, 'ber√ºcksichtigt': 0.21000000000000002, 'werden': 0, 'wobei': 0, 'wir': 0, 'Verbote': 0, 'klar': 0, 'ablehnen': 0}",positive,"[0.18808556, 0.14763676, 0.6642777]",,,,,,,,,,,,,,,,"{'Bin': 0, 'froh': 0, 'ist': 0.01, 'die': 0.01, '-Basis': 0, 'in': 0.05, 'Sachen': 0, 'Pestizideinsatz': 0.51, 'der': 0.01, 'Landwirtschaft': 1.0, 'nun': 0, 'auf': 0.01, 'derselben': 0.015, 'Linie': 0.02, 'wie': 0, 'Der': 0.01, 'Umweltschutz': 0.05, 'muss': 0.15, 'bei': 0, 'Direktzahlungen': 0.02, 'besser': 0.01, 'ber√ºcksichtigt': 0.0175, 'werden': 0, 'wobei': 0, 'wir': 0, 'Verbote': 0, 'klar': 0, 'ablehnen': 0}",neutral,"[0.9549146, 0.015476264, 0.02960913]",positive
50.0,75.0,57.0,0.0,negative,"Wieso kann nur die Marktwirtschaft die Welt retten üåç und was ist ein AXAnaut? üë©üèª‚ÄçüöÄ Finde es in meinem Podcast mit Fabrizio Petrillo, CEO @AXA_Schweiz, heraus: https://t.co/Fzaq7reCD7",wieso marktwirtschaft welt retten axanaut finden podcast fabrizio petrillo ceo heraus,,,,,,,,,,,,,,,,,,,,,,"{'Wieso': 0, 'kann': 0.1, 'nur': 0.1, 'die': 0.03, 'Marktwirtschaft': 0.1, 'Welt': 0.07, 'retten': 0.03, 'und': 0.07, 'was': 0, 'ist': 0.04, 'ein': 0, 'AXAnaut': 0.15, '\u200d': 0, 'Finde': 0, 'es': 0, 'in': 0, 'meinem': 0, 'Podcast': 0, 'mit': 0, 'Fabrizio': 0, 'Petrillo': 0, 'CEO': 0, 'heraus': 0}",neutral,"[0.5379093, 0.22813918, 0.23395151]",,,,,,,,,,,,,,,,,,,,,,,,,neutral
0.0,0.0,0.0,-1.0,neutral,"Klimaschutz ist Vernunft und darf nicht einer totalit√§ren Ideologie weichen. Eine Marktwirtschaft mit Kostenwahrheit und Innovation muss Teil der L√∂sung sein. Wir sind in der Verantwortung, exportieren wir unser Wissen in die ganze Welt! #srfarena",klimaschutz vernunft d√ºrfen totalit√§r ideologie weich marktwirtschaft kostenwahrheit innovation teil l√∂sung verantwortung exportieren wissen ganze welt srfarena,,,,,,,,,,,,,,,,,,,,,,"{'Klimaschutz': 0.03, 'ist': 0.07, 'Vernunft': 0, 'und': 0.06, 'darf': 0, 'nicht': 0.09, 'einer': 0, 'totalit√§ren': 0.11, 'Ideologie': 0.13, 'weichen': 0.03, 'Eine': 0, 'Marktwirtschaft': 0.75, 'mit': 0.67, 'Kostenwahrheit': 0.44, 'Innovation': 0.16, 'muss': 0.04, 'Teil': 0.09, 'der': 0.01, 'L√∂sung': 0.21, 'sein': 0, 'Wir': 0, 'sind': 0, 'in': 0, 'Verantwortung': 0.21, 'exportieren': 0.05, 'wir': 0, 'unser': 0.06, 'Wissen': 0.03, 'die': 0.01, 'ganze': 0, 'Welt': 0.02, 'srfarena': 0.08}",positive,"[0.004907872, 0.0026105042, 0.9924817]",,,,,,,,,,,,,,,,,,,,,,,,,negative
50.0,75.0,57.0,0.0,neutral,"@BBrandli @Jungfreisinnige Freddie Mac und Fannie Mae sind ein Begriff nehme ich an, oder? Wenn es die Weltwirtschaft aufgrund der Negativzinsen getrieben von Nationalbanken ""lupft"", wird auch die Marktwirtschaft schuld sein?",freddie mac fannie mae begriff nehmen weltwirtschaft aufgrund negativzinsen getrieben nationalbanken lupfen marktwirtschaft schuld,,,,,,,,,,,,,,,,,,,,,,"{'Freddie': 0.03, 'Mac': 0.02, 'und': 0.03, 'Fannie': 0.03, 'Mae': 0, 'sind': 0.06, 'ein': 0, 'Begriff': 0, 'nehme': 0, 'ich': 0.05, 'an': 0, 'oder': 0, 'Wenn': 0, 'es': 0, 'die': 0.07, 'Weltwirtschaft': 0.05, 'aufgrund': 0, 'der': 0.07, 'Negativzinsen': 0, 'getrieben': 0.04, 'von': 0, 'Nationalbanken': 0, 'lupft': 0.05, 'wird': 1.0, 'auch': 0.22, 'Marktwirtschaft': 0.07, 'schuld': 0.47, 'sein': 0}",neutral,"[0.733545, 0.24595752, 0.02049744]",,,,,,,,,,,,,,,,,,,,,,,,,neutral
25.0,25.0,28.0,-0.35,neutral,"Bei den @Jungfreisinnige Schweiz steht die Freiheit jedes Menschen im Zentrum der Politik. Der Schutz der Umwelt und Unterst√ºtzung von Menschen mit weniger M√∂glichkeiten sind selbstverst√§ndlich, ohne aber dabei die unglaubliche Schaffungskraft einer Marktwirtschaft zu verkennen. https://t.co/YlecCqkUP0",schweiz stehen freiheit jed menschen zentrum politik schutz umwelt unterst√ºtzung menschen wenig m√∂glichkeiten selbstverst√§ndlich dabei unglaublich schaffungskraft marktwirtschaft verkennen,,,,,,,,,,,,,,,,,,,,,,"{'Bei': 0.02, 'den': 0.16, 'Schweiz': 0.02, 'steht': 0, 'die': 0.16, 'Freiheit': 0.06, 'jedes': 0, 'Menschen': 0.04, 'im': 0, 'Zentrum': 0.03, 'der': 0.16, 'Politik': 0, 'Der': 0.16, 'Schutz': 0.12, 'Umwelt': 0.06, 'und': 0.03, 'Unterst√ºtzung': 0.04, 'von': 0, 'mit': 0.02, 'weniger': 0.07, 'M√∂glichkeiten': 0.05, 'sind': 0.02, 'selbstverst√§ndlich': 0.095, 'ohne': 0.05, 'aber': 0.03, 'dabei': 0, 'unglaubliche': 0.43, 'Schaffungskraft': 0, 'einer': 0, 'Marktwirtschaft': 0.755, 'zu': 0.05, 'verkennen': 0}",positive,"[0.0008344292, 0.0013132553, 0.9978523]",,,,,,,,,,,,,,,,,,,,,,,,,negative
50.0,75.0,57.0,0.0,neutral,@FlorianSchwab @andreaskirstein Haben wir denn heute Kapitalismus und Marktwirtschaft wie es du dir verstellst?ü§îü§™,heute kapitalismus marktwirtschaft verstellen,,,,,,,,,,,,,,,,,,,,,,"{'Haben': 0.29, 'wir': 0, 'denn': 0, 'heute': 0.35, 'Kapitalismus': 0.23, 'und': 0.24, 'Marktwirtschaft': 0.25, 'wie': 0, 'es': 0, 'du': 0, 'dir': 0.41, 'verstellst': 0, 'ü§î': 0, 'ü§™': 0}",neutral,"[0.6709098, 0.06634874, 0.2627415]",,,,,,,,,,,,,,,,,,,,,,,,,neutral
100.0,100.0,86.0,0.675,neutral,"Nutzen wir die Chancen der Digitalisierung &amp; denken wir neu! Damit uns dies gelingt, muss die Politik den Individuen vertrauen, ihnen ihre Freiheiten garantieren &amp; sich auf das Schaffen optimaler Rahmenbedingungen konzentrieren. Mehr dazu: https://t.co/ap7fnBvsjV https://t.co/dAqIz7alVf",nutzen chancen digitalisierung amp denken neu gelingen politik individuen vertrauen freiheiten garantieren amp schaffen optimal rahmenbedingungen konzentrieren mehr,,,,,,,,,,,,,,,,,,,,,,,,,"{'Nutzen': 0.075, 'wir': 0, 'die': 0.04, 'Chancen': 0.05, 'der': 0.04, 'Digitalisierung': 0, 'amp': 0.03, 'denken': 0.02, 'neu': 0, 'Damit': 0.03, 'uns': 0.04, 'dies': 0, 'gelingt': 0.05, 'muss': 0.02, 'Politik': 0, 'den': 0.04, 'Individuen': 0.04, 'vertrauen': 0.05, 'ihnen': 0, 'ihre': 0.01, 'Freiheiten': 0, 'garantieren': 0.035, 'sich': 0, 'auf': 0.42, 'das': 0, 'Schaffen': 0, 'optimaler': 0.525, 'Rahmenbedingungen': 0.06, 'konzentrieren': 0, 'Mehr': 1.0, 'dazu': 0.02}",positive,"[0.11619175, 0.015285575, 0.86852264]",,,,,,,,,,,,,,,,,,,,,,positive
100.0,100.0,86.0,0.7,neutral,RT @FDP_Liberalen: #ParlCH | E-Collectingüó≥Ô∏è Chancen der Digitalisierung nutzen und die direkte Demokratie st√§rken: Auf Initiative der FDP √º‚Ä¶,parlch e collecting chancen digitalisierung nutzen direkt demokratie st√§rken initiative fdp √º,,,,,,,,,,,,,,,,,,,,,,,,,"{'ParlCH': 0.09, 'E-CollectingÔ∏è': 0, 'Chancen': 0.92, 'der': 0.03, 'Digitalisierung': 0, 'nutzen': 1.0, 'und': 0.34, 'die': 0.03, 'direkte': 0.06, 'Demokratie': 0.17, 'st√§rken': 0.34, 'Auf': 0.12, 'Initiative': 0.09, 'FDP': 0.05, '√º': 0, '‚Ä¶': 0}",positive,"[0.12812893, 0.020341048, 0.85153]",,,,,,,,,,,,,,,,,,,,,,positive
0.0,0.0,0.0,-0.85,negative,"Wir sind einen (sehr kleinen) Schritt weiter in Sachen #eCollecting. Leider geht das alles sehr langsam vorw√§rts. Wenn man dachte, dass die Covid-Krise ein Digitalisierungsturbo in der Politik ausl√∂se, dann bezweifle ich das sehr... https://t.co/6LJOBAZPsf https://t.co/p8adM6joXs",klein schritt weit sachen ecollecting leider gehen langsam vorw√§rts denken covid krise digitalisierungsturbo politik ausl√∂sen bezweifeln,,,,,,,,,,,,,,,,,,,,,,,,,"{'Wir': 0.02, 'sind': 0.03, 'einen': 0.5, 'sehr': 0.03, 'kleinen': 0.05, 'Schritt': 0.03, 'weiter': 0.03, 'in': 0.16, 'Sachen': 0, 'eCollecting': 0.15, 'Leider': 0.04, 'geht': 0, 'das': 0.19, 'alles': 0.08, 'langsam': 0, 'vorw√§rts': 0, 'Wenn': 0, 'man': 0, 'dachte': 0.26, 'dass': 0.19, 'die': 0.22, 'Covid-Krise': 0.36, 'ein': 0, 'Digitalisierungsturbo': 0, 'der': 0.22, 'Politik': 0, 'ausl√∂se': 1.0, 'dann': 0.09, 'bezweifle': 0.36, 'ich': 0.04, '...': 0}",negative,"[0.304656, 0.61024046, 0.085103616]",,,,,,,,,,,,,,,,,,,,,,negative
50.0,75.0,57.0,0.0,neutral,"Das @EJPD_DFJP_DFGP macht vorw√§rts f√ºr eine Schweizer #eID L√∂sung, die f√ºr verschiedene Digitalisierungsvorhaben nach wie vor sehr wichtig ist. Gute Nachrichten - auch wenn eine gesetzliche L√∂sung wohl erst in 3 Jahren+ verabschiedet sein wird. https://t.co/enihWcomQH https://t.co/a9GODOaIpc",vorw√§rts schweizer eid l√∂sung verschieden digitalisierungsvorhaben wichtig gut nachrichten gesetzliche l√∂sung wohl erst jahren verabschieden,,,,,,,,,,,,,,,,,,,,,,,,,"{'Das': 0, 'macht': 0, 'vorw√§rts': 0, 'f√ºr': 0.01, 'eine': 0, 'Schweizer': 0.03, 'eID': 0.04, 'L√∂sung': 0.06, 'die': 0, 'verschiedene': 0, 'Digitalisierungsvorhaben': 1.0, 'nach': 0, 'wie': 0, 'vor': 0, 'sehr': 0.03, 'wichtig': 0.05, 'ist': 0.03, 'Gute': 0, 'Nachrichten': 0, 'auch': 0, 'wenn': 0.01, 'gesetzliche': 0, 'wohl': 0, 'erst': 0, 'in': 0, '3': 0, 'Jahren+': 0.02, 'verabschiedet': 0.11, 'sein': 0, 'wird': 0.01}",positive,"[0.18002664, 0.04293009, 0.7770433]",,,,,,,,,,,,,,,,,,,,,,neutral
100.0,100.0,100.0,1.0,neutral,Good News: Vollst√§ndig digitale Unternehmensgr√ºndungen werden schon bald Realit√§t sein üöÄDer Bundesrat empfiehlt meinen entsprechenden Vorstoss zur Annahme! Unterzeichne jetzt den Digitalisierungs-Appell und verleihe dem Anliegen das n√∂tige Gewicht: https://t.co/dcl82XS9GB,good news vollst√§ndig digitale unternehmensgr√ºndungen schon bald realit√§t bundesrat empfehlen entsprechend vorstoss annahme unterzeichnen digitalisierungs appell verleihe anliegen n√∂tig gewicht,,,,,,,,,,,,,,,,,,,,,,,,,"{'Good': 0.02, 'News': 0.03, 'Vollst√§ndig': 0, 'digitale': 0.05, 'Unternehmensgr√ºndungen': 0.05, 'werden': 0.02, 'schon': 0, 'bald': 0, 'Realit√§t': 0.05, 'sein': 0, 'Der': 0.03, 'Bundesrat': 0.04, 'empfiehlt': 0.07, 'meinen': 0, 'entsprechenden': 0, 'Vorstoss': 0, 'zur': 0.03, 'Annahme': 0, 'Unterzeichne': 1.0, 'jetzt': 0.32, 'den': 0.03, 'Digitalisierungs-Appell': 0.64, 'und': 0.29, 'verleihe': 0, 'dem': 0.03, 'Anliegen': 0, 'das': 0.03, 'n√∂tige': 0.05, 'Gewicht': 0.07}",neutral,"[0.91311795, 0.017215388, 0.069666706]",,,,,,,,,,,,,,,,,,,,,,positive
50.0,75.0,57.0,0.0,neutral,@adfichter @chplusplus Die Aussage von @Marcel_Dobler zum Datenschutz war nicht im Zusammenhang mit der Digitalisierung sondern der Impfstoffbeschaffung.,aussagen datenschutz zusammenhang digitalisierung impfstoffbeschaffung,,,,,,,,,,,,,,,,,,,,,,,,,"{'Die': 0.15, 'Aussage': 0.41, 'von': 0, 'zum': 0.175, 'Datenschutz': 0, 'war': 0, 'nicht': 1.0, 'im': 0, 'Zusammenhang': 0, 'mit': 0, 'der': 0.15, 'Digitalisierung': 0, 'sondern': 1.0, 'Impfstoffbeschaffung': 0.075}",neutral,"[0.96308964, 0.03260458, 0.0043057697]",,,,,,,,,,,,,,,,,,,,,,neutral
50.0,75.0,57.0,0.0,neutral,"Das #eID-Gesetz ist die Basis daf√ºr, dass in der Schweiz neue Anwendungen entstehen k√∂nnen und dass die Digitalisierung hier und nicht im Ausland stattfindet. Das E-ID-Gesetz ist eine Investition in die Schweiz. Deshalb sage ich und die @FDP_Liberalen #eIDja

#abst21 @E_ID_Info https://t.co/PBLOmM5P3f",eid gesetz basis daf√ºr schweiz neue anwendungen entstehen digitalisierung ausland stattfinden e id gesetz investition schweiz deshalb sage eidja abst21,,,,,,,,,,,,,,,,,,,,,,,,,"{'Das': 0.01, 'eID-Gesetz': 0.075, 'ist': 0.03, 'die': 0.01, 'Basis': 0.15, 'daf√ºr': 0, 'dass': 0.02, 'in': 0.01, 'der': 0.01, 'Schweiz': 0.01, 'neue': 0.05, 'Anwendungen': 0.11, 'entstehen': 0, 'k√∂nnen': 0, 'und': 0.02, 'Digitalisierung': 0, 'hier': 0.08, 'nicht': 0.17, 'im': 0, 'Ausland': 0.04, 'stattfindet': 0.09, 'E-ID-Gesetz': 0.12, 'eine': 0, 'Investition': 0.03, 'Deshalb': 0, 'sage': 0, 'ich': 0.02, 'eIDja': 0.03, 'abst21': 0.04}",neutral,"[0.7157099, 0.033519626, 0.25077042]",,,,,,,,,,,,,,,,,,,,,,neutral
100.0,100.0,100.0,1.0,neutral,"Wenn man am 7. M√§rz Ja zum #eID Gesetz stimmt, schafft man auch die Grundlage f√ºr einen staatlichen Identitiy Provider. Damit wird das Hauptargument der Gegenkampagne  entkr√§ftet. Sinnvolle Digitalisierung endlich vorantreiben - Ja zum E-ID-Gesetz. https://t.co/pEy4LeIi4K",m√§rz ja eid gesetz stimmen schaffen grundlage staatlich identitiy provider hauptargument gegenkampagne entkr√§ften sinnvoll digitalisierung endlich vorantreiben ja e id gesetz,,,,,,,,,,,,,,,,,,,,,,,,,"{'Wenn': 0, 'man': 0, 'am': 0, '7.': 0, 'M√§rz': 0.02, 'Ja': 0, 'zum': 0.145, 'eID': 0.03, 'Gesetz': 0.05, 'stimmt': 0, 'schafft': 0, 'auch': 0.06, 'die': 0.08, 'Grundlage': 0.04, 'f√ºr': 0.04, 'einen': 0.05, 'staatlichen': 0.06, 'Identitiy': 0, 'Provider': 0.06, 'Damit': 0.21, 'wird': 0, 'das': 0, 'Hauptargument': 0.10500000000000001, 'der': 0.08, 'Gegenkampagne': 0.17, 'entkr√§ftet': 0, 'Sinnvolle': 0.51, 'Digitalisierung': 0, 'endlich': 0, 'vorantreiben': 0, 'E-ID-Gesetz': 0.05}",positive,"[0.030281931, 0.012247456, 0.95747066]",,,,,,,,,,,,,,,,,,,,,,positive
100.0,100.0,86.0,0.7,neutral,RT @s_sommaruga: Darin sind wir uns alle einig: Die Digitalisierung ist wichtig f√ºr die Zukunft der Schweiz. Die E-ID bringt uns hier vorw√§‚Ä¶,darin all digitalisierung wichtig zukunft schweiz e id bringen vorw√§,,,,,,,,,,,,,,,,,,,,,,,,,"{'Darin': 0.17, 'sind': 0, 'wir': 0, 'uns': 0.07, 'alle': 0, 'einig': 0, 'Die': 0.1, 'Digitalisierung': 0, 'ist': 0.61, 'wichtig': 1.0, 'f√ºr': 0.79, 'die': 0.1, 'Zukunft': 0.34, 'der': 0.1, 'Schweiz': 0.18, 'E-ID': 0, 'bringt': 0.09, 'hier': 0.08, 'vorw√§': 0, '‚Ä¶': 0}",positive,"[0.0068364926, 0.0031678828, 0.9899956]",,,,,,,,,,,,,,,,,,,,,,positive
50.0,75.0,57.0,0.0,neutral,"@marnold63 @E_ID_Info Fakt ist, dass heute nicht alle Gemeinden das anbieten. Mit der eID gibt es einen Schub zur Digitalisierung von Beh√∂rdendienstleistungen. Wie oft habe ich schon geh√∂rt ‚Äûgeht nicht, wir warten auf eine eID‚Äú - auch von Privaten!",fakt heute all gemeinden anbieten eid geben schub digitalisierung beh√∂rdendienstleistungen oft schon h√∂ren gehen warten eid privat,,,,,,,,,,,,,,,,,,,,,,,,,"{'Fakt': 0.02, 'ist': 0.02, 'dass': 0.02, 'heute': 0.04, 'nicht': 0, 'alle': 0, 'Gemeinden': 0, 'das': 0.02, 'anbieten': 0.115, 'Mit': 0, 'der': 0.26, 'eID': 0, 'gibt': 0, 'es': 0.02, 'einen': 0.04, 'Schub': 0, 'zur': 0.225, 'Digitalisierung': 0, 'von': 0, 'Beh√∂rdendienstleistungen': 0.20500000000000002, 'Wie': 0, 'oft': 0, 'habe': 0.02, 'ich': 0.02, 'schon': 0, 'geh√∂rt': 0.04, '‚Äû': 0, 'geht': 0, 'wir': 0, 'warten': 0, 'auf': 0, 'eine': 0, '‚Äú': 0, 'auch': 0, 'Privaten': 0}",positive,"[0.0040556686, 0.0024246657, 0.9935196]",,,,,,,,,,,,,,,,,,,,,,neutral
100.0,100.0,86.0,0.7,neutral,"@KDKlak Nat√ºrlich erm√∂glicht die eID die Digitalisierung von Beh√∂rden-DL, die man heute u.a. mit einem Ausweis erledigen kann. Deswegen ist die eID aber kein Ausweis. Es gibt einige, offensichtliche Unterschiede.",nat√ºrlich erm√∂glichen eid digitalisierung beh√∂rden dl heute u a ausweis erledigen deswegen eid ausweis geben offensichtlich unterschiede,,,,,,,,,,,,,,,,,,,,,,,,,"{'Nat√ºrlich': 0, 'erm√∂glicht': 1.0, 'die': 0.03, 'eID': 0.09, 'Digitalisierung': 0, 'von': 0, 'Beh√∂rden-DL': 0, 'man': 0, 'heute': 0, 'u.a.': 0, 'mit': 0.07, 'einem': 0, 'Ausweis': 0.08, 'erledigen': 0.21, 'kann': 0.11, 'Deswegen': 0.21, 'ist': 0.05, 'aber': 0, 'kein': 0, 'Es': 0.05, 'gibt': 0.09, 'einige': 0.07, 'offensichtliche': 0.11, 'Unterschiede': 0.13}",positive,"[0.33713806, 0.1655007, 0.49736124]",,,,,,,,,,,,,,,,,,,,,,positive
100.0,100.0,100.0,0.8500000000000001,neutral,"Erfreulich:

Auf meinen Antrag hin wird das elektronische Sammeln von Unterschriften (#eCollecting) ernsthaft durch die #SGK-N gepr√ºft. Die Digitalisierung darf nicht vor den politischen Rechten Halt machen.

Weiter sollen Initiativen von Beglaubigungspflicht entlastet werden. https://t.co/I3yWE9shWa",erfreulich antrag elektronische sammeln unterschriften ecollecting ernsthaft sgk n pr√ºfen digitalisierung d√ºrfen politisch recht halt weit sollen initiativen beglaubigungspflicht entlasten,,,,,,,,,,,,,,,,,,,,,,,,,"{'Erfreulich': 0.02, 'Auf': 0, 'meinen': 0, 'Antrag': 0, 'hin': 0, 'wird': 0, 'das': 0, 'elektronische': 0.02, 'Sammeln': 0, 'von': 0, 'Unterschriften': 0.02, 'eCollecting': 0.04, 'ernsthaft': 0, 'durch': 0, 'die': 0.02, 'SGK-N': 0, 'gepr√ºft': 0.08, 'Die': 0.02, 'Digitalisierung': 0, 'darf': 0, 'nicht': 1.0, 'vor': 0, 'den': 0.02, 'politischen': 0.08, 'Rechten': 0, 'Halt': 0, 'machen': 0, 'Weiter': 0, 'sollen': 0, 'Initiativen': 0.04, 'Beglaubigungspflicht': 0.03, 'entlastet': 0.06, 'werden': 0}",neutral,"[0.4179777, 0.30433646, 0.27768594]",,,,,,,,,,,,,,,,,,,,,,positive
50.0,75.0,57.0,0.0,neutral,"¬´Die Digitalisierung in der Politik steckt noch in den Kinderschuhen.¬ª¬†Wo wir ansetzen k√∂nnen, um diese Transformation voranzutreiben, erz√§hle ich #OnTheSunnieSide ‚Äì einem Video-Interview mit @sunniejaye. üëâüèª https://t.co/4f6XyAByyY https://t.co/IWXdnFhM4X",digitalisierung politik stecken kinderschuhen ansetzen transformation voranzutreiben erz√§hlen onthesunnieside video interview,,,,,,,,,,,,,,,,,,,,,,,,,"{'¬´': 0, 'Die': 0, 'Digitalisierung': 0, 'in': 0, 'der': 0, 'Politik': 0, 'steckt': 0, 'noch': 0, 'den': 0, 'Kinderschuhen': 0, '¬ª': 0, 'Wo': 0, 'wir': 0, 'ansetzen': 0, 'k√∂nnen': 0, 'um': 0, 'diese': 0, 'Transformation': 0, 'voranzutreiben': 0, 'erz√§hle': 0, 'ich': 0, 'OnTheSunnieSide': 0, '‚Äì': 0, 'einem': 0, 'Video-Interview': 0, 'mit': 0}",negative,"[0.20197271, 0.73660254, 0.061424714]",,,,,,,,,,,,,,,,,,,,,,neutral
75.0,75.0,86.0,0.4666666666666666,neutral,"Die Digitalisierung der √∂ff. Verwaltung steckt noch in den Kinderschuhen. Die √Ñnderung des #AHVG schafft Abhilfe: erleichterte Identifizierung &amp; verbesserte Verbindung von Datenbanken. Mehr dazu in meinem Votumüëáüèª #parlCH
https://t.co/eHLJdgQDkr",digitalisierung √∂ff verwaltung stecken kinderschuhen √§nderung ahvg schaffen abhilfe erleichtern identifizierung amp verbessern verbindung datenbanken mehr votum parlch,,,,,,,,,,,,,,,,,,,,,,,,,"{'Die': 0.05, 'Digitalisierung': 0, 'der': 0.05, '√∂ff': 0, 'Verwaltung': 0.11, 'steckt': 0, 'noch': 0.3, 'in': 0.02, 'den': 0.05, 'Kinderschuhen': 0.58, '√Ñnderung': 0, 'des': 0, 'AHVG': 0.03, 'schafft': 0, 'Abhilfe': 0.13, 'erleichterte': 0, 'Identifizierung': 0.02, 'amp': 0.01, 'verbesserte': 0.04, 'Verbindung': 0.01, 'von': 0, 'Datenbanken': 0.03, 'Mehr': 0.02, 'dazu': 0.02, 'meinem': 0.02, 'Votum': 0.03, 'parlCH': 0.04}",positive,"[0.068986714, 0.24884608, 0.6821672]",,,,,,,,,,,,,,,,,,,,,,positive
50.0,75.0,57.0,0.0,neutral,"Der Gemeinderat der Stadt Z√ºrich hat heute Abend den Vorstoss von @jdstrub und mir zur Digitalisierung der Baubewilligungsverfahren samt Auflagenbereinigung ohne Gegenstimme dem Stadtrat √ºberwiesen. Freude herrscht! #grzh

https://t.co/x6HmbtyoZb",gemeinderat stadt z√ºrich heute abend vorstoss digitalisierung baubewilligungsverfahren samt auflagenbereinigung gegenstimme stadtrat √ºberweisen freude herrschen grzh,,,,,,,,,,,,,,,,,,,,,,,,,"{'Der': 0.03, 'Gemeinderat': 0.05, 'der': 0.03, 'Stadt': 0.04, 'Z√ºrich': 0, 'hat': 0, 'heute': 0, 'Abend': 0, 'den': 0.03, 'Vorstoss': 0, 'von': 0, 'und': 0.03, 'mir': 0.02, 'zur': 0.045, 'Digitalisierung': 0, 'Baubewilligungsverfahren': 0.05, 'samt': 0.03, 'Auflagenbereinigung': 0.035, 'ohne': 0.03, 'Gegenstimme': 0.06, 'dem': 0.045, 'Stadtrat': 0.045, '√ºberwiesen': 0, 'Freude': 0.21, 'herrscht': 0.25, 'grzh': 0.8}",positive,"[0.14876063, 0.028763896, 0.82247543]",,,,,,,,,,,,,,,,,,,,,,neutral
25.0,25.0,28.0,-0.35,neutral,"Verschlafen wir die Digitalisierung und verpassen den Anschluss? Schweizerinnen und Schweizer investieren am f√ºnft wenigsten Zeit f√ºr Weiterbildungen, obwohl sie generell bereit w√§ren, Neues dazu zu lernen. https://t.co/CtM3J936IV",verschlafen digitalisierung verpassen anschluss schweizerinnen schweizer investieren f√ºnft wenig zeit weiterbildungen obwohl generell bereiten neu lernen,,,,,,,,,,,,,,,,,,,,,,,,,"{'Verschlafen': 0, 'wir': 0, 'die': 0.03, 'Digitalisierung': 0, 'und': 0.16, 'verpassen': 0, 'den': 0.03, 'Anschluss': 0, 'Schweizerinnen': 0.04, 'Schweizer': 0.04, 'investieren': 0.05, 'am': 0, 'f√ºnft': 0.03, 'wenigsten': 0.03, 'Zeit': 0.03, 'f√ºr': 0, 'Weiterbildungen': 0.04, 'obwohl': 0.02, 'sie': 0, 'generell': 0, 'bereit': 0, 'w√§ren': 0.02, 'Neues': 0.02, 'dazu': 0.02, 'zu': 0.02, 'lernen': 0.025}",negative,"[0.12290164, 0.8545591, 0.022539284]",,,,,,,,,,,,,,,,,,,,,,negative
50.0,75.0,57.0,0.0,neutral,@Milo_Zanetti Er hat die Kompetenz nicht und sein Track Record in anderen Digitalisierungsprojekten l√§sst zu w√ºnschen √ºbrig.,kompetenz track record digitalisierungsprojekten l√§sst w√ºnschen √ºbrig,,,,,,,,,,,,,,,,,,,,,,,,,"{'Er': 0, 'hat': 0, 'die': 0.11, 'Kompetenz': 0.16, 'nicht': 0.14, 'und': 0.12, 'sein': 0, 'Track': 0.12, 'Record': 0.16, 'in': 0.05, 'anderen': 0, 'Digitalisierungsprojekten': 0.27, 'l√§sst': 0.76, 'zu': 0.31, 'w√ºnschen': 0, '√ºbrig': 0}",negative,"[0.005905434, 0.9549075, 0.03918708]",,,,,,,,,,,,,,,,,,,,,,neutral
50.0,75.0,57.0,0.0,neutral,"Duopol anstelle von Wettbewerb: In der EU regulierte und legale Spielbanken sind in der Schweiz gesperrt. Dass wir das im Jahr 2019 erleben m√ºssen - notabene in der selben Woche, in der am #DigitalTag unisono die Digitalisierung gelobt wird - ist extrem stossend. #Netzsperren https://t.co/UGFyf54oKw",duopol anstellen wettbewerb eu regulieren legale spielbanken schweiz sperren jahr erleben m√ºssen notabene selben woche digitaltag unisono digitalisierung loben extrem stossend netzsperren,,,,,,,,,,,,,,,,,,,,,,,,,"{'Duopol': 0, 'anstelle': 0.05, 'von': 0, 'Wettbewerb': 0, 'In': 0.1, 'der': 0.07, 'EU': 0, 'regulierte': 0.07, 'und': 0.04, 'legale': 0.14, 'Spielbanken': 0.06, 'sind': 0.04, 'in': 0.1, 'Schweiz': 0.05, 'gesperrt': 0, 'Dass': 0.05, 'wir': 0, 'das': 0.05, 'im': 0, 'Jahr': 0, '2019': 0, 'erleben': 0.07, 'm√ºssen': 0.04, 'notabene': 0, 'selben': 0.065, 'Woche': 0.13, 'am': 0, 'DigitalTag': 0, 'unisono': 0, 'die': 0.07, 'Digitalisierung': 0, 'gelobt': 1.0, 'wird': 0, 'ist': 0.15, 'extrem': 0.12, 'stossend': 0, 'Netzsperren': 0.15}",positive,"[0.09641138, 0.053443354, 0.8501453]",,,,,,,,,,,,,,,,,,,,,,neutral
50.0,75.0,57.0,0.0,neutral,RT @PLAIN_IT_AG: Ist eine Idee in der heutigen Zeit ohne das Pr√§dikat Smart weniger wert? @andrisilbi_ #SwissDigitalDay #Digitalisierung ht‚Ä¶,idee heutig zeit pr√§dikat smart wenig wert swissdigitalday digitalisierung ht,,,,,,,,,,,,,,,,,,,,,,,,,"{'Ist': 0.03, 'eine': 0, 'Idee': 0, 'in': 0, 'der': 0.04, 'heutigen': 0, 'Zeit': 0, 'ohne': 0.05, 'das': 0, 'Pr√§dikat': 0.1, 'Smart': 0.07, 'weniger': 0, 'wert': 0.06, 'SwissDigitalDay': 0.52, 'Digitalisierung': 1.0, 'ht': 0.34, '‚Ä¶': 0}",positive,"[0.29373902, 0.009123791, 0.6971372]",,,,,,,,,,,,,,,,,,,,,,neutral
100.0,100.0,86.0,0.7,neutral,"@miperrico @CRK_agentur @EgoMovement Nach bald 4J als JFS-Pr√§si ist aber klar, dass ich national im Parlament anpacken und die Themen der liberalen Jugend einbringen will. Wir haben viele Dossiers von Aussen gepr√§gt (Rente, Digitalisierung) und wollen nun endlich ‚Äûim Maschinenraum‚Äú mehrheitsf√§hige L√∂sungen machen.",bald 4j jfs pr√§si klaren national parlament anpacken themen liberal jugend einbringen dossiers aussen pr√§gen rente digitalisierung endlich maschinenraum mehrheitsf√§hige l√∂sungen,,,,,,,,,,,,,,,,,,,,,,,,,"{'Nach': 0.05, 'bald': 0, '4J': 0, 'als': 0.01, 'JFS-Pr√§si': 0, 'ist': 0.01, 'aber': 0, 'klar': 0.01, 'dass': 0.03, 'ich': 0.01, 'national': 0.03, 'im': 0, 'Parlament': 0.03, 'anpacken': 0.03, 'und': 0.36, 'die': 0.02, 'Themen': 0, 'der': 0.02, 'liberalen': 0.04, 'Jugend': 0.04, 'einbringen': 0.025, 'will': 0, 'Wir': 0.07, 'haben': 0.060000000000000005, 'viele': 0, 'Dossiers': 0, 'von': 0.08, 'Aussen': 0.14, 'gepr√§gt': 0, 'Rente': 0, 'Digitalisierung': 1.0, 'wollen': 0.1, 'nun': 0, 'endlich': 0, '‚Äû': 0, 'Maschinenraum': 0, '‚Äú': 0, 'mehrheitsf√§hige': 0, 'L√∂sungen': 0, 'machen': 0}",neutral,"[0.85268515, 0.04057265, 0.10674214]",,,,,,,,,,,,,,,,,,,,,,positive
100.0,100.0,86.0,0.7,neutral,"F√ºr Z√ºrich ganz wichtig: @RuediNoser eine weitere Legislatur in Bern. Ich w√§hle ihn - und nur ihn - nochmals als St√§nderat, da er die Digitalisierung und das Unternehmertum nicht nur vom H√∂rensagen kennt. #srw19 #chvote @fdp_zh #mehblau 

https://t.co/e4dhgjCHIT",z√ºrich ganz wichtig weit legislatur bern w√§hlen nochmals st√§nderat digitalisierung unternehmertum h√∂rensagen kennen srw19 chvote mehblau,,,,,,,,,,,,,,,,,,,,,,,,,"{'F√ºr': 0.03, 'Z√ºrich': 0, 'ganz': 0, 'wichtig': 0.04, 'eine': 0, 'weitere': 0, 'Legislatur': 0.07, 'in': 0.02, 'Bern': 0.02, 'Ich': 0.03, 'w√§hle': 0, 'ihn': 0.04, 'und': 0.21, 'nur': 0.37, 'nochmals': 0, 'als': 0.07, 'St√§nderat': 0.055, 'da': 0, 'er': 0, 'die': 0, 'Digitalisierung': 0, 'das': 0, 'Unternehmertum': 0.29, 'nicht': 0.27, 'vom': 0.29, 'H√∂rensagen': 0.17, 'kennt': 0, 'srw19': 0.07, 'chvote': 0.09, 'mehblau': 0.08}",neutral,"[0.95073414, 0.03827953, 0.010986256]",,,,,,,,,,,,,,,,,,,,,,positive
50.0,75.0,57.0,0.0,neutral,"Es braucht eine neue Politikgeneration im Parlament, welche sich den Herausforderungen der Zukunft stellt. (Gesundheitskosten, Vorsorgeloch, Europadossier, Digitalisierung &amp; die Zukunft der Arbeit, ...) #z√§memitDir am 20.10. in den Nationalrat! #NRW19 #chvote @tagesanzeiger https://t.co/4nVOlJVkf5",brauchen neue politikgeneration parlament welch herausforderungen zukunft stellen gesundheitskosten vorsorgeloch europadossier digitalisierung amp zukunft arbeit z√§memitdir nationalrat nrw19 chvote,,,,,,,,,,,,,,,,,,,,,,,,,"{'Es': 0.01, 'braucht': 0, 'eine': 0, 'neue': 0.01, 'Politikgeneration': 0.01, 'im': 0, 'Parlament': 0.02, 'welche': 0, 'sich': 0, 'den': 0.03, 'Herausforderungen': 0.03, 'der': 0.03, 'Zukunft': 0.16, 'stellt': 0, 'Gesundheitskosten': 0.075, 'Vorsorgeloch': 0.07, 'Europadossier': 0.36, 'Digitalisierung': 0, 'amp': 0, 'die': 0.03, 'Arbeit': 0.06, '...': 0, 'z√§memitDir': 0, 'am': 0, '20.10.': 0, 'in': 0.06, 'Nationalrat': 0.02, 'NRW19': 0.02, 'chvote': 0.02}",positive,"[0.10176433, 0.009080275, 0.8891553]",,,,,,,,,,,,,,,,,,,,,,neutral
50.0,75.0,57.0,0.0,neutral,RT @swissICT: In 2 Tagen ist es soweit. Die #Arbeitswelten Konferenz zum Thema ¬´Lernen und Arbeiten im Zeitalter der Digitalisierung¬ª geht‚Ä¶,tagen soweit arbeitswelten konferenz thema lernen arbeiten zeitalter digitalisierung gehen,,,,,,,,,,,,,,,,,,,,,,,,,"{'In': 0.04, '2': 0, 'Tagen': 0.06, 'ist': 0, 'es': 0, 'soweit': 0, 'Die': 0.05, 'Arbeitswelten': 0.04, 'Konferenz': 0.1, 'zum': 0.05, 'Thema': 0, '¬´': 0, 'Lernen': 0, 'und': 0, 'Arbeiten': 0, 'im': 0, 'Zeitalter': 0, 'der': 0, 'Digitalisierung': 0, '¬ª': 0, 'geht': 0, '‚Ä¶': 0}",positive,"[0.4519852, 0.010506424, 0.5375084]",,,,,,,,,,,,,,,,,,,,,,neutral
50.0,75.0,57.0,0.0,neutral,"Die Z√ºrcher Hochschulen starten erstmals eine gemeinsame Initiative, um ihre Anstrengungen im Bereich Digitalisierung zu intensivieren und miteinander zu verkn√ºpfen.  https://t.co/t3YSrqQwAK #DIZH @KantonZuerich",z√ºrcher hochschulen starten erstmals gemeinsam initiative anstrengungen bereich digitalisierung intensivieren miteinander verkn√ºpfen dizh,,,,,,,,,,,,,,,,,,,,,,,,,"{'Die': 0.21, 'Z√ºrcher': 0, 'Hochschulen': 0.06, 'starten': 0, 'erstmals': 0.025, 'eine': 0, 'gemeinsame': 0, 'Initiative': 0.08, 'um': 0.02, 'ihre': 0.12, 'Anstrengungen': 0.56, 'im': 0, 'Bereich': 0, 'Digitalisierung': 0, 'zu': 0.06, 'intensivieren': 0.11, 'und': 0.06, 'miteinander': 0, 'verkn√ºpfen': 0.11, 'DIZH': 0.09}",positive,"[0.18070152, 0.008826557, 0.8104719]",,,,,,,,,,,,,,,,,,,,,,neutral
50.0,75.0,57.0,0.0,neutral,"Was w√ºrdet ihr mit 150 Millionen machen? Wieso nicht ein Teil davon in ein ""Museum f√ºr Digitalisierung"" investieren, wo Virtual Reality, Blockchain und andere Zukunftsthemen erlebbar werden?

https://t.co/Gq1CZNYb78 @SalomeMller @tagi",millionen wieso teil davon museum digitalisierung investieren virtual reality blockchain zukunftsthemen erlebbar,,,,,,,,,,,,,,,,,,,,,,,,,"{'Was': 0, 'w√ºrdet': 0.14, 'ihr': 0, 'mit': 0.05, '150': 0, 'Millionen': 0, 'machen': 0.05, 'Wieso': 0, 'nicht': 0.09, 'ein': 0, 'Teil': 0.04, 'davon': 0.03, 'in': 0.09, 'Museum': 0.2, 'f√ºr': 0.12, 'Digitalisierung': 0, 'investieren': 0.1, 'wo': 0.39, 'Virtual': 0.07, 'Reality': 0.06, 'Blockchain': 0.11, 'und': 0.13, 'andere': 0, 'Zukunftsthemen': 0.11, 'erlebbar': 0, 'werden': 0}",positive,"[0.4689334, 0.038829476, 0.4922372]",,,,,,,,,,,,,,,,,,,,,,neutral
100.0,100.0,100.0,1.0,neutral,"RT @Swisscanto: Asset Management und Digitalisierung - ist das bereits ein altes Ehepaar? Oder eine neue Liebe im Honeymoon? Ren√© Nicolodi,‚Ä¶",asset management digitalisierung bereits alt ehepaar neue lieb honeymoon ren√© nicolodi,,,,,,,,,,,,,,,,,,,,,,,,,"{'Asset': 0.16, 'Management': 0.2, 'und': 0.38, 'Digitalisierung': 0, 'ist': 0.08, 'das': 0, 'bereits': 0, 'ein': 0, 'altes': 0.08, 'Ehepaar': 0.13, 'Oder': 0.04, 'eine': 0, 'neue': 0.05, 'Liebe': 0.1, 'im': 0, 'Honeymoon': 0.07, 'Ren√©': 0, 'Nicolodi': 0.15, '‚Ä¶': 0}",positive,"[0.13478206, 0.014656335, 0.8505616]",,,,,,,,,,,,,,,,,,,,,,positive
50.0,75.0,57.0,0.0,neutral,RT @sosicles: Hammer! Meine kritischen Worte zu Anspruch und Wirklichkeit bei der #Digitalisierung in der Schweiz haben ziemlich unverd√ºnnt‚Ä¶,hammer kritisch worte anspruch wirklichkeit digitalisierung schweiz ziemlich unverd√ºnnt,,,,,,,,,,,,,,,,,,,,,,,,,"{'Hammer': 0, 'Meine': 0.08, 'kritischen': 0.09, 'Worte': 0.3, 'zu': 0, 'Anspruch': 0, 'und': 0.04, 'Wirklichkeit': 0.05, 'bei': 0, 'der': 0.05, 'Digitalisierung': 0, 'in': 0.03, 'Schweiz': 0.05, 'haben': 0.18, 'ziemlich': 0.4, 'unverd√ºnnt': 1.0, '‚Ä¶': 0}",positive,"[0.12287694, 0.045013882, 0.83210915]",,,,,,,,,,,,,,,,,,,,,,neutral
100.0,100.0,100.0,1.0,neutral,"RT @SchweizerMonat: Wie die Digitalisierung genutzt werden sollte, um Unternehmen und B√ºrgern einen effizienten Umgang mit Gesetzen, Erlass‚Ä¶",digitalisierung nutzen sollen unternehmen b√ºrgern effizient umgang gesetzen erlass,,,,,,,,,,,,,,,,,,,,,,,,,"{'Wie': 0, 'die': 0, 'Digitalisierung': 0, 'genutzt': 0.23, 'werden': 0, 'sollte': 0.62, 'um': 0, 'Unternehmen': 0, 'und': 0.08, 'B√ºrgern': 0.08, 'einen': 0, 'effizienten': 0, 'Umgang': 0, 'mit': 0.06, 'Gesetzen': 0.05, 'Erlass': 0, '‚Ä¶': 0}",positive,"[0.018141758, 0.00742549, 0.97443277]",,,,,,,,,,,,,,,,,,,,,,positive
50.0,75.0,71.0,0.175,neutral,"In der Stadt Z√ºrich gibt es immer mehr Vorst√∂sse und Projekte im Bereich der Digitalisierung. Das ist richtig und wichtig.

Uns von der FDP Stadt Z√ºrich ist es ein Anliegen, dass in den verschiedenen Dienstabteilungen mit klaren Zielvorgaben gearbeitet wi‚Ä¶https://t.co/aXBq6nAGzC",stadt z√ºrich geben immer mehr vorst√∂sse projekte bereich digitalisierung richtig wichtig fdp stadt z√ºrich anliegen verschieden dienstabteilungen klar zielvorgaben arbeiten wi,,,,,,,,,,,,,,,,,,,,,,,,,"{'In': 0.05, 'der': 0.17, 'Stadt': 0.06, 'Z√ºrich': 0, 'gibt': 0.11, 'es': 0.11, 'immer': 0, 'mehr': 0.08, 'Vorst√∂sse': 0, 'und': 0.09, 'Projekte': 0.09, 'im': 0, 'Bereich': 0, 'Digitalisierung': 0, 'Das': 0.17, 'ist': 0.11, 'richtig': 0, 'wichtig': 0.23, 'Uns': 0.12, 'von': 0, 'FDP': 0.14, 'ein': 0, 'Anliegen': 0, 'dass': 0.24, 'in': 0.05, 'den': 0.17, 'verschiedenen': 0, 'Dienstabteilungen': 0.20500000000000002, 'mit': 0.36, 'klaren': 0.51, 'Zielvorgaben': 0, 'gearbeitet': 0, 'wi': 0, '‚Ä¶': 0}",positive,"[0.019956943, 0.0025747346, 0.9774684]",,,,,,,,,,,,,,,,,,,,,,neutral
100.0,100.0,100.0,0.85,neutral,"Die FDP @mehblau will die Druckkosten der Stadt Z√ºrich um 10 % senken. Die Partei, welche st√§ndig nach Digitalisierung ruft, ist dagegen. @sven_zurich hat sicher eine schlaue Begr√ºndung dazu :). #grzh #budgetdebatte",fdp druckkosten stadt z√ºrich senken partei welch st√§ndig digitalisierung rufen dagegen sichern schlau begr√ºndung grzh budgetdebatte,,,,,,,,,,,,,,,,,,,,,,,,,"{'Die': 0.03, 'FDP': 0.02, 'will': 0, 'die': 0.03, 'Druckkosten': 0.02, 'der': 0.03, 'Stadt': 0.01, 'Z√ºrich': 0, 'um': 0.01, '10': 0, 'senken': 0.03, 'Partei': 0.09, 'welche': 0.09, 'st√§ndig': 0, 'nach': 0, 'Digitalisierung': 0, 'ruft': 0, 'ist': 0.07, 'dagegen': 0.03, 'hat': 0, 'sicher': 0, 'eine': 0, 'schlaue': 0, 'Begr√ºndung': 0.09, 'dazu': 0.01, 'grzh': 0.02, 'budgetdebatte': 0}",neutral,"[0.81778604, 0.09871367, 0.08350024]",,,,,,,,,,,,,,,,,,,,,,positive
100.0,100.0,86.0,0.7,neutral,"Vielen Dank @_BR_JSA f√ºr den wichtigen Einsatz f√ºr die Berufsbildung, den Freihandel und die Digitalisierung. W√§hrend im S√ºden Europas die Arbeitslosenquote gerade bei Jungen immer noch hoch ist, haben wir wirtschaftliche Krisen mit Bravour √ºberstanden. Danke f√ºr alles üôå",danken wichtig einsatz berufsbildung freihandel digitalisierung s√ºden europas arbeitslosenquote gerade jung immer hoch wirtschaftlich krisen bravour √ºberstehen danke,,,,,,,,,,,,,,,,,,,,,,,,,"{'Vielen': 0, 'Dank': 0.3, 'f√ºr': 0.05, 'den': 0.07, 'wichtigen': 1.0, 'Einsatz': 0, 'die': 0.07, 'Berufsbildung': 0.185, 'Freihandel': 0.1, 'und': 0.16, 'Digitalisierung': 0, 'W√§hrend': 0.07, 'im': 0, 'S√ºden': 0, 'Europas': 0.03, 'Arbeitslosenquote': 0.07, 'gerade': 0, 'bei': 0, 'Jungen': 0.05, 'immer': 0, 'noch': 0.04, 'hoch': 0.04, 'ist': 0.04, 'haben': 0.185, 'wir': 0, 'wirtschaftliche': 0.05, 'Krisen': 0.07, 'mit': 0.03, 'Bravour': 0, '√ºberstanden': 0, 'Danke': 0.055, 'alles': 0.06}",positive,"[0.0010527937, 0.0015662962, 0.9973809]",,,,,,,,,,,,,,,,,,,,,,positive
50.0,25.0,28.0,-0.15,neutral,"Die SVP Stadt Z√ºrich beschwert sich stets √ºber eine hohe Regulierungsdichte, stellt aber einen Ablehnungsantrag zu unserem Postulat zur Digitalisierung des Baubewilligungsverfahrens. Bravo üòÖ https://t.co/I9FCbpE1mx https://t.co/F1ASKxiFLX",svp stadt z√ºrich beschweren stets hoch regulierungsdichte stellen ablehnungsantrag postulat digitalisierung baubewilligungsverfahrens bravo,,,,,,,,,,,,,,,,,,,,,,,,,"{'Die': 0.09, 'SVP': 0, 'Stadt': 0.01, 'Z√ºrich': 0, 'beschwert': 0, 'sich': 0, 'stets': 0.03, '√ºber': 0, 'eine': 0, 'hohe': 0, 'Regulierungsdichte': 0.03, 'stellt': 0, 'aber': 0.03, 'einen': 0.02, 'Ablehnungsantrag': 0, 'zu': 0.24, 'unserem': 0.16, 'Postulat': 0.68, 'zur': 0.16499999999999998, 'Digitalisierung': 0, 'des': 0, 'Baubewilligungsverfahrens': 0.05500000000000001, 'Bravo': 0.05}",neutral,"[0.85859746, 0.07886382, 0.06253873]",,,,,,,,,,,,,,,,,,,,,,neutral
100.0,100.0,86.0,0.7,neutral,"RT @Jungfreisinnige: Smarte Schweiz 4.0

Die Digitalisierung hat uns viel zu bieten ‚Äì es bedarf aber endlich einem ¬´openminded¬ª Kulturwande‚Ä¶",smarte schweiz digitalisierung bieten bedarf endlich openminded kulturwande,,,,,,,,,,,,,,,,,,,,,,,,,"{'Smarte': 0.19, 'Schweiz': 0.13, '4.0': 0, 'Die': 0, 'Digitalisierung': 0, 'hat': 0, 'uns': 0.1, 'viel': 0.095, 'zu': 0.07, 'bieten': 0.14, '‚Äì': 0, 'es': 0, 'bedarf': 0, 'aber': 0, 'endlich': 0, 'einem': 0, '¬´': 0, 'openminded': 0, '¬ª': 0, 'Kulturwande': 0, '‚Ä¶': 0}",positive,"[0.0071581574, 0.0042583896, 0.98858345]",,,,,,,,,,,,,,,,,,,,,,positive
75.0,75.0,71.0,0.3333333333333333,neutral,"Freue mich sehr, dass meine Motion durch den St√§nderat (Zweitrat) z.H. des Bundesrats verabschiedet wurde. Dieser sieht einen Abbau von B√ºrokratie vor; weniger Ressourcenverschleiss und damit mehr Umweltschutz. 

Vorstoss: https://t.co/7hr4uN2eB6
Kontext: https://t.co/aHsGSwYLkd https://t.co/QEFM7SgyMe",freuen motion st√§nderat zweitrat z h bundesrats verabschieden sehen abbau b√ºrokratie wenig ressourcenverschleiss mehr umweltschutz vorstoss kontext,,,,,,,,,,,,,,,,,,,,,,,,,,,,"{'Freue': 0.02, 'mich': 0, 'sehr': 0.03, 'dass': 0.04, 'meine': 0.01, 'Motion': 0.03, 'durch': 0, 'den': 0.03, 'St√§nderat': 0.025, 'Zweitrat': 0.02, 'z.': 0, 'H.': 0, 'des': 0, 'Bundesrats': 0.02, 'verabschiedet': 0.04, 'wurde': 0, 'Dieser': 0.07, 'sieht': 0, 'einen': 0.07, 'Abbau': 0, 'von': 0, 'B√ºrokratie': 0.1, 'vor': 0, 'weniger': 0, 'Ressourcenverschleiss': 0.06, 'und': 0.12, 'damit': 0.07, 'mehr': 1.0, 'Umweltschutz': 0.735, 'Vorstoss': 0.08, 'Kontext': 0.06}",positive,"[0.028580006, 0.01244058, 0.95897937]",,,,,,,,,,,,,,,,,,,positive
100.0,100.0,100.0,1.0,neutral,"Innovation und Umweltschutz vereint: Der Nationalrat √ºberweist einstimmig meine Motion ""Ressourcenverschleiss bei Verpackungen verkleinern. Verkauf von tiefgek√ºhlten Lebensmitteln ohne Vorverpackung erlauben"" an den St√§nderat. 

https://t.co/7hr4uN2eB6 #parlCH",innovation umweltschutz vereinen nationalrat √ºberweisen einstimmig motion ressourcenverschleiss verpackungen verkleinern verkauf tiefgek√ºhlt lebensmitteln vorverpackung erlauben st√§nderat parlch,,,,,,,,,,,,,,,,,,,,,,,,,,,,"{'Innovation': 0.32, 'und': 0.34, 'Umweltschutz': 0.585, 'vereint': 1.0, 'Der': 0.03, 'Nationalrat': 0.14, '√ºberweist': 0.13, 'einstimmig': 0.29, 'meine': 0.08, 'Motion': 0.1, 'Ressourcenverschleiss': 0.04, 'bei': 0, 'Verpackungen': 0, 'verkleinern': 0, 'Verkauf': 0.03, 'von': 0, 'tiefgek√ºhlten': 0.03, 'Lebensmitteln': 0.03, 'ohne': 0.01, 'Vorverpackung': 0, 'erlauben': 0.03, 'an': 0, 'den': 0.03, 'St√§nderat': 0.0875, 'parlCH': 0.06}",positive,"[0.042410318, 0.024729453, 0.93286026]",,,,,,,,,,,,,,,,,,,positive
75.0,75.0,71.0,0.3333333333333333,neutral,"Bin froh ist die @FDP_Liberalen-Basis in Sachen Pestizideinsatz in der Landwirtschaft nun auf derselben Linie wie die @Jungfreisinnige. Der Umweltschutz muss bei Direktzahlungen besser ber√ºcksichtigt werden, wobei wir Verbote klar ablehnen.

https://t.co/dLM5y6zFU7",froh basis sachen pestizideinsatz landwirtschaft linie umweltschutz direktzahlungen gut ber√ºcksichtigen wobei verbote klaren ablehnen,,,,,,,,,,,,,,,,,,,"{'Bin': 0, 'froh': 0, 'ist': 0.01, 'die': 0.03, '-Basis': 0, 'in': 1.0, 'Sachen': 0, 'Pestizideinsatz': 0.04, 'der': 0.03, 'Landwirtschaft': 0.03, 'nun': 0, 'auf': 0.04, 'derselben': 0.03, 'Linie': 0.04, 'wie': 0, 'Der': 0.03, 'Umweltschutz': 0.16, 'muss': 0.05, 'bei': 0, 'Direktzahlungen': 0.8049999999999999, 'besser': 0.31, 'ber√ºcksichtigt': 0.6525, 'werden': 0, 'wobei': 0, 'wir': 0, 'Verbote': 0, 'klar': 0, 'ablehnen': 0}",neutral,"[0.54722995, 0.014819176, 0.43795097]",,,,,,,"{'Bin': 0, 'froh': 0, 'ist': 0.03, 'die': 0.01, '-Basis': 0, 'in': 0.14, 'Sachen': 0, 'Pestizideinsatz': 0.03, 'der': 0.01, 'Landwirtschaft': 0.04, 'nun': 0, 'auf': 0.01, 'derselben': 0.02, 'Linie': 0.03, 'wie': 0, 'Der': 0.01, 'Umweltschutz': 0.5750000000000001, 'muss': 0.03, 'bei': 0, 'Direktzahlungen': 0.115, 'besser': 0.72, 'ber√ºcksichtigt': 0.21000000000000002, 'werden': 0, 'wobei': 0, 'wir': 0, 'Verbote': 0, 'klar': 0, 'ablehnen': 0}",positive,"[0.18808556, 0.14763676, 0.6642777]",,,,,,,,,,,,,,,,"{'Bin': 0, 'froh': 0, 'ist': 0.01, 'die': 0.01, '-Basis': 0, 'in': 0.05, 'Sachen': 0, 'Pestizideinsatz': 0.51, 'der': 0.01, 'Landwirtschaft': 1.0, 'nun': 0, 'auf': 0.01, 'derselben': 0.015, 'Linie': 0.02, 'wie': 0, 'Der': 0.01, 'Umweltschutz': 0.05, 'muss': 0.15, 'bei': 0, 'Direktzahlungen': 0.02, 'besser': 0.01, 'ber√ºcksichtigt': 0.0175, 'werden': 0, 'wobei': 0, 'wir': 0, 'Verbote': 0, 'klar': 0, 'ablehnen': 0}",neutral,"[0.9549146, 0.015476264, 0.02960913]",positive
100.0,100.0,86.0,0.7,neutral,"RT @RBuholzer: H√∂chste Zeit f√ºr ein Abkommen mit den #USA : Ein #Freihandelsabkommen mit den USA, das der Exportwirtschaft beider L√§nder Er‚Ä¶",hoch zeit abkommen usa freihandelsabkommen usa exportwirtschaft beid l√§nder,,,,,,,,,,,,,,,,,,,,,,,,,,,,,,,"{'H√∂chste': 0, 'Zeit': 0.1, 'f√ºr': 0.12, 'ein': 0, 'Abkommen': 0.16, 'mit': 0.17, 'den': 0.14, 'USA': 0.1, 'Ein': 0.12, 'Freihandelsabkommen': 0, 'das': 0.22, 'der': 0.14, 'Exportwirtschaft': 0.16499999999999998, 'beider': 0.14, 'L√§nder': 0.42, 'Er': 0.18, '‚Ä¶': 0}",positive,"[0.33759537, 0.17182207, 0.49058253]",,,,,,,,,,,,,,,,positive
50.0,75.0,57.0,0.0,negative,"SP und Gr√ºne lehnen FDP Postulat ""Entwicklungshilfe im Ausland, F√∂rderung von lokalen KMU mittels Impact Investments und Financial Inclusion im Umfang von mindestens der H√§lfte der gesprochenen Geldern"" im #grzh ab. Verpasste Chance f√ºr mehr Effektivit√§t in der Entwicklungshilfe.",sp gr√ºne lehnen fdp postulat entwicklungshilfe ausland f√∂rderung lokal kmu mittels impact investments financial inclusion umfang mindestens h√§lfte gesprochen geldern grzh ab verpasste chance mehr effektivit√§t entwicklungshilfe,,,,,,,,,,,,,,,,,,,,,,,,,,,,,,,,,,"{'SP': 0.02, 'und': 0.03, 'Gr√ºne': 0, 'lehnen': 0, 'FDP': 0.03, 'Postulat': 0.07, 'Entwicklungshilfe': 0.08, 'im': 0, 'Ausland': 0.02, 'F√∂rderung': 0.01, 'von': 0, 'lokalen': 0.02, 'KMU': 0, 'mittels': 0.045, 'Impact': 0.05, 'Investments': 0.03, 'Financial': 0.01, 'Inclusion': 0.03, 'Umfang': 0, 'mindestens': 0.03, 'der': 0.04, 'H√§lfte': 0.03, 'gesprochenen': 0, 'Geldern': 0.03, 'grzh': 0.08, 'ab': 0, 'Verpasste': 1.0, 'Chance': 0, 'f√ºr': 0.2, 'mehr': 0.26, 'Effektivit√§t': 0.25, 'in': 0.07}",negative,"[0.019436559, 0.64219254, 0.3383709]",,,,,,,,,,,,,neutral
50.0,75.0,57.0,0.0,neutral,"Angriffe auf Sicherheitskr√§fte sind in einem Rechtsstaat ein NO GO: T√§ter/innen geh√∂ren zur Rechenschaft gezogen. Unglaubliche Zust√§nde in der Stadt Z√ºrich und nicht das erste Mal, dass politisch motivierte Gewalt in der √ñffentlichkeit stattfindet. Wann handelt die Exekutive?",angriffe sicherheitskr√§fte rechtsstaat no go t√§ter innen geh√∂ren rechenschaft ziehen unglaublich zust√§nde stadt z√ºrich erste mal politisch motivieren gewalt √∂ffentlichkeit stattfinden wann handeln exekutive,,,,,,,,,,,,,,,,,,,,,,,,,,,,,,,,,,,,,"{'Angriffe': 0.03, 'auf': 0.02, 'Sicherheitskr√§fte': 0.02, 'sind': 0.04, 'in': 0.01, 'einem': 0, 'Rechtsstaat': 0.02, 'ein': 0, 'NO': 0.02, 'GO': 0.01, 'T√§ter': 0, 'innen': 0, 'geh√∂ren': 0, 'zur': 0.1, 'Rechenschaft': 0, 'gezogen': 0, 'Unglaubliche': 0, 'Zust√§nde': 0.05, 'der': 0.1, 'Stadt': 0.01, 'Z√ºrich': 0, 'und': 0.04, 'nicht': 0.03, 'das': 0.03, 'erste': 0.02, 'Mal': 0, 'dass': 0.03, 'politisch': 0.02, 'motivierte': 0.02, 'Gewalt': 0.03, '√ñffentlichkeit': 0, 'stattfindet': 0.01, 'Wann': 1.0, 'handelt': 0, 'die': 0.1, 'Exekutive': 0.23}",positive,"[0.07874518, 0.20243113, 0.71882373]",,,,,,,,,,neutral
75.0,75.0,71.0,0.2333333333333333,neutral,"Wir @FDP_Liberalen unterst√ºtzen in der Botschaft zur F√∂rderung von Bildung, Innovation und Forschung zus√§tzliche Gelder f√ºr Weiterbildung, den ETH Bereich und weitere Institutionen - mitunter auch, weil Bildung unsere Grundlage f√ºr Jobs ist. Gerade im Strukturwandel wichtig!",unterst√ºtzen botschaft f√∂rderung bildung innovation forschung zus√§tzliche gelder weiterbildung eth bereich weit institutionen mitunter bildung grundlage jobs gerade strukturwandel wichtig,,,,,,,,,,,,,,,,,,,,,,,,,,,,,,,,,,,,,,,,"{'Wir': 0.25, 'unterst√ºtzen': 0.17, 'in': 0.03, 'der': 0.06, 'Botschaft': 0.22, 'zur': 0.21, 'F√∂rderung': 0.17, 'von': 0, 'Bildung': 0.06, 'Innovation': 0.31, 'und': 0.03, 'Forschung': 0.18, 'zus√§tzliche': 0.09, 'Gelder': 0.15, 'f√ºr': 0.02, 'Weiterbildung': 0.06, 'den': 0.06, 'ETH': 0.04, 'Bereich': 0, 'weitere': 0.06, 'Institutionen': 0.06, 'mitunter': 0.04, 'auch': 0, 'weil': 0.04, 'unsere': 0.03, 'Grundlage': 0.03, 'Jobs': 0.04, 'ist': 0.03, 'Gerade': 0, 'im': 0, 'Strukturwandel': 0.05, 'wichtig': 0.06}",positive,"[0.0052116644, 0.00288452, 0.99190384]",,,,,,,neutral
50.0,75.0,57.0,0.0,neutral,@Jungfreisinnige In 14 Jahren (2033) ist das Defizit der AHV gr√∂sser als die heutigen Ausgaben des Bundes f√ºr Bildung und Forschung.,jahren defizit ahv gr√∂sser heutig ausgaben bundes bildung forschung,,,,,,,,,,,,,,,,,,,,,,,,,,,,,,,,,,,,,,,,"{'In': 0.09, '14': 0, 'Jahren': 0.05, '2033': 0, 'ist': 0, 'das': 0, 'Defizit': 0.07, 'der': 0.08, 'AHV': 0.07, 'gr√∂sser': 0.13, 'als': 0, 'die': 0.08, 'heutigen': 0, 'Ausgaben': 0, 'des': 0, 'Bundes': 0.16, 'f√ºr': 0, 'Bildung': 1.0, 'und': 1.0, 'Forschung': 0.65}",neutral,"[0.9792047, 0.004103425, 0.016691888]",,,,,,,neutral
50.0,75.0,57.0,0.0,neutral,"@paedi_n @phil_liberal Private und Firmen investieren auch in Bildung, Forschung und Infrastruktur #nurso #innovation",privat firmen investieren bildung forschung infrastruktur nurso innovation,,,,,,,,,,,,,,,,,,,,,,,,,,,,,,,,,,,,,,,,"{'Private': 0.37, 'und': 0.1, 'Firmen': 0.34, 'investieren': 1.0, 'auch': 1.0, 'in': 0.23, 'Bildung': 0.24, 'Forschung': 0.13, 'Infrastruktur': 0.15, 'nurso': 0, 'innovation': 0.16}",positive,"[0.40864423, 0.016649382, 0.57470644]",,,,,,,neutral
100.0,100.0,100.0,0.85,neutral,"RT @RuediNoser: Lieber Fritz Schiesser, Danke f√ºr deinen grossen Einsatz f√ºr die ETH und den Bildungs- und Forschungsstandort Schweiz. @ETH‚Ä¶",lieb fritz schiesser danke grossen einsatz eth bildungs forschungsstandort schweiz,,,,,,,,,,,,,,,,,,,,,,,,,,,,,,,,,,,,,,,,"{'Lieber': 0.09, 'Fritz': 0.03, 'Schiesser': 0.06, 'Danke': 0.145, 'f√ºr': 1.0, 'deinen': 0, 'grossen': 0, 'Einsatz': 0, 'die': 0, 'ETH': 0.09, 'und': 0.25, 'den': 0, 'Bildungs-': 0, 'Forschungsstandort': 0.905, 'Schweiz': 0.11, '‚Ä¶': 0}",positive,"[0.0037714178, 0.0009239816, 0.9953046]",,,,,,,positive
100.0,100.0,100.0,0.7999999999999999,neutral,.@_BR_JSA appelliert an konkrete L√∂sungen f√ºr die √ºbern√§chste Generation. Resultate sind wichtiger als Ank√ºndigungen: 1) Perspektive f√ºr m√∂glichst alle Menschen in der Schweiz 2) Wettbewerbsf√§hige Wirtschaft 3) starke Bildung&amp;Forschung 4) Die CH insgesamt muss gut darstehen üëçüëç,appellieren konkrete l√∂sungen √ºbern√§chst generation resultate wichtig ank√ºndigungen perspektive m√∂glichst all menschen schweiz wettbewerbsf√§hige wirtschaft starke bildung amp forschung ch insgesamt gut darstehen,,,,,,,,,,,,,,,,,,,,,,,,,,,,,,,,,,,,,,,,"{'appelliert': 0.05, 'an': 0, 'konkrete': 0.05, 'L√∂sungen': 0.03, 'f√ºr': 0.07, 'die': 0.06, '√ºbern√§chste': 0.03, 'Generation': 0.02, 'Resultate': 0.07, 'sind': 0.03, 'wichtiger': 0.105, 'als': 0.03, 'Ank√ºndigungen': 0.03, '1': 0, 'Perspektive': 0, 'm√∂glichst': 0.04, 'alle': 0, 'Menschen': 0.05, 'in': 0.04, 'der': 0.06, 'Schweiz': 0.04, '2': 0, 'Wettbewerbsf√§hige': 0.09, 'Wirtschaft': 0, '3': 0, 'starke': 0, 'Bildung&amp;Forschung': 0.635, '4': 0, 'Die': 0.06, 'CH': 0.04, 'insgesamt': 0.04, 'muss': 0.02, 'gut': 0, 'darstehen': 0}",positive,"[0.0009926035, 0.0011660778, 0.99784124]",,,,,,,positive
100.0,100.0,86.0,0.7,negative,"‚ùå Autofreie St√§dte, obwohl selbstfahrende, CO2-neutrale Autos wohl bald Mainstream sind?

‚ùå G√ºnstigeren √∂ffentlichen Verkehr, obwohl das die Zersiedelung f√∂rdert?

üëâ Meine Kommentare zu den Vorschl√§gen der Jungen Gr√ºnen:
https://t.co/DJiXm9GAdJ #Klimastreik @watson_news",autofreie st√§dte obwohl selbstfahrende co2 neutral autos wohl bald mainstream g√ºnstig √∂ffentlich verkehr obwohl zersiedelung f√∂rdern kommentare vorschl√§gen jung gr√ºn klimastreik,,,,,,,,,,,,,,,,,,,,,,,,,,,,,,,,,,,,,,,,,,,"{'Autofreie': 0, 'St√§dte': 0.05, 'obwohl': 0.04, 'selbstfahrende': 0, 'CO2-neutrale': 0, 'Autos': 0, 'wohl': 0, 'bald': 0, 'Mainstream': 0.05, 'sind': 0, 'G√ºnstigeren': 0.04, '√∂ffentlichen': 0.03, 'Verkehr': 0, 'das': 0, 'die': 0.09, 'Zersiedelung': 0, 'f√∂rdert': 0.05, 'Meine': 0.07, 'Kommentare': 0.17, 'zu': 0, 'den': 0.09, 'Vorschl√§gen': 0, 'der': 0.09, 'Jungen': 0, 'Gr√ºnen': 0.09, 'Klimastreik': 0.78}",negative,"[0.25178418, 0.67516744, 0.073048346]",,,,positive
75.0,75.0,86.0,0.4666666666666666,neutral,.@ChristianLevrat fordert mehr Investitionen in den √∂ffentlichen Verkehr als eine Antwort auf den #Klimawandel. Ob das seine MitgenossInnen in Z√ºrich auch so sehen #Rosengarten? Die @fdp_zh unterst√ºtzte in der Vergangenheit konsequent Infrastrukturprojekte im Kanton Z√ºrich.,fordern mehr investitionen √∂ffentlich verkehr antwort klimawandel mitgenossinnen z√ºrich sehen rosengarten unterst√ºtzen vergangenheit konsequent infrastrukturprojekte kanton z√ºrich,,,,,,,,,,,,,,,,,,,,,,,,,,,,,,,,,,,,,,,,,,,"{'fordert': 0.18, 'mehr': 0.05, 'Investitionen': 0, 'in': 0.4, 'den': 0.11, '√∂ffentlichen': 0.09, 'Verkehr': 0, 'als': 0.03, 'eine': 0, 'Antwort': 0, 'auf': 0, 'Klimawandel': 0.07500000000000001, 'Ob': 0, 'das': 0.06, 'seine': 0.07, 'MitgenossInnen': 0.06, 'Z√ºrich': 0, 'auch': 0, 'so': 0, 'sehen': 0.15, 'Rosengarten': 0.17, 'Die': 0.11, 'unterst√ºtzte': 1.0, 'der': 0.11, 'Vergangenheit': 0.88, 'konsequent': 0, 'Infrastrukturprojekte': 0.86, 'im': 0, 'Kanton': 0.15}",neutral,"[0.81627274, 0.15956387, 0.024163356]",,,,positive
100.0,100.0,100.0,0.9,neutral,"Einf√ºhrungskurs in die Raumplanung f√ºr alle neu gew√§hlten Mitglieder von √∂ffentlichen √Ñmtern im Kanton Z√ºrich mit Hochbaubezug. Spannende Themen: Verdichtung, Verkehrsplanung, Nutzungsplanung etc.- bin froh in der Hochbaukommission mit tollen Zukunftsprojekte zu wirken #HBD #grzh https://t.co/sAGNb2FSR2",einf√ºhrungskurs raumplanung all neu gew√§hlt mitglieder √∂ffentlich √§mtern kanton z√ºrich hochbaubezug spannend themen verdichtung verkehrsplanung nutzungsplanung etc froh hochbaukommission toll zukunftsprojekte wirken hbd grzh,,,,,,,,,,,,,,,,,,,,,,,,,,,,,,,,,,,,,,,,,,,"{'Einf√ºhrungskurs': 0.04, 'in': 0.01, 'die': 0.03, 'Raumplanung': 0.095, 'f√ºr': 0.02, 'alle': 0, 'neu': 0, 'gew√§hlten': 0, 'Mitglieder': 0.02, 'von': 0, '√∂ffentlichen': 0.02, '√Ñmtern': 0.05, 'im': 0, 'Kanton': 0.03, 'Z√ºrich': 0, 'mit': 0.03, 'Hochbaubezug': 0.045, 'Spannende': 0.27, 'Themen': 0, 'Verdichtung': 0, 'Verkehrsplanung': 0.5700000000000001, 'Nutzungsplanung': 0.14, 'etc.-': 0, 'bin': 0, 'froh': 0, 'der': 0.03, 'Hochbaukommission': 0.05, 'tollen': 0.04, 'Zukunftsprojekte': 0.045, 'zu': 0.02, 'wirken': 0, 'HBD': 0.05, 'grzh': 0.06}",positive,"[0.12622304, 0.029501421, 0.84427553]",,,,positive
50.0,75.0,57.0,0.0,neutral,"@MBattiger Nein, das wird sie nicht (Hint: Widerstand der Landwirtschaft) https://t.co/2p51hB6vWG https://t.co/6UfTJp2aUv",nein hint widerstehen landwirtschaft,,,,,,,,,,,,,,,,,,,,,,,,,,,,,,,,,,,,,,,,,,,,,,"{'Nein': 0.58, 'das': 0, 'wird': 0, 'sie': 0, 'nicht': 0, 'Hint': 0.2, 'Widerstand': 0.59, 'der': 0, 'Landwirtschaft': 0.66}",neutral,"[0.7789097, 0.09628157, 0.12480868]",neutral
50.0,25.0,28.0,-0.15,neutral,"Debatte um Abschaffung der Industriez√∂lle im Nationalrat: W√§hrend die Landwirtschaft bereits zollfrei ihre Maschinen importieren kann, wollen sie dies der Industrie verwehren. Dabei w√§re gerade jetzt eine Entlastung der Schweizer Wirtschaft von enorm grosser Bedeutung! #parlCH",debatte abschaffung industriez√∂lle nationalrat landwirtschaft bereits zollfrei maschinen importieren industrie verwehren dabei gerade entlastung schweizer wirtschaft enorm grosser bedeutung parlch,,,,,,,,,,,,,,,,,,,,,,,,,,,,,,,,,,,,,,,,,,,,,,"{'Debatte': 1.0, 'um': 0, 'Abschaffung': 0.17, 'der': 0.02, 'Industriez√∂lle': 0, 'im': 0, 'Nationalrat': 0.26, 'W√§hrend': 0.63, 'die': 0.02, 'Landwirtschaft': 0.39, 'bereits': 0.12, 'zollfrei': 0.04, 'ihre': 0, 'Maschinen': 0, 'importieren': 0.09, 'kann': 0.32, 'wollen': 0.09, 'sie': 0, 'dies': 0, 'Industrie': 0.04, 'verwehren': 0, 'Dabei': 0, 'w√§re': 0.06, 'gerade': 0, 'jetzt': 0.06, 'eine': 0, 'Entlastung': 0, 'Schweizer': 0.06, 'Wirtschaft': 0, 'von': 0.02, 'enorm': 0, 'grosser': 0, 'Bedeutung': 0, 'parlCH': 0.1}",positive,"[0.43548602, 0.08613925, 0.4783747]",neutral
100.0,100.0,86.0,0.7,neutral,"#Cannabis-Pilotversuch: Eine hohe Qualit√§t kann sichergestellt werden und der Schwarzmarkt wird eliminiert. Die Pr√§vention wird vereinfacht, indem der Konsum nicht versteckt erfolgt. F√ºr die Landwirtschaft schafft es zudem einen neuen Markt.

https://t.co/55IvFvdbTQ",cannabis pilotversuch hoch qualit√§t sicherstellen schwarzmarkt eliminieren pr√§vention vereinfachen konsum verstecken erfolgen landwirtschaft schaffen zudem neu markt,"{'Cannabis-Pilotversuch': 0.76, 'Eine': 0, 'hohe': 0, 'Qualit√§t': 0.4, 'kann': 0.08, 'sichergestellt': 0.14, 'werden': 0, 'und': 0.18, 'der': 0.2, 'Schwarzmarkt': 0.22, 'wird': 0, 'eliminiert': 0.19, 'Die': 0.2, 'Pr√§vention': 0.11, 'vereinfacht': 0.07, 'indem': 0, 'Konsum': 0.19, 'nicht': 0.02, 'versteckt': 0.08, 'erfolgt': 0, 'F√ºr': 0.06, 'die': 0.2, 'Landwirtschaft': 0.34, 'schafft': 0.06, 'es': 0.03, 'zudem': 0, 'einen': 0.05, 'neuen': 0.08, 'Markt': 0.22}",positive,"[0.33799785, 0.11040653, 0.5515956]",,,,,,,,,,,,,,,,,,,,,,,,,,,,,,,,,,,,,,,,,,,"{'Cannabis-Pilotversuch': 0.135, 'Eine': 0, 'hohe': 0, 'Qualit√§t': 0.14, 'kann': 0.09, 'sichergestellt': 0.12, 'werden': 0, 'und': 0.06, 'der': 0.08, 'Schwarzmarkt': 0.385, 'wird': 0, 'eliminiert': 0.22, 'Die': 0.08, 'Pr√§vention': 0.18, 'vereinfacht': 0.29, 'indem': 0, 'Konsum': 0.79, 'nicht': 0.28, 'versteckt': 0.37, 'erfolgt': 0, 'F√ºr': 0.58, 'die': 0.08, 'Landwirtschaft': 0.58, 'schafft': 1.0, 'es': 0.19, 'zudem': 0, 'einen': 0.4, 'neuen': 1.0, 'Markt': 0.68}",positive,"[0.081989355, 0.00936233, 0.90864825]",positive
75.0,75.0,71.0,0.3333333333333333,neutral,"Bin froh ist die @FDP_Liberalen-Basis in Sachen Pestizideinsatz in der Landwirtschaft nun auf derselben Linie wie die @Jungfreisinnige. Der Umweltschutz muss bei Direktzahlungen besser ber√ºcksichtigt werden, wobei wir Verbote klar ablehnen.

https://t.co/dLM5y6zFU7",froh basis sachen pestizideinsatz landwirtschaft linie umweltschutz direktzahlungen gut ber√ºcksichtigen wobei verbote klaren ablehnen,,,,,,,,,,,,,,,,,,,"{'Bin': 0, 'froh': 0, 'ist': 0.01, 'die': 0.03, '-Basis': 0, 'in': 1.0, 'Sachen': 0, 'Pestizideinsatz': 0.04, 'der': 0.03, 'Landwirtschaft': 0.03, 'nun': 0, 'auf': 0.04, 'derselben': 0.03, 'Linie': 0.04, 'wie': 0, 'Der': 0.03, 'Umweltschutz': 0.16, 'muss': 0.05, 'bei': 0, 'Direktzahlungen': 0.8049999999999999, 'besser': 0.31, 'ber√ºcksichtigt': 0.6525, 'werden': 0, 'wobei': 0, 'wir': 0, 'Verbote': 0, 'klar': 0, 'ablehnen': 0}",neutral,"[0.54722995, 0.014819176, 0.43795097]",,,,,,,"{'Bin': 0, 'froh': 0, 'ist': 0.03, 'die': 0.01, '-Basis': 0, 'in': 0.14, 'Sachen': 0, 'Pestizideinsatz': 0.03, 'der': 0.01, 'Landwirtschaft': 0.04, 'nun': 0, 'auf': 0.01, 'derselben': 0.02, 'Linie': 0.03, 'wie': 0, 'Der': 0.01, 'Umweltschutz': 0.5750000000000001, 'muss': 0.03, 'bei': 0, 'Direktzahlungen': 0.115, 'besser': 0.72, 'ber√ºcksichtigt': 0.21000000000000002, 'werden': 0, 'wobei': 0, 'wir': 0, 'Verbote': 0, 'klar': 0, 'ablehnen': 0}",positive,"[0.18808556, 0.14763676, 0.6642777]",,,,,,,,,,,,,,,,"{'Bin': 0, 'froh': 0, 'ist': 0.01, 'die': 0.01, '-Basis': 0, 'in': 0.05, 'Sachen': 0, 'Pestizideinsatz': 0.51, 'der': 0.01, 'Landwirtschaft': 1.0, 'nun': 0, 'auf': 0.01, 'derselben': 0.015, 'Linie': 0.02, 'wie': 0, 'Der': 0.01, 'Umweltschutz': 0.05, 'muss': 0.15, 'bei': 0, 'Direktzahlungen': 0.02, 'besser': 0.01, 'ber√ºcksichtigt': 0.0175, 'werden': 0, 'wobei': 0, 'wir': 0, 'Verbote': 0, 'klar': 0, 'ablehnen': 0}",neutral,"[0.9549146, 0.015476264, 0.02960913]",positive
50.0,25.0,28.0,-0.15,neutral,"RT @Jungfreisinnige: @andrisilbi_ sagt, aus liberaler Sicht laufe in der Landwirtschaftspolitik vieles falsch. Gerade die Trinkwasser-Initi‚Ä¶",sagen liberal sicht laufe landwirtschaftspolitik falsch gerade trinkwasser initi,,,,,,,,,,,,,,,,,,,,,,,,,,,,,,,,,,,,,,,,,,,,,,"{'sagt': 0.06, 'aus': 0, 'liberaler': 0, 'Sicht': 0.08, 'laufe': 0, 'in': 0.38, 'der': 0.09, 'Landwirtschaftspolitik': 0.62, 'vieles': 0.125, 'falsch': 0, 'Gerade': 0, 'die': 0.09, 'Trinkwasser-Initi': 0.07500000000000001, '‚Ä¶': 0}",positive,"[0.1504937, 0.39702722, 0.452479]",neutral
100.0,100.0,100.0,1.0,neutral,"Gemeinsam mit @MartinJucker werden wir auf dem #Juckerhof einen Rundgang machen sowie Heidelbeere ernten. Der Anlass wird abgerundet mit einem feinen Nachtessen vor Ort.

Nachhaltige #Landwirtschaft kulinarisch erleben: https://t.co/Mhd3UEQvJu https://t.co/ozBpHJvFcB",gemeinsam juckerhof rundgang sowie heidelbeere ernten anlass abrunden fein nachtessen ort nachhaltig landwirtschaft kulinarisch erleben,,,,,,,,,,,,,,,,,,,,,,,,,,,,,,,,,,,,,,,,,,,,,,"{'Gemeinsam': 0.03, 'mit': 0.04, 'werden': 0.02, 'wir': 0, 'auf': 0.03, 'dem': 0.04, 'Juckerhof': 0.1, 'einen': 0.05, 'Rundgang': 0.06, 'machen': 0.01, 'sowie': 0, 'Heidelbeere': 0, 'ernten': 0.08, 'Der': 0.04, 'Anlass': 0, 'wird': 0.02, 'abgerundet': 0.03, 'einem': 0, 'feinen': 0.06, 'Nachtessen': 0.08, 'vor': 0, 'Ort': 0, 'Nachhaltige': 1.0, 'Landwirtschaft': 1.0, 'kulinarisch': 0.14, 'erleben': 0.17}",positive,"[0.0010484431, 0.001044164, 0.9979074]",positive
100.0,100.0,86.0,0.7,neutral,"Die @FDP_Liberalen #KlimaUmfrage ist nun publik: Mitglieder anerkennen den Handlungsbedarf und w√ºnschen Eigenverantwortung vor Verbote, Kostenwahrheit, Abbau von Fehlanreizen (z.B. in Landwirtschaft), Emissionshandel, ... also smart, zukunftsgerichtet, nachhaltig und machbar.üëç",klimaumfrage publik mitglieder anerkennen handlungsbedarf w√ºnschen eigenverantwortung verbote kostenwahrheit abbau fehlanreizen z b landwirtschaft emissionshandel smart zukunftsgerichtet nachhaltig machbar,,,,,,,,,,,,,,,,,,,,,,,,,,,,,,,,,,,,,,,,,,,,,,"{'Die': 0.02, 'KlimaUmfrage': 0, 'ist': 0.01, 'nun': 0, 'publik': 0.02, 'Mitglieder': 0.03, 'anerkennen': 0.03, 'den': 0.02, 'Handlungsbedarf': 0.02, 'und': 0.03, 'w√ºnschen': 0, 'Eigenverantwortung': 0.03, 'vor': 0, 'Verbote': 0, 'Kostenwahrheit': 0.06, 'Abbau': 0.14, 'von': 0, 'Fehlanreizen': 0.33499999999999996, 'z.B.': 0, 'in': 1.0, 'Landwirtschaft': 1.0, 'Emissionshandel': 0.10500000000000001, '...': 0, 'also': 0, 'smart': 0.04, 'zukunftsgerichtet': 0, 'nachhaltig': 0, 'machbar': 0}",positive,"[0.22288403, 0.043988016, 0.7331279]",positive
50.0,75.0,57.0,0.0,neutral,"@ZLU104 @kelghazzali @Jungfreisinnige Hier eine Auswahl an Abkommen die V√∂lkerrecht betreffen&amp;nicht Referendum unterstanden: Investitionsschutzabkommen, Freihandelsabkommen, Landwirtschaftsabkommen, Luftverkehrsabkommen multilateral, Internationale Konventionen betreffend Geistiges Eigentum, R√ºckversicherungsabkommen",auswahl abkommen v√∂lkerrecht betreffen amp referendum unterstehen investitionsschutzabkommen freihandelsabkommen landwirtschaftsabkommen luftverkehrsabkommen multilateral internationale konventionen betreffen geistig eigentum r√ºckversicherungsabkommen,,,,,,,,,,,,,,,,,,,,,,,,,,,,,,,,,,,,,,,,,,,,,,"{'Hier': 0.15, 'eine': 0, 'Auswahl': 0.22, 'an': 0, 'Abkommen': 0, 'die': 0, 'V√∂lkerrecht': 0.055, 'betreffen&amp;nicht': 0.185, 'Referendum': 0.14, 'unterstanden': 0.14500000000000002, 'Investitionsschutzabkommen': 0.295, 'Freihandelsabkommen': 0, 'Landwirtschaftsabkommen': 0, 'Luftverkehrsabkommen': 0.09, 'multilateral': 0.14, 'Internationale': 0.06, 'Konventionen': 0, 'betreffend': 0, 'Geistiges': 0, 'Eigentum': 0.05, 'R√ºckversicherungsabkommen': 0.1}",neutral,"[0.56788844, 0.026546193, 0.40556535]",neutral
