answer_five,answer_four,answer_seven,polarity,sentiment_gs,tweet,tweet_tokens,absa_token_weights_3389,absa_sentiment_3389,absa_scores_3389,absa_token_weights_3392,absa_sentiment_3392,absa_scores_3392,absa_token_weights_3414,absa_sentiment_3414,absa_scores_3414,absa_token_weights_3417,absa_sentiment_3417,absa_scores_3417,absa_token_weights_3431,absa_sentiment_3431,absa_scores_3431,absa_token_weights_3433,absa_sentiment_3433,absa_scores_3433,absa_token_weights_3434,absa_sentiment_3434,absa_scores_3434,absa_token_weights_3450,absa_sentiment_3450,absa_scores_3450,absa_token_weights_3459,absa_sentiment_3459,absa_scores_3459,absa_token_weights_3466,absa_sentiment_3466,absa_scores_3466,absa_token_weights_3467,absa_sentiment_3467,absa_scores_3467,absa_token_weights_3472,absa_sentiment_3472,absa_scores_3472,absa_token_weights_3475,absa_sentiment_3475,absa_scores_3475,absa_token_weights_3479,absa_sentiment_3479,absa_scores_3479,sentiment_tb
50.0,75.0,57.0,0.0,neutral,@nickglaettli @maya_tharian Meine Aussage war konkret zur Elternzeit und ist nicht generell g√ºltig. Ich bin mit Herzblut Kantonsr√§tin. Der Kanton hat klare Kompetenz und Zust√§ndigkeiten (siehe Verfassung). So setzte ich mich bspw. ein f√ºr eine Verbesserung der Vereinbarkeit bei der Frage der Kinderbetreuung,aussagen konkret elternzeit generell g√ºltig herzblut kantonsr√§tin kanton klaren kompetenz zust√§ndigkeiten siehe verfassung setzen bspw verbesserung vereinbarkeit fragen kinderbetreuung,"{'Meine': 0.03, 'Aussage': 0.09, 'war': 0, 'konkret': 0, 'zur': 0.535, 'Elternzeit': 0.055, 'und': 0.04, 'ist': 0.02, 'nicht': 0.08, 'generell': 0.04, 'g√ºltig': 0.11, 'Ich': 0.16, 'bin': 0, 'mit': 0.07, 'Herzblut': 0.075, 'Kantonsr√§tin': 0.06, 'Der': 0.41, 'Kanton': 0.06, 'hat': 0, 'klare': 0, 'Kompetenz': 0, 'Zust√§ndigkeiten': 0.12, 'siehe': 0, 'Verfassung': 0.15, 'So': 0, 'setzte': 0, 'ich': 0.16, 'mich': 0, 'bspw.': 0, 'ein': 0, 'f√ºr': 0.03, 'eine': 0, 'Verbesserung': 0, 'der': 0.41, 'Vereinbarkeit': 0.42, 'bei': 0, 'Frage': 0, 'Kinderbetreuung': 1.0}",positive,"[0.0045719636, 0.0027740453, 0.99265397]",,,,,,,,,,,,,,,,,,,,,,,,,,,,,,,,,,,,,,,,neutral
50.0,75.0,57.0,0.0,neutral,RT @kathrinbertschy: Vorw√§rts mit dem Cannabis-Versuch: 101 √ºberparteiliche Unterschriften f√ºr Studie zum regulierten Verkauf eingereicht.‚Ä¶,vorw√§rts cannabis versuch √ºberparteilich unterschriften studie regulieren verkauf einreichen,,,,"{'Vorw√§rts': 0.22, 'mit': 0.13, 'dem': 0.12, 'Cannabis-Versuch': 0.21000000000000002, '101': 0, '√ºberparteiliche': 0, 'Unterschriften': 0.41, 'f√ºr': 0.11, 'Studie': 0.43, 'zum': 0.12, 'regulierten': 0.1, 'Verkauf': 0.11, 'eingereicht': 0.7, '‚Ä¶': 0}",neutral,"[0.9757742, 0.0055238553, 0.018701911]",,,,,,,,,,,,,,,,,,,,,,,,,,,,,,,,,,,,,neutral
50.0,75.0,57.0,0.0,neutral,RT @grunliberale: Zustimmung zum Vorstoss unserer Nationalr√§tin Margrit Kessler f√ºr eine Zulassung von #Cannabis f√ºr Schwerkranke: http://t‚Ä¶,zustimmung vorstoss nationalr√§tin margrit kessler zulassung cannabis schwerkranke,,,,"{'Zustimmung': 0.67, 'zum': 0.17, 'Vorstoss': 0.1, 'unserer': 0.11, 'Nationalr√§tin': 0.15000000000000002, 'Margrit': 0.23, 'Kessler': 0.16, 'f√ºr': 0.5, 'eine': 0, 'Zulassung': 0, 'von': 0, 'Cannabis': 1.0, 'Schwerkranke': 0.31}",positive,"[0.077667825, 0.020374486, 0.9019577]",,,,,,,,,,,,,,,,,,,,,,,,,,,,,,,,,,,,,neutral
50.0,75.0,57.0,0.0,neutral,RT @grunliberale: Die Vorlage zum #Vaterschaftsurlaub ist ein Schritt in die richtige Richtung. Wir machen uns weiterhin f√ºr eine #Elternze‚Ä¶,vorlage vaterschaftsurlaub schritt richtige richtung weiterhin elternze,,,,,,,"{'Die': 0.07, 'Vorlage': 0.73, 'zum': 0.05500000000000001, 'Vaterschaftsurlaub': 0.71, 'ist': 0.31, 'ein': 0, 'Schritt': 0.28, 'in': 0.07, 'die': 0.07, 'richtige': 0.19, 'Richtung': 0.14, 'Wir': 0.09, 'machen': 0, 'uns': 0, 'weiterhin': 0, 'f√ºr': 0.05, 'eine': 0, 'Elternze': 0.15, '‚Ä¶': 0}",positive,"[0.0036712077, 0.003184619, 0.99314415]",,,,,,,,,,,,,,,,,,,,,,,,,,,,,,,,,,neutral
50.0,75.0,57.0,0.0,negative,"RT @MargritStamm: Vaterschaftsurlaub: Hier ist der Nachweis, dass die Schweiz in dieser Hinsicht ein Entwicklungsland ist: Wir sind das Sch‚Ä¶",vaterschaftsurlaub nachweis schweiz hinsicht entwicklungsland sch,,,,,,,"{'Vaterschaftsurlaub': 0.8300000000000001, 'Hier': 0.11, 'ist': 0.03, 'der': 0.03, 'Nachweis': 0, 'dass': 0.04, 'die': 0.03, 'Schweiz': 0.06, 'in': 0.03, 'dieser': 0.04, 'Hinsicht': 0, 'ein': 0, 'Entwicklungsland': 0.035, 'Wir': 0.03, 'sind': 0.04, 'das': 0.04, 'Sch': 0, '‚Ä¶': 0}",neutral,"[0.8987755, 0.0671829, 0.03404165]",,,,,,,,,,,,,,,,,,,,,,,,,,,,,,,,,,neutral
50.0,75.0,57.0,0.0,neutral,"RT @papizeit: Geschafft üòò 120'000 Unterschriften f√ºr die #Vaterschaftsurlaub #Initiative gesammelt! 
https://t.co/b4BYAhVzCc https://t.co/m‚Ä¶",schaffen unterschriften vaterschaftsurlaub initiative sammeln,,,,,,,"{'Geschafft': 0, ""120'000"": 0, 'Unterschriften': 0.27, 'f√ºr': 0.14, 'die': 0.19, 'Vaterschaftsurlaub': 0.25, 'Initiative': 1.0, 'gesammelt': 0}",positive,"[0.009604613, 0.0027699799, 0.9876254]",,,,,,,,,,,,,,,,,,,,,,,,,,,,,,,,,,neutral
100.0,100.0,86.0,0.7,neutral,RT @QuadrantiR: #Vaterschaftsurlaub. Vereinbarkeit von Familie und Beruf f√∂rdern! https://t.co/WcVpzG246E,vaterschaftsurlaub vereinbarkeit familie beruf f√∂rdern,,,,,,,"{'Vaterschaftsurlaub': 0.97, 'Vereinbarkeit': 0, 'von': 0, 'Familie': 0, 'und': 0, 'Beruf': 0, 'f√∂rdern': 0}",positive,"[0.011489761, 0.00224709, 0.98626316]",,,,,,,,,,,,,,,,,,,,,,,,,,,,,,,,,,positive
0.0,0.0,0.0,-1.0,negative,"RT @pirminmeyer: Der #Vaterschaftsurlaub ist tot, es lebe die #Elternzeit: Die Progressiven der Schweiz bleiben dran. Inner- und ausserhalb‚Ä¶",vaterschaftsurlaub tot leben elternzeit progressiv schweiz bleiben dran inner ausserhalb,,,,,,,"{'Der': 0, 'Vaterschaftsurlaub': 0.26, 'ist': 0.61, 'tot': 0, 'es': 0.61, 'lebe': 0.25, 'die': 0, 'Elternzeit': 0.26, 'Die': 0, 'Progressiven': 0.18, 'der': 0, 'Schweiz': 0.1, 'bleiben': 0, 'dran': 0, 'Inner-': 0, 'und': 0.09, 'ausserhalb': 0.11, '‚Ä¶': 0}",negative,"[0.07565043, 0.7981613, 0.12618817]",,,,,,,,,,,,,,,,,,,,,,,,,,,,,,,,,,negative
100.0,100.0,100.0,1.0,neutral,RT @Michael_Koepfli: Sehr guter Artikel @NZZaS: Eltern- statt Vaterschaftsurlaub: https://t.co/ONBbbJJ9n7 Z.B. so: https://t.co/FlhvF3ayxT ‚Ä¶,gut artikel eltern statt vaterschaftsurlaub z b,,,,,,,"{'Sehr': 0.09, 'guter': 0, 'Artikel': 0.09, 'Eltern-': 0, 'statt': 1.0, 'Vaterschaftsurlaub': 0.83, 'Z.B.': 0, 'so': 0, '‚Ä¶': 0}",neutral,"[0.7155228, 0.0435704, 0.24090683]",,,,,,,,,,,,,,,,,,,,,,,,,,,,,,,,,,positive
0.0,0.0,0.0,-1.0,neutral,"RT @DominikElser: @andrisilbi_ @SilvanGis @sven_zurich #PapiZeit sagt ""bezahlter Vaterschaftsurlaub"". Vorschlag von @operationlibero wird d‚Ä¶",papizeit sagen bezahlt vaterschaftsurlaub vorschlag d,,,,,,,"{'PapiZeit': 0, 'sagt': 0.55, 'bezahlter': 1.0, 'Vaterschaftsurlaub': 0.935, 'Vorschlag': 0.18, 'von': 0.13, 'wird': 0.17, 'd': 0.07, '‚Ä¶': 0}",neutral,"[0.8850978, 0.011156229, 0.10374602]",,,,,,,,,,,,,,,,,,,,,,,,,,,,,,,,,,negative
100.0,100.0,100.0,1.0,neutral,RT @pirminmeyer: Bei Volksinitiativen zu gemeinn√ºtzigem Wohnungsbau und zu Entwicklungshilfe gelang es der GLP im Z√ºrcher Gemeinderat mit S‚Ä¶,volksinitiativen gemeinn√ºtzig wohnungsbau entwicklungshilfe gelingen glp z√ºrcher gemeinderat s,,,,,,,,,,"{'Bei': 0, 'Volksinitiativen': 0.16999999999999998, 'zu': 0, 'gemeinn√ºtzigem': 0, 'Wohnungsbau': 0.09, 'und': 0.06, 'Entwicklungshilfe': 0.05, 'gelang': 0.23, 'es': 0, 'der': 0.18, 'GLP': 0.16, 'im': 0, 'Z√ºrcher': 0, 'Gemeinderat': 0.195, 'mit': 0.45, 'S': 1.0, '‚Ä¶': 0}",positive,"[0.31533492, 0.022926196, 0.6617389]",,,,,,,,,,,,,,,,,,,,,,"{'Bei': 0, 'Volksinitiativen': 0.355, 'zu': 0, 'gemeinn√ºtzigem': 0, 'Wohnungsbau': 0.2, 'und': 1.0, 'Entwicklungshilfe': 0.38, 'gelang': 0.23, 'es': 0, 'der': 0.08, 'GLP': 0.1, 'im': 0, 'Z√ºrcher': 0, 'Gemeinderat': 0.025, 'mit': 0.04, 'S': 0.04, '‚Ä¶': 0}",positive,"[0.057356022, 0.0060441275, 0.93659985]",,,,,,,positive
100.0,100.0,86.0,0.7,neutral,"Wir Schweizerinnen sagen Ja zu erleichtern Einb√ºrgerung der 3. Generation am 12.2.
https://t.co/mWiPSDFnt9 https://t.co/Aueh8WLNbW",schweizerinnen sagen ja erleichtern einb√ºrgerung generation,,,,,,,,,,,,,"{'Wir': 0.11, 'Schweizerinnen': 0.20500000000000002, 'sagen': 0.22999999999999998, 'Ja': 0, 'zu': 0.22, 'erleichtern': 0, 'Einb√ºrgerung': 0, 'der': 0.1, '3.': 0, 'Generation': 0.13, 'am': 0, '12.2.': 0}",positive,"[0.04128921, 0.0056408, 0.95307004]",,,,,,,,,,,,,,,,,,,,,,,,,,,,positive
50.0,75.0,57.0,0.0,neutral,RT @beatflach: #ErleichtereEinb√ºrgerung Sieben Jungparteien im #Aargau sagen JA! #Abst17 https://t.co/JAUCb1k2JS,erleichtereeinb√ºrgerung sieben jungparteien aargau sagen ja abst17,,,,,,,,,,,,,"{'ErleichtereEinb√ºrgerung': 1.0, 'Sieben': 0.3, 'Jungparteien': 0.1, 'im': 0, 'Aargau': 0.16, 'sagen': 0.09, 'JA': 0, 'Abst17': 0.17}",positive,"[0.0017895594, 0.0017910175, 0.9964194]",,,,,,,,,,,,,,,,,,,,,,,,,,,,neutral
50.0,25.0,28.0,-0.15,negative,"RT @operationlibero: Die 6 gr√∂ssten L√ºgen des SVP-Flyers zur erleichterten Einb√ºrgerung. Lesen, JA! stimmen, retweeten: https://t.co/YM4TBY‚Ä¶",gr√∂ssten l√ºgen svp flyers erleichtern einb√ºrgerung lesen ja stimmen retweeten,,,,,,,,,,,,,"{'Die': 0.09, '6': 0, 'gr√∂ssten': 0.12, 'L√ºgen': 0, 'des': 0, 'SVP-Flyers': 0, 'zur': 0.09, 'erleichterten': 0, 'Einb√ºrgerung': 1.0, 'Lesen': 0.18, 'JA': 0, 'stimmen': 0, 'retweeten': 0.13}",positive,"[0.039586287, 0.021256462, 0.93915725]",,,,,,,,,,,,,,,,,,,,,,,,,,,,neutral
50.0,75.0,57.0,0.0,neutral,RT @SecondosPlusZH: Ab wann bist Du ein Teil der Schweiz? #abst17 #Einb√ºrgerung https://t.co/zU3JjrRlxQ https://t.co/yuGyrU4a6f,ab wann teil schweiz abst17 einb√ºrgerung,,,,,,,,,,,,,"{'Ab': 0, 'wann': 0.09, 'bist': 0.08, 'Du': 0, 'ein': 0, 'Teil': 0.06, 'der': 0, 'Schweiz': 0.17, 'abst17': 0.82, 'Einb√ºrgerung': 1.0}",neutral,"[0.69100183, 0.010604483, 0.2983937]",,,,,,,,,,,,,,,,,,,,,,,,,,,,neutral
100.0,100.0,86.0,0.7,neutral,RT @grunliberale: Unsere Delegierten sagen mit 130 zu 0 einstimmig Ja zur erleichterten Einb√ºrgerung von Personen der dritten Ausl√§ndergene‚Ä¶,delegieren sagen einstimmig ja erleichtern einb√ºrgerung personen dritt ausl√§ndergene,,,,,,,,,,,,,"{'Unsere': 0.06, 'Delegierten': 0.13, 'sagen': 0.175, 'mit': 0.07, '130': 0, 'zu': 0.2, '0': 0, 'einstimmig': 0.17, 'Ja': 0, 'zur': 0.14, 'erleichterten': 0, 'Einb√ºrgerung': 1.0, 'von': 0, 'Personen': 0, 'der': 0.08, 'dritten': 0.11, 'Ausl√§ndergene': 0, '‚Ä¶': 0}",positive,"[0.0015394705, 0.0012030866, 0.9972574]",,,,,,,,,,,,,,,,,,,,,,,,,,,,positive
75.0,75.0,71.0,0.2333333333333333,neutral,RT @jacquelinefehr: Guter Tag f√ºr die Grundrechte im NR: Ja zur erleichterten Einb√ºrgerung. Ja zum Diskr.Verbot wg sex Orientierung. Ja zu ‚Ä¶,gut tag grundrechte nr ja erleichtern einb√ºrgerung ja diskr verbieten wg sex orientierung ja,,,,,,,,,,,,,"{'Guter': 0, 'Tag': 0, 'f√ºr': 0.04, 'die': 0.05, 'Grundrechte': 0.22, 'im': 0, 'NR': 0, 'Ja': 0, 'zur': 0.04, 'erleichterten': 0, 'Einb√ºrgerung': 1.0, 'zum': 0.04, 'Diskr': 0, 'Verbot': 0.19, 'wg': 0.03, 'sex': 0.16, 'Orientierung': 0.09, 'zu': 0.03, '‚Ä¶': 0}",positive,"[0.0010780571, 0.0011058861, 0.9978161]",,,,,,,,,,,,,,,,,,,,,,,,,,,,neutral
50.0,75.0,57.0,0.0,neutral,"RT @corinaliebi: Es wird Zeit, dass f√ºr ALLE die gleichen Rechte gelten. Heiraten, Kinder adoptieren, Fortpflanzungsmedizin nutzen und eine‚Ä¶",zeit all gleich rechte gelten heiraten kinder adoptieren fortpflanzungsmedizin nutzen,,,,,,,,,,,,,,,,"{'Es': 0.05, 'wird': 0, 'Zeit': 0.06, 'dass': 0, 'f√ºr': 0.07, 'ALLE': 0.07, 'die': 0.03, 'gleichen': 0.05, 'Rechte': 0, 'gelten': 0, 'Heiraten': 0, 'Kinder': 0.25, 'adoptieren': 0.24, 'Fortpflanzungsmedizin': 0.79, 'nutzen': 0.545, 'und': 0.25, 'eine': 0, '‚Ä¶': 0}",neutral,"[0.922836, 0.00264744, 0.074516594]",,,,,,,,,,,,,,,,,,,,,,,,,neutral
50.0,75.0,57.0,0.0,neutral,"RT @alliance_F: Wem dient die #Lohngleichheit ausser den ""externen Lohnanalysten"", Herr Sch√§fer? Den Frauen bzw. 53% der Bev√∂lkerung. Reich‚Ä¶",wer dienen lohngleichheit ausser extern lohnanalysten herr sch√§fer frauen bzw bev√∂lkerung reichen,,,,,,,,,,,,,,,,,,,"{'Wem': 0, 'dient': 0, 'die': 0.07, 'Lohngleichheit': 0, 'ausser': 0, 'den': 0.07, 'externen': 0.07, 'Lohnanalysten': 0, 'Herr': 0, 'Sch√§fer': 0, 'Den': 0.07, 'Frauen': 0.4, 'bzw.': 0, '53': 0, 'der': 0.07, 'Bev√∂lkerung': 0.21, 'Reich': 0, '‚Ä¶': 0}",neutral,"[0.8677856, 0.06663444, 0.06557996]",,,,,,,,,,,,,,,,,,,,,,neutral
50.0,75.0,57.0,0.0,neutral,RT @beatflach: Beim #Lohnmobil f√ºr #Lohngleichheit https://t.co/WaUVMfUJzc,beim lohnmobil lohngleichheit,,,,,,,,,,,,,,,,,,,"{'Beim': 0.13, 'Lohnmobil': 0.37, 'f√ºr': 0.34, 'Lohngleichheit': 0}",positive,"[0.048641626, 0.007479747, 0.94387865]",,,,,,,,,,,,,,,,,,,,,,neutral
0.0,0.0,0.0,-1.0,negative,"RT @nr_mayagraf: AllianceF nimmt Stellung zu negativem Nationalratsentscheid zu Lohngleichheit: 
https://t.co/iyWte145YB",alliancef nehmen stellung negativ nationalratsentscheid lohngleichheit,,,,,,,,,,,,,,,,,,,"{'AllianceF': 0.33, 'nimmt': 0, 'Stellung': 0, 'zu': 0, 'negativem': 1.0, 'Nationalratsentscheid': 0, 'Lohngleichheit': 0.35}",negative,"[0.30745563, 0.64913964, 0.043404706]",,,,,,,,,,,,,,,,,,,,,,negative
50.0,75.0,57.0,0.0,neutral,RT @FrickerJonas: #Nationalrat streicht mit 91:89 die √Ñnderung des Gleichstellungsgesetzes (#Lohngleichheit) aus der #Legislaturplanung. @k‚Ä¶,nationalrat streichen √§nderung gleichstellungsgesetzes lohngleichheit legislaturplanung,,,,,,,,,,,,,,,,,,,"{'Nationalrat': 0, 'streicht': 0.11, 'mit': 0.05, '91:89': 0, 'die': 0.09, '√Ñnderung': 0, 'des': 0.14, 'Gleichstellungsgesetzes': 0.4225, 'Lohngleichheit': 0.21, 'aus': 0, 'der': 0.09, 'Legislaturplanung': 0.44, '‚Ä¶': 0}",positive,"[0.078534916, 0.0051381327, 0.9163269]",,,,,,,,,,,,,,,,,,,,,,neutral
50.0,75.0,57.0,0.0,neutral,"Der zweite Teil vom Anlass zum Thema: Energieeffizienz und erneuerbare Energien - Was k√∂nnen Gemeinden tun. 
Das Grusswort vom Gemeinderat Markus Uhlmann (glp) https://t.co/UDqauLHfx3",zweite teil anlass thema energieeffizienz erneuerbare energien gemeinden tun grusswort gemeinderat markus uhlmann glp,,,,,,,,,,,,,,,,,,,,,,"{'Der': 0.02, 'zweite': 0.06, 'Teil': 0.04, 'vom': 0.025, 'Anlass': 0, 'zum': 0.02, 'Thema': 0, 'Energieeffizienz': 0.265, 'und': 1.0, 'erneuerbare': 1.0, 'Energien': 0.24, 'Was': 0, 'k√∂nnen': 0, 'Gemeinden': 0.07, 'tun': 0.12, 'Das': 0.02, 'Grusswort': 0, 'Gemeinderat': 0.02, 'Markus': 0.01, 'Uhlmann': 0.02, 'glp': 0.02}",positive,"[0.049436234, 0.011779874, 0.93878394]",,,,,,,,,,,,,,,,,,,neutral
50.0,75.0,57.0,0.0,negative,"RT @WWF_Schweiz: üòÉüòÉüòÉDas gestrige JA zur #ES2050 ist JA f√ºr #Erneuerbare #Klima, weg von schmutziger #Energie wie √ñl und Gas. üôè DANKE f√ºr eu‚Ä¶",gestrig ja es2050 ja erneuerbare klima schmutzig energie √∂l gas danke eu,,,,,,,,,,,,,,,,,,,,,,"{'Das': 0, 'gestrige': 0.1, 'JA': 0.05, 'zur': 0, 'ES2050': 0.29, 'ist': 0.48, 'f√ºr': 0.12, 'Erneuerbare': 0.64, 'Klima': 0.17, 'weg': 0, 'von': 0.06, 'schmutziger': 0, 'Energie': 0.06, 'wie': 0, '√ñl': 0.03, 'und': 0.05, 'Gas': 0.03, 'DANKE': 0.12, 'eu': 0, '‚Ä¶': 0}",positive,"[0.002706457, 0.0027923412, 0.99450123]",,,,,,,,,,,,,,,,,,,neutral
50.0,75.0,57.0,0.0,neutral,RT @RuediWidmer: #Energiestrategie2050 #Tagesanzeiger #Energiestrategie #Erneuerbare #Cartoon #Windenergie #Stoppatom https://t.co/sKc7CZLi‚Ä¶,energiestrategie2050 tagesanzeiger energiestrategie erneuerbare cartoon windenergie stoppatom,,,,,,,,,,,,,,,,,,,,,,"{'Energiestrategie2050': 0.18, 'Tagesanzeiger': 0, 'Energiestrategie': 0.18, 'Erneuerbare': 1.0, 'Cartoon': 0.14, 'Windenergie': 0.05, 'Stoppatom': 0.04}",positive,"[0.12642996, 0.01771177, 0.8558582]",,,,,,,,,,,,,,,,,,,neutral
50.0,75.0,57.0,0.0,negative,RT @StefanBatzli: Erneuerbare Energien sind auf dem Vormarsch. Nicht aufzuhalten sagen @UBS und @Bloomberg im @sonntagszeitung https://t.co‚Ä¶,erneuerbare energien vormarsch aufhalten sagen,,,,,,,,,,,,,,,,,,,,,,"{'Erneuerbare': 0.77, 'Energien': 0.37, 'sind': 0.51, 'auf': 0.14, 'dem': 0.05, 'Vormarsch': 0, 'Nicht': 0, 'aufzuhalten': 0, 'sagen': 0.17, 'und': 0.17, 'im': 0.19}",positive,"[0.0012703855, 0.0013092394, 0.99742043]",,,,,,,,,,,,,,,,,,,neutral
50.0,75.0,57.0,0.0,neutral,"RT @simonschlauri: Sammelaktion f√ºr das E-Voting-Moratorium (eidg. Volksinitiative) am Hauptbahnhof Z√ºrich, diesmal mit der Digitalen Gesel‚Ä¶",sammelaktion e voting moratorium eidg volksinitiative hauptbahnhof z√ºrich diesmal digital gesel,,,,,,,,,,,,,,,,,,,,,,,,,"{'Sammelaktion': 0.94, 'f√ºr': 0.81, 'das': 0, 'E-Voting-Moratorium': 0, 'eidg': 0.25, 'Volksinitiative': 0.245, 'am': 0, 'Hauptbahnhof': 0, 'Z√ºrich': 0, 'diesmal': 0.195, 'mit': 0.2, 'der': 0.11, 'Digitalen': 0.17, 'Gesel': 0, '‚Ä¶': 0}",neutral,"[0.7645144, 0.038646426, 0.19683918]",,,,,,,,,,,,,,,,neutral
100.0,100.0,100.0,1.0,neutral,RT @joergmaeder: Mit 97:71 will der #KRZH das E-Voting nicht stoppen. Ich geh√∂re aber zu den Skeptiker. K√∂nnen wir die Sicherheit wirklich ‚Ä¶,krzh e voting stoppen geh√∂ren skeptiker sicherheit wirklich,,,,,,,,,,,,,,,,,,,,,,,,,"{'Mit': 0, '97:71': 0, 'will': 0, 'der': 0.05, 'KRZH': 0.07, 'das': 0, 'E-Voting': 0, 'nicht': 0.05, 'stoppen': 0.04, 'Ich': 0.06, 'geh√∂re': 0, 'aber': 0.12, 'zu': 0.02, 'den': 0.05, 'Skeptiker': 0.16, 'K√∂nnen': 0, 'wir': 0, 'die': 0.05, 'Sicherheit': 0, 'wirklich': 0.63, '‚Ä¶': 0}",neutral,"[0.65172064, 0.06886577, 0.27941358]",,,,,,,,,,,,,,,,positive
50.0,75.0,57.0,0.0,neutral,"""Die Digitalisierung ein dringend notwendiges Beschleunigungsmittel. Mit den herk√∂mmlichen, gem√§chlichen Massnahmen der Vergangenheit lassen sich die Probleme der Zukunft nicht l√∂sen."" von @judithbellaiche, Bitte einen Chancendiskurs!,   https://t.co/OizUIPNMUX",digitalisierung dringen notwendig beschleunigungsmittel herk√∂mmlich gem√§chlich massnahmen vergangenheit lassen probleme zukunft l√∂sen bitte chancendiskurs,,,,,,,,,,,,,,,,,,,,,,,,,,,,"{'Die': 0.04, 'Digitalisierung': 0, 'ein': 0, 'dringend': 0.15, 'notwendiges': 0, 'Beschleunigungsmittel': 0, 'Mit': 0.02, 'den': 0.04, 'herk√∂mmlichen': 0, 'gem√§chlichen': 0.06, 'Massnahmen': 0.09, 'der': 0.04, 'Vergangenheit': 0.04, 'lassen': 0, 'sich': 0, 'die': 0.04, 'Probleme': 0.12, 'Zukunft': 0.06, 'nicht': 0, 'l√∂sen': 0, 'von': 0.03, 'Bitte': 0, 'einen': 0, 'Chancendiskurs': 0}",positive,"[0.017518898, 0.0319269, 0.95055413]",,,,,,,,,,,,,neutral
100.0,100.0,100.0,1.0,neutral,RT @judithbellaiche: Auftakt zur Sessionswoche: wie stellt sich die Digitalisierung in den Dienst der Nachhaltigkeit? Bitte ein Chancendisk‚Ä¶,auftakt sessionswoche stellen digitalisierung dienen nachhaltigkeit bitte chancendisk,,,,,,,,,,,,,,,,,,,,,,,,,,,,"{'Auftakt': 0.12, 'zur': 0.075, 'Sessionswoche': 0, 'wie': 0.22, 'stellt': 0, 'sich': 0, 'die': 0.09, 'Digitalisierung': 0, 'in': 0, 'den': 0.09, 'Dienst': 0, 'der': 0.09, 'Nachhaltigkeit': 0.29, 'Bitte': 0, 'ein': 0, 'Chancendisk': 0, '‚Ä¶': 0}",positive,"[0.02216719, 0.004712166, 0.97312057]",,,,,,,,,,,,,positive
100.0,100.0,86.0,0.7,neutral,"RT @jglpZH: Der Kantonsrat hat ein JA zur Digitalisierungsinitiative der Z√ºrcher Hochschulen beschlossen! Wir begr√ºssen die DIZH, da sie ni‚Ä¶",kantonsrat ja digitalisierungsinitiative z√ºrcher hochschulen beschlie√üen begr√ºssen dizh ni,,,,,,,,,,,,,,,,,,,,,,,,,,,,"{'Der': 0.04, 'Kantonsrat': 0.1, 'hat': 0, 'ein': 0, 'JA': 0, 'zur': 0.095, 'Digitalisierungsinitiative': 1.0, 'der': 0.04, 'Z√ºrcher': 0, 'Hochschulen': 0.17, 'beschlossen': 0.11, 'Wir': 0.03, 'begr√ºssen': 0, 'die': 0.04, 'DIZH': 0.06, 'da': 0, 'sie': 0, 'ni': 0, '‚Ä¶': 0}",positive,"[0.016679551, 0.010606957, 0.9727135]",,,,,,,,,,,,,positive
50.0,25.0,28.0,-0.15,neutral,"Regierungsratkandidat der @glpzh @joergmaeder an der MV zu seiner Positionen. Wir m√ºssen die Digitalisierung nutzen als ""Vernetzung verschiedener Dienste/Informationen"" u. nicht einfach Karte als Pdf o. Email statt Brief. https://t.co/1BaXaWEQRY",regierungsratkandidat mv positionen m√ºssen digitalisierung nutzen vernetzung verschieden dienste informationen u einfach karte pdf o email statt brief,,,,,,,,,,,,,,,,,,,,,,,,,,,,"{'Regierungsratkandidat': 0.075, 'der': 0.04, 'an': 0, 'MV': 0.04, 'zu': 0.4, 'seiner': 0.08, 'Positionen': 0.08, 'Wir': 0.24, 'm√ºssen': 0.4, 'die': 0.04, 'Digitalisierung': 0, 'nutzen': 0.7, 'als': 0.04, 'Vernetzung': 0.12, 'verschiedener': 0, 'Dienste': 0.05, 'Informationen': 0.11, 'u.': 0, 'nicht': 0.74, 'einfach': 0, 'Karte': 0, 'Pdf': 0.06, 'o.': 0, 'Email': 0.05, 'statt': 0.035, 'Brief': 0}",neutral,"[0.74448013, 0.054809775, 0.20071012]",,,,,,,,,,,,,neutral
50.0,75.0,57.0,0.0,neutral,RT @christoph_col: Die sozio√∂konomischen Folgen der Digitalisierung https://t.co/GB6B5NYVra,sozio√∂konomischen folgen digitalisierung,,,,,,,,,,,,,,,,,,,,,,,,,,,,"{'Die': 0.21, 'sozio√∂konomischen': 0, 'Folgen': 0, 'der': 0.21, 'Digitalisierung': 0}",positive,"[0.103684574, 0.19648942, 0.69982594]",,,,,,,,,,,,,neutral
50.0,75.0,57.0,0.0,neutral,"RT @glpzh: Die @grunliberale sind die wirtschaftsfreundlichste Partei. 
Das Ranking der @Handelszeitung zeigt, dass Klima- und Umweltschutz‚Ä¶",wirtschaftsfreundlichste partei ranking zeigen klima umweltschutz,,,,,,,,,,,,,,,,,,,,,,,,,,,,,,,"{'Die': 0.09, 'sind': 0.1, 'die': 0.09, 'wirtschaftsfreundlichste': 0.09, 'Partei': 0.08, 'Das': 0.09, 'Ranking': 0.17, 'der': 0.09, 'zeigt': 0, 'dass': 0.65, 'Klima-': 0.17, 'und': 0.31, 'Umweltschutz': 0.3, '‚Ä¶': 0}",positive,"[0.0011099677, 0.0009241129, 0.99796593]",,,,,,,,,,neutral
50.0,75.0,57.0,0.0,neutral,"RT @glpzh: Heute bei ‚Äûglp Frauen im Spotlight‚Äú:
Melissa N√§f-Doffey aus Bassersdorf (Bezirk B√ºlach).
""Umweltschutz ist auch eines meiner Ker‚Ä¶",heute glp frauen spotlight melissa n√§f doffey bassersdorf bezirk b√ºlach umweltschutz ker,,,,,,,,,,,,,,,,,,,,,,,,,,,,,,,"{'Heute': 0.12, 'bei': 0.1, '‚Äû': 0, 'glp': 0, 'Frauen': 0, 'im': 0, 'Spotlight': 0, '‚Äú': 0, 'Melissa': 0, 'N√§f-Doffey': 0, 'aus': 0, 'Bassersdorf': 0, 'Bezirk': 0, 'B√ºlach': 0, 'Umweltschutz': 0, 'ist': 0, 'auch': 0, 'eines': 0, 'meiner': 0, 'Ker': 0, '‚Ä¶': 0}",positive,"[0.065142356, 0.0046172137, 0.93024045]",,,,,,,,,,neutral
100.0,100.0,86.0,0.7,neutral,"RT @jungeGLPLuzern: Noemi setzt sich f√ºr einen ausgebauten Umweltschutz, sowie eine liberale Gesellschafts- und Wirtschaftspolitik ein. htt‚Ä¶",noemi setzen ausgebaut umweltschutz sowie liberale gesellschafts wirtschaftspolitik htt,,,,,,,,,,,,,,,,,,,,,,,,,,,,,,,"{'Noemi': 0.16, 'setzt': 0, 'sich': 0, 'f√ºr': 0, 'einen': 0.14, 'ausgebauten': 1.0, 'Umweltschutz': 0.76, 'sowie': 0.09, 'eine': 0, 'liberale': 0.14, 'Gesellschafts-': 0.05, 'und': 0.05, 'Wirtschaftspolitik': 0.125, 'ein': 0, 'htt': 0.06, '‚Ä¶': 0}",positive,"[0.0010205648, 0.0011336588, 0.99784577]",,,,,,,,,,positive
100.0,100.0,86.0,0.7,neutral,"RT @GlpHorgen: Maurus Frei f√ºhrt in die Thematik ein: 
""Es geht um Umweltschutz, Wirtschaft und Infrastruktur""
#glpgotthard",maurus frei f√ºhren thematik gehen umweltschutz wirtschaft infrastruktur glpgotthard,,,,,,,,,,,,,,,,,,,,,,,,,,,,,,,"{'Maurus': 0.12, 'Frei': 0, 'f√ºhrt': 0, 'in': 0, 'die': 0.09, 'Thematik': 0, 'ein': 0, 'Es': 0, 'geht': 0, 'um': 0, 'Umweltschutz': 0.795, 'Wirtschaft': 0, 'und': 0.3, 'Infrastruktur': 0.58, 'glpgotthard': 0.19}",positive,"[0.16017637, 0.013070667, 0.8267529]",,,,,,,,,,positive
50.0,75.0,57.0,0.0,neutral,RT @nr_mayagraf: Unsere Initiative @grueneBL zur Rettung des Umweltschutzabos Region Basel hat Erfolg. heute in 20minuten.ch http://t.co/ox‚Ä¶,initiative rettung umweltschutzabos region basel erfolg heute 20minuten ch,,,,,,,,,,,,,,,,,,,,,,,,,,,,,,,"{'Unsere': 0.24, 'Initiative': 0.52, 'zur': 0.185, 'Rettung': 0, 'des': 0, 'Umweltschutzabos': 0.55, 'Region': 0.12, 'Basel': 0.17, 'hat': 0, 'Erfolg': 1.0, 'heute': 0.24, 'in': 0.11, '20minuten.ch': 0}",positive,"[0.0040300163, 0.0021901543, 0.99377984]",,,,,,,,,,neutral
50.0,75.0,57.0,0.0,neutral,Umweltschutz ist profitabel. √ñkologie und √ñkonomie gehen zusammen. Deshalb Liste5 glp n√§chsten Sonntag @glpzh  https://t.co/qIdHqWZKbP,umweltschutz profitabel √∂kologie √∂konomie gehen zusammen deshalb liste5 glp n√§chst sonntag,,,,,,,,,,,,,,,,,,,,,,,,,,,,,,,"{'Umweltschutz': 0.72, 'ist': 0.74, 'profitabel': 1.0, '√ñkologie': 0.32, 'und': 0.15, '√ñkonomie': 0.22, 'gehen': 0, 'zusammen': 0.17, 'Deshalb': 0.45, 'Liste5': 0, 'glp': 0.14, 'n√§chsten': 0.14, 'Sonntag': 0.13}",positive,"[0.0009975452, 0.0010303331, 0.9979721]",,,,,,,,,,neutral
100.0,100.0,86.0,0.7,neutral,"Die Diskussion ist in vollem gange am Podium vom JugendPolitikTag vom @JupaZ
Von Migration √ºber die Problematik des Waffenexports, den Umfang von Entwicklungshilfe bis zur Wichtigkeit von Bildung. Es wurde schon vieles angesprochen. https://t.co/wW7qfjFgPk",diskussion voll gange podium jugendpolitiktag migration problematik waffenexports umfang entwicklungshilfe wichtigkeit bildung schon ansprechen,,,,,,,,,,,,,,,,,,,,,,,,,,,,,,,,,,"{'Die': 0.05, 'Diskussion': 0.13, 'ist': 0.07, 'in': 0.04, 'vollem': 0.03, 'gange': 0, 'am': 0, 'Podium': 0.06, 'vom': 0.060000000000000005, 'JugendPolitikTag': 0.05, 'Von': 0.07, 'Migration': 0.05, '√ºber': 0, 'die': 0.05, 'Problematik': 0.04, 'des': 0.07, 'Waffenexports': 0.05, 'den': 0.05, 'Umfang': 0.06, 'von': 0.07, 'Entwicklungshilfe': 0.06, 'bis': 0, 'zur': 0.05, 'Wichtigkeit': 0.07, 'Bildung': 0.11, 'Es': 0.07, 'wurde': 0, 'schon': 0, 'vieles': 0, 'angesprochen': 0}",positive,"[0.058294028, 0.018082337, 0.92362356]",,,,,,,positive
100.0,100.0,100.0,1.0,neutral,RT @pirminmeyer: Bei Volksinitiativen zu gemeinn√ºtzigem Wohnungsbau und zu Entwicklungshilfe gelang es der GLP im Z√ºrcher Gemeinderat mit S‚Ä¶,volksinitiativen gemeinn√ºtzig wohnungsbau entwicklungshilfe gelingen glp z√ºrcher gemeinderat s,,,,,,,,,,"{'Bei': 0, 'Volksinitiativen': 0.16999999999999998, 'zu': 0, 'gemeinn√ºtzigem': 0, 'Wohnungsbau': 0.09, 'und': 0.06, 'Entwicklungshilfe': 0.05, 'gelang': 0.23, 'es': 0, 'der': 0.18, 'GLP': 0.16, 'im': 0, 'Z√ºrcher': 0, 'Gemeinderat': 0.195, 'mit': 0.45, 'S': 1.0, '‚Ä¶': 0}",positive,"[0.31533492, 0.022926196, 0.6617389]",,,,,,,,,,,,,,,,,,,,,,"{'Bei': 0, 'Volksinitiativen': 0.355, 'zu': 0, 'gemeinn√ºtzigem': 0, 'Wohnungsbau': 0.2, 'und': 1.0, 'Entwicklungshilfe': 0.38, 'gelang': 0.23, 'es': 0, 'der': 0.08, 'GLP': 0.1, 'im': 0, 'Z√ºrcher': 0, 'Gemeinderat': 0.025, 'mit': 0.04, 'S': 0.04, '‚Ä¶': 0}",positive,"[0.057356022, 0.0060441275, 0.93659985]",,,,,,,positive
100.0,100.0,100.0,1.0,neutral,"Wir sind immer noch mitten im Thema Bildung in der Budgetdebatte. F√ºr die @glpzh setze ich mich f√ºr den Forschungsstandort ZH ein u erl√§utere in meinem Votum, dass f√ºr eine qualitativ gute Forschung auch ein Forschungssemester und die internationale Zusammenarbeit notwendig ist. https://t.co/Yr4TwBJZ0I",immer mitten thema bildung budgetdebatte setzen forschungsstandort zh u erl√§utern votum qualitativ gut forschung forschungssemester internationale zusammenarbeit notwendig,,,,,,,,,,,,,,,,,,,,,,,,,,,,,,,,,,,,,"{'Wir': 0.08, 'sind': 0.02, 'immer': 0, 'noch': 0.1, 'mitten': 0.20500000000000002, 'im': 0, 'Thema': 0, 'Bildung': 1.0, 'in': 0.02, 'der': 0.04, 'Budgetdebatte': 0, 'F√ºr': 0.02, 'die': 0.04, 'setze': 0, 'ich': 0.03, 'mich': 0, 'f√ºr': 0.02, 'den': 0.04, 'Forschungsstandort': 0.065, 'ZH': 0.03, 'ein': 0, 'u': 0.02, 'erl√§utere': 0.08, 'meinem': 0.02, 'Votum': 0.06, 'dass': 0.03, 'eine': 0, 'qualitativ': 0, 'gute': 0.03, 'Forschung': 0.1, 'auch': 0, 'Forschungssemester': 0.08, 'und': 0.03, 'internationale': 0.03, 'Zusammenarbeit': 0.1, 'notwendig': 0.03, 'ist': 0}",neutral,"[0.6958312, 0.08509582, 0.219073]",,,,positive
50.0,75.0,57.0,0.0,neutral,RT @grunliberale: Die unendliche Geschichte √ºber #Pestizide und #√úberd√ºngung in der Landwirtschaft (6/6). Morgen kann die Geschichte eine g‚Ä¶,unendliche geschichte pestizide √ºberd√ºngung landwirtschaft morgen geschichte g,,,,,,,,,,,,,,,,,,,,,,,,,,,,,,,,,,,,,,,,"{'Die': 0.2, 'unendliche': 0, 'Geschichte': 0.45, '√ºber': 0, 'Pestizide': 0.13, 'und': 0.16, '√úberd√ºngung': 0.14, 'in': 0.12, 'der': 0.2, 'Landwirtschaft': 0.17, '6': 0, 'Morgen': 0.22, 'kann': 0, 'die': 0.2, 'eine': 0, 'g': 0, '‚Ä¶': 0}",neutral,"[0.7592255, 0.079605155, 0.16116937]",neutral
50.0,75.0,57.0,0.0,neutral,RT @grunliberale: Die unendliche Geschichte √ºber #Pestizide und #√úberd√ºngung in der Landwirtschaft (5/6). 2019: Die Umweltziele in der Land‚Ä¶,unendliche geschichte pestizide √ºberd√ºngung landwirtschaft umweltziele land,,,,,,,,,,,,,,,,,,,,,,,,,,,,,,,,,,,,,,,,"{'Die': 0.06, 'unendliche': 0, 'Geschichte': 0.13, '√ºber': 0, 'Pestizide': 0.06, 'und': 0.09, '√úberd√ºngung': 0.1, 'in': 0.08, 'der': 0.06, 'Landwirtschaft': 0.07, '5': 0, '6': 0, '2019': 0, 'Umweltziele': 0.535, 'Land': 0, '‚Ä¶': 0}",positive,"[0.047069285, 0.0047635455, 0.94816715]",neutral
50.0,75.0,57.0,0.0,neutral,"RT @grunliberale: Die unendliche Geschichte √ºber #Pestizide und #√úberd√ºngung in der Landwirtschaft (4/6). 2017: Der Bundesrat lehnt es ab,‚Ä¶",unendliche geschichte pestizide √ºberd√ºngung landwirtschaft bundesrat lehnen ab,,,,,,,,,,,,,,,,,,,,,,,,,,,,,,,,,,,,,,,,"{'Die': 0.37, 'unendliche': 0, 'Geschichte': 0.25, '√ºber': 0, 'Pestizide': 0.24, 'und': 0.09, '√úberd√ºngung': 0.31, 'in': 0.12, 'der': 0.37, 'Landwirtschaft': 0.19, '4': 0, '6': 0, '2017': 0, 'Der': 0.37, 'Bundesrat': 0.765, 'lehnt': 1.0, 'es': 0, 'ab': 0, '‚Ä¶': 0}",neutral,"[0.56351465, 0.101497404, 0.3349879]",neutral
50.0,75.0,57.0,0.0,neutral,RT @grunliberale: Die unendliche Geschichte √ºber #Pestizide und #√úberd√ºngung in der Landwirtschaft (3/6). 2017: Die Volksinitiative @Trinkw‚Ä¶,unendliche geschichte pestizide √ºberd√ºngung landwirtschaft volksinitiative,,,,,,,,,,,,,,,,,,,,,,,,,,,,,,,,,,,,,,,,"{'Die': 0.29, 'unendliche': 0, 'Geschichte': 0.17, '√ºber': 0, 'Pestizide': 0.3, 'und': 0.08, '√úberd√ºngung': 0.35, 'in': 0.12, 'der': 0.29, 'Landwirtschaft': 0.3, '3': 0, '6': 0, '2017': 0, 'Volksinitiative': 1.0, '‚Ä¶': 0}",positive,"[0.15323076, 0.013635912, 0.83313334]",neutral
50.0,75.0,57.0,0.0,neutral,RT @grunliberale: Die unendliche Geschichte √ºber #Pestizide und #√úberd√ºngung in der Landwirtschaft (2/6). 2016: Der Bundesrat stellt im Ber‚Ä¶,unendliche geschichte pestizide √ºberd√ºngung landwirtschaft bundesrat stellen ber,,,,,,,,,,,,,,,,,,,,,,,,,,,,,,,,,,,,,,,,"{'Die': 0.15, 'unendliche': 0, 'Geschichte': 0.15, '√ºber': 0, 'Pestizide': 0.07, 'und': 0.07, '√úberd√ºngung': 0.09, 'in': 0.05, 'der': 0.15, 'Landwirtschaft': 0.08, '2': 0, '6': 0, '2016': 0, 'Der': 0.15, 'Bundesrat': 0.14, 'stellt': 0, 'im': 0, 'Ber': 0, '‚Ä¶': 0}",neutral,"[0.6988134, 0.021779153, 0.27940747]",neutral
50.0,75.0,57.0,0.0,neutral,RT @grunliberale: Die unendliche Geschichte √ºber #Pestizide und #√úberd√ºngung in der Landwirtschaft (1/6). 2012 stimmt der Nationalrat auf I‚Ä¶,unendliche geschichte pestizide √ºberd√ºngung landwirtschaft stimmen nationalrat i,,,,,,,,,,,,,,,,,,,,,,,,,,,,,,,,,,,,,,,,"{'Die': 0.16, 'unendliche': 0, 'Geschichte': 0.03, '√ºber': 0, 'Pestizide': 0.06, 'und': 0.03, '√úberd√ºngung': 0.06, 'in': 0.17, 'der': 0.16, 'Landwirtschaft': 0.04, '1': 0, '6': 0, '2012': 0, 'stimmt': 0, 'Nationalrat': 0.155, 'auf': 1.0, 'I': 0.5, '‚Ä¶': 0}",neutral,"[0.9379421, 0.009890689, 0.052167147]",neutral
100.0,100.0,86.0,0.7,neutral,RT @grunliberale: Die Schweiz muss die nat√ºrlichen Lebensgrundlagen und die #Biodiversit√§t sch√ºtzen. Fehlanreize in der Landwirtschaft m√ºss‚Ä¶,schweiz nat√ºrlich lebensgrundlagen biodiversit√§t sch√ºtzen fehlanreize landwirtschaft m√ºss,,,,,,,,,,,,,,,,,,,,,,,,,,,,,,,,,,,,,,,,"{'Die': 0.08, 'Schweiz': 0.14, 'muss': 0, 'die': 0.08, 'nat√ºrlichen': 0.07, 'Lebensgrundlagen': 0, 'und': 0.08, 'Biodiversit√§t': 0.07, 'sch√ºtzen': 0, 'Fehlanreize': 0.84, 'in': 0.52, 'der': 0.08, 'Landwirtschaft': 0.79, 'm√ºss': 0, '‚Ä¶': 0}",positive,"[0.030744564, 0.005195636, 0.96405977]",positive
50.0,75.0,57.0,0.0,neutral,"RT @kathrinbertschy: Die Schweizer Landwirtschaft muss √∂kologischer werden. Deshalb will ich vom Bundesrat wissen, welche konkreten Massnah‚Ä¶",schweizer landwirtschaft √∂kologisch deshalb bundesrat wissen welch konkret massnah,,,,,,,,,,,,,,,,,,,,,,,,,,,,,,,,,,,,,,,,"{'Die': 0.08, 'Schweizer': 1.0, 'Landwirtschaft': 1.0, 'muss': 0.03, '√∂kologischer': 0.325, 'werden': 0, 'Deshalb': 0, 'will': 0, 'ich': 0.06, 'vom': 0.065, 'Bundesrat': 0.135, 'wissen': 0.03, 'welche': 0, 'konkreten': 0, 'Massnah': 0, '‚Ä¶': 0}",positive,"[0.12283192, 0.02785987, 0.84930825]",neutral
50.0,75.0,57.0,0.0,neutral,RT @grunliberale: Unser Nationalrat Thomas Weibel war mit SVP-Kollege Keller heuen - seine Kritik an der Landwirtschaftspolitik bleibt http‚Ä¶,nationalrat thomas weibel svp kollege keller heuen kritik landwirtschaftspolitik bleiben http,,,,,,,,,,,,,,,,,,,,,,,,,,,,,,,,,,,,,,,,"{'Unser': 0.07, 'Nationalrat': 0.12, 'Thomas': 0.1, 'Weibel': 0.09, 'war': 0, 'mit': 0.13, 'SVP-Kollege': 0.09, 'Keller': 0.1, 'heuen': 0, 'seine': 1.0, 'Kritik': 1.0, 'an': 0, 'der': 0, 'Landwirtschaftspolitik': 0.48, 'bleibt': 0.57, 'http': 0.28, '‚Ä¶': 0}",positive,"[0.2170866, 0.009992603, 0.7729208]",neutral
50.0,75.0,57.0,0.0,neutral,"RT @basilanderau: keine #landwirtschaftssubventionen f√ºr pestizid- und antibiotikabauern: https://t.co/xbIbfwULdB

ausdrucken, unterschreib‚Ä¶",landwirtschaftssubventionen pestizid antibiotikabauern ausdrucken unterschreib,,,,,,,,,,,,,,,,,,,,,,,,,,,,,,,,,,,,,,,,"{'keine': 0, 'landwirtschaftssubventionen': 0.51, 'f√ºr': 0.38, 'pestizid-': 0, 'und': 0.14, 'antibiotikabauern': 0, 'ausdrucken': 0, 'unterschreib': 0.12, '‚Ä¶': 0}",neutral,"[0.74245393, 0.06895807, 0.18858802]",neutral
100.0,100.0,86.0,0.7,neutral,RT @glp_GR: Das Bundesamt f√ºr Landwirtschaft gewichtet den Pflanzenschutz h√∂her als den Gew√§sserschutz. Natur und Menschen... https://t.co/‚Ä¶,bundesamt landwirtschaft gewichten pflanzenschutz hoch gew√§sserschutz natur menschen,,,,,,,,,,,,,,,,,,,,,,,,,,,,,,,,,,,,,,,,"{'Das': 0.1, 'Bundesamt': 0.11, 'f√ºr': 0.09, 'Landwirtschaft': 0.15, 'gewichtet': 0, 'den': 0.1, 'Pflanzenschutz': 0.08499999999999999, 'h√∂her': 0, 'als': 0, 'Gew√§sserschutz': 0.08, 'Natur': 1.0, 'und': 1.0, 'Menschen': 0.92, '...': 0}",positive,"[0.11388661, 0.011346465, 0.87476695]",positive
50.0,75.0,57.0,0.0,neutral,RT @joergmaeder: #DVglpCH @kathrinbertschy: Es braucht nicht mehr Subventionen in der Landwirtschaft sondern einen gezielteren Einsatz. htt‚Ä¶,dvglpch brauchen mehr subventionen landwirtschaft gezielt einsatz htt,,,,,,,,,,,,,,,,,,,,,,,,,,,,,,,,,,,,,,,,"{'DVglpCH': 0.36, 'Es': 0, 'braucht': 0, 'nicht': 0.93, 'mehr': 0.27, 'Subventionen': 0.9, 'in': 0, 'der': 0, 'Landwirtschaft': 1.0, 'sondern': 0.56, 'einen': 0, 'gezielteren': 0.25, 'Einsatz': 0, 'htt': 0.16, '‚Ä¶': 0}",positive,"[0.016929884, 0.0032982312, 0.9797719]",neutral
50.0,75.0,57.0,0.0,neutral,RT @kathrinbertschy: Mehr √ñkologie UND √ñkonomie in der #Landwirtschaft. Meine Position im Interview mit @Jaegerhj f√ºr die @BauernZeitung1 h‚Ä¶,mehr √∂kologie √∂konomie landwirtschaft position interview h,,,,,,,,,,,,,,,,,,,,,,,,,,,,,,,,,,,,,,,,"{'Mehr': 0.19, '√ñkologie': 0.19, 'UND': 0.1, '√ñkonomie': 0.11, 'in': 0.22, 'der': 0.19, 'Landwirtschaft': 0.22, 'Meine': 0.41, 'Position': 0.5, 'im': 0, 'Interview': 0.26, 'mit': 0.4, 'f√ºr': 0.3, 'die': 0.19, 'h': 1.0, '‚Ä¶': 0}",positive,"[0.20148101, 0.01100451, 0.78751445]",neutral
50.0,75.0,57.0,0.0,neutral,RT @grunliberale: Interview mit unserer Berner Nationalr√§tin @kathrinbertschy √ºber gr√ºnliberale Landwirtschaftspolitik @BauernZeitung1: htt‚Ä¶,interview berner nationalr√§tin gr√ºnliberale landwirtschaftspolitik htt,,,,,,,,,,,,,,,,,,,,,,,,,,,,,,,,,,,,,,,,"{'Interview': 1.0, 'mit': 1.0, 'unserer': 0.35, 'Berner': 0, 'Nationalr√§tin': 0.38, '√ºber': 0, 'gr√ºnliberale': 0.16, 'Landwirtschaftspolitik': 0.505, 'htt': 0.36, '‚Ä¶': 0}",neutral,"[0.6282867, 0.018575804, 0.3531374]",neutral
