answer_five,answer_four,answer_seven,polarity,sentiment_gs,tweet,tweet_tokens,absa_token_weights_3392,absa_sentiment_3392,absa_scores_3392,absa_token_weights_3431,absa_sentiment_3431,absa_scores_3431,absa_token_weights_3434,absa_sentiment_3434,absa_scores_3434,absa_token_weights_3450,absa_sentiment_3450,absa_scores_3450,absa_token_weights_3459,absa_sentiment_3459,absa_scores_3459,absa_token_weights_3462,absa_sentiment_3462,absa_scores_3462,absa_token_weights_3467,absa_sentiment_3467,absa_scores_3467,absa_token_weights_3479,absa_sentiment_3479,absa_scores_3479,sentiment_tb
100.0,100.0,86.0,0.7,neutral,"RT @GrueneZuerich: +++BREAKING+++ Bundesgericht legalisiert den Besitz von bis zu 10 Gramm #Cannabis!
https://t.co/NTpitoG53K",breaking bundesgericht legalisieren besitzen gramm cannabis,"{'BREAKING+++': 0, 'Bundesgericht': 0.155, 'legalisiert': 0, 'den': 0.1, 'Besitz': 0.26, 'von': 0, 'bis': 0, 'zu': 0.12, '10': 0, 'Gramm': 0, 'Cannabis': 1.0}",neutral,"[0.74467945, 0.021064145, 0.23425637]",,,,,,,,,,,,,,,,,,,,,,positive
50.0,75.0,57.0,0.0,neutral,RT @FrickerJonas: Abstimmungsempfehlungen der #Gr√ºnen f√ºr den 12. Februar. #USR3 #naf #Abst17 #einb√ºrgerung #parlCH https://t.co/RfCI1m95h4,abstimmungsempfehlungen gr√ºn februar usr3 naf abst17 einb√ºrgerung parlch,,,,"{'Abstimmungsempfehlungen': 0.05, 'der': 0.03, 'Gr√ºnen': 0.02, 'f√ºr': 0.04, 'den': 0.03, '12.': 0, 'Februar': 0.03, 'USR3': 0.08, 'naf': 0.08, 'Abst17': 0.46, 'einb√ºrgerung': 1.0, 'parlCH': 0.13}",neutral,"[0.634867, 0.009517511, 0.35561553]",,,,,,,,,,,,,,,,,,,neutral
0.0,0.0,0.0,-1.0,neutral,"RT @turlesque: Island f√ºhrt eiskalt ein Gesetz ein, um Unternehmen zu b√ºssen, welche die #Lohngleichheit f√ºr Frauen missachten. https://t.c‚Ä¶",island f√ºhren eiskalt gesetz unternehmen b√ºssen welch lohngleichheit frauen missachten,,,,,,,"{'Island': 0, 'f√ºhrt': 0, 'eiskalt': 0, 'ein': 0, 'Gesetz': 0.46, 'um': 0.1, 'Unternehmen': 0, 'zu': 0.24, 'b√ºssen': 0.24, 'welche': 0, 'die': 0, 'Lohngleichheit': 0, 'f√ºr': 0.15, 'Frauen': 0.13, 'missachten': 1.0}",negative,"[0.2675053, 0.6597939, 0.07270071]",,,,,,,,,,,,,,,,negative
100.0,100.0,100.0,1.0,neutral,"76 Prozent des Stroms aus Schweizer Steckdosen stammten 2020 aus erneuerbaren Energien! Nur noch 20% aus AKW. Stehen die wirklich so h√§ufig still?
https://t.co/ybgBmJlDXe",prozent stroms schweizer steckdosen stammen erneuerbaren energien akw stehen wirklich h√§ufig stillen,,,,,,,,,,"{'76': 0, 'Prozent': 0.06, 'des': 0.05, 'Stroms': 0, 'aus': 0, 'Schweizer': 0.03, 'Steckdosen': 0.02, 'stammten': 0.055, '2020': 0, 'erneuerbaren': 0.06, 'Energien': 0.04, 'Nur': 0, 'noch': 0.18, '20': 0, 'AKW': 0.025, 'Stehen': 0.15, 'die': 0.03, 'wirklich': 0.36, 'so': 0, 'h√§ufig': 0.27, 'still': 0.18}",neutral,"[0.75567067, 0.21151248, 0.032816824]",,,,,,,,,,,,,positive
100.0,100.0,100.0,0.9,neutral,RT @AEE_SUISSE: ‚Å¶@Damian_Mueller_‚Å© analysiert richtig: Ohne Stromabkommen wird die Schweiz sicher mehr und schneller erneuerbare Energien a‚Ä¶,analysieren richtig stromabkommen schweiz sichern mehr schnell erneuerbare energien a,,,,,,,,,,"{'\u2066\u2069': 0, 'analysiert': 0, 'richtig': 0, 'Ohne': 0, 'Stromabkommen': 0, 'wird': 0, 'die': 0, 'Schweiz': 0, 'sicher': 0, 'mehr': 0, 'und': 0, 'schneller': 0, 'erneuerbare': 0, 'Energien': 0, 'a': 0, '‚Ä¶': 0}",positive,"[0.030595822, 0.012190107, 0.9572141]",,,,,,,,,,,,,positive
50.0,75.0,57.0,0.0,neutral,"Bis 2025 √ºberholen die Erneuerbaren Energien die Kohle, welche seit 1950 der wichtigste Energietr√§ger f√ºr die Stromerzeugung war! https://t.co/LxxF9TuMAf",√ºberholen erneuerbaren energien kohle welch seit wichtigste energietr√§ger stromerzeugung,,,,,,,,,,"{'Bis': 0, '2025': 0, '√ºberholen': 0.58, 'die': 0.1, 'Erneuerbaren': 0, 'Energien': 1.0, 'Kohle': 0, 'welche': 0.08, 'seit': 0.06, '1950': 0, 'der': 0.1, 'wichtigste': 0.055, 'Energietr√§ger': 0.175, 'f√ºr': 0.06, 'Stromerzeugung': 0.11, 'war': 0}",positive,"[0.019676717, 0.009494481, 0.9708288]",,,,,,,,,,,,,neutral
50.0,75.0,57.0,0.0,neutral,"Gute Vorzeichen f√ºr die Photovoltaik im kommenden Jahr. Die Wartelisten werden 2021 komplett abgebaut. Damit kann sich die g√ºnstigste Energieform in der Schweiz weiter etablieren.
K√∂nnen die neuen Erneuerbaren 2021 schon die 10% Stromanteil √ºberschreiten?

https://t.co/9kL2vCXAqD https://t.co/HDM4JFFU72",gut vorzeichen photovoltaik kommend jahr wartelisten komplett abbauen g√ºnstig energieform schweiz weit etablieren neu erneuerbaren schon stromanteil √ºberschreiten,,,,,,,,,,"{'Gute': 0, 'Vorzeichen': 0, 'f√ºr': 0.02, 'die': 0.05, 'Photovoltaik': 0.04, 'im': 0, 'kommenden': 0.01, 'Jahr': 0.02, 'Die': 0.05, 'Wartelisten': 0.025, 'werden': 0.07, '2021': 0, 'komplett': 0.09, 'abgebaut': 0, 'Damit': 0.03, 'kann': 1.0, 'sich': 0, 'g√ºnstigste': 0, 'Energieform': 0.025, 'in': 0.04, 'der': 0.05, 'Schweiz': 0.05, 'weiter': 0, 'etablieren': 0.03, 'K√∂nnen': 0.05, 'neuen': 0.1, 'Erneuerbaren': 0.4, 'schon': 0, '10': 0, 'Stromanteil': 0.04, '√ºberschreiten': 0.41}",negative,"[0.12470145, 0.84986556, 0.025433043]",,,,,,,,,,,,,neutral
50.0,75.0,57.0,0.0,neutral,"Die Erneuerbaren-Branche wachsen weiter: 11,5 Millionen Arbeitspl√§tze waren es 2019! IRENA-Jobmonitor: Erneuerbaren-Branche schafft weltweit Arbeitspl√§tze https://t.co/vmBQBJETbl via @energiezukunft_",erneuerbaren branche wachsen weit millionen arbeitspl√§tze irena jobmonitor erneuerbaren branche schaffen weltweit arbeitspl√§tze via,,,,,,,,,,"{'Die': 0.13, 'Erneuerbaren-Branche': 0.405, 'wachsen': 0.14, 'weiter': 0, '11,5': 0, 'Millionen': 0, 'Arbeitspl√§tze': 0.21, 'waren': 0, 'es': 0, '2019': 0, 'IRENA-Jobmonitor': 0.47, 'schafft': 0.76, 'weltweit': 0.27, 'via': 0.26}",positive,"[0.01819714, 0.0071313484, 0.97467154]",,,,,,,,,,,,,neutral
100.0,100.0,100.0,0.85,neutral,"Ein Jahrzehnt des Wachstums f√ºr Erneuerbare. Insbesondere die Photovoltaik und die Windkraft sind innerhalb von nur zehn Jahren f√ºr viele L√§nder die kosteng√ºnstigsten Energieversorgungsquellen geworden, unabh√§ngig von ihren √∂kologischen Vorteilen. https://t.co/g39QSS0DkJ",jahrzehnt wachstums erneuerbare insbesondere photovoltaik windkraft innerhalb zehn jahren l√§nder kosteng√ºnstig energieversorgungsquellen unabh√§ngig √∂kologisch vorteilen,,,,,,,,,,"{'Ein': 0.16, 'Jahrzehnt': 0.54, 'des': 0, 'Wachstums': 0.68, 'f√ºr': 0.04, 'Erneuerbare': 0, 'Insbesondere': 0.02, 'die': 0.03, 'Photovoltaik': 0.08, 'und': 0.04, 'Windkraft': 0.02, 'sind': 0, 'innerhalb': 0, 'von': 0, 'nur': 0, 'zehn': 0.03, 'Jahren': 0.05, 'viele': 0, 'L√§nder': 0.02, 'kosteng√ºnstigsten': 0, 'Energieversorgungsquellen': 0.09, 'geworden': 0.06, 'unabh√§ngig': 0, 'ihren': 0, '√∂kologischen': 0.02, 'Vorteilen': 0.05}",positive,"[0.00096283, 0.0012799213, 0.99775726]",,,,,,,,,,,,,positive
100.0,100.0,86.0,0.7,neutral,"Der Fl√§chenverbrauch von Eerneuerbare-Energien-Anlagen sorgt in letzter Zeit vermehrt f√ºr Diskussionen. Nun hat eine Analyse ergeben, dass f√ºr Photovoltaik nur eine sehr begrenzte Landfl√§che ben√∂tigt wird. #Photovoltaik #Klimawahl2019 https://t.co/aWsDargnQj",fl√§chenverbrauch eerneuerbare energien anlagen sorgen letzt zeit vermehren diskussionen analyse ergeben photovoltaik begrenzen landfl√§che ben√∂tigen photovoltaik klimawahl2019,,,,,,,,,,"{'Der': 1.0, 'Fl√§chenverbrauch': 0.175, 'von': 0, 'Eerneuerbare-Energien-Anlagen': 0.2725, 'sorgt': 0, 'in': 0, 'letzter': 0, 'Zeit': 0, 'vermehrt': 0, 'f√ºr': 0.02, 'Diskussionen': 0, 'Nun': 0, 'hat': 0, 'eine': 0, 'Analyse': 0, 'ergeben': 0, 'dass': 0.04, 'Photovoltaik': 0.03, 'nur': 0.07, 'sehr': 0.04, 'begrenzte': 0.03, 'Landfl√§che': 0.03, 'ben√∂tigt': 0, 'wird': 0, 'Klimawahl2019': 0.02}",negative,"[0.19036436, 0.7862348, 0.023400871]",,,,,,,,,,,,,positive
100.0,100.0,100.0,1.0,neutral,"Welche Auswirkungen hat Klimaschutz auf den Arbeitsmarkt? Positive, sagt eine neue Studie. Dabei sind bis zu 330.000 erneuerbare Arbeitspl√§tze m√∂glich. #Energiewende #Klimawahl2019 https://t.co/pv9htitaOd",welch auswirkungen klimaschutz arbeitsmarkt positiv sagen neue studie dabei erneuerbare arbeitspl√§tze m√∂glich energiewende klimawahl2019,,,,,,,,,,"{'Welche': 0, 'Auswirkungen': 0.1, 'hat': 0, 'Klimaschutz': 0.08, 'auf': 0.04, 'den': 0.08, 'Arbeitsmarkt': 0.04, 'Positive': 0.16, 'sagt': 0.19, 'eine': 0, 'neue': 0.1, 'Studie': 0.23, 'Dabei': 0, 'sind': 0.71, 'bis': 0, 'zu': 0.12, '330.000': 0, 'erneuerbare': 1.0, 'Arbeitspl√§tze': 0.62, 'm√∂glich': 1.0, 'Energiewende': 0.16999999999999998, 'Klimawahl2019': 0.08}",neutral,"[0.6091584, 0.054372326, 0.3364693]",,,,,,,,,,,,,positive
50.0,75.0,71.0,0.1333333333333333,neutral,"Eine Markt√∂ffnung des Strommarktes in der Schweiz w√§re fatal und h√§tte eine diskriminierende Wirkung auf erneuerbare Energien. Dabei m√ºssen die Reize f√ºr gro√üe Energieprojekte weiter gesteigert werden, um so den Zubau weiter zu f√∂rdern. #Energiewende https://t.co/70zQoKzhCw",markt√∂ffnung strommarktes schweiz fatal diskriminierend wirkung erneuerbare energien dabei m√ºssen reize gro√ü energieprojekte weit steigern zubau weit f√∂rdern energiewende,,,,,,,,,,"{'Eine': 0, 'Markt√∂ffnung': 0.035, 'des': 0, 'Strommarktes': 0.03, 'in': 0.01, 'der': 0.02, 'Schweiz': 0.04, 'w√§re': 0.05, 'fatal': 0.07, 'und': 0.04, 'h√§tte': 0, 'eine': 0, 'diskriminierende': 1.0, 'Wirkung': 0.24, 'auf': 0.07, 'erneuerbare': 0.4, 'Energien': 0.11, 'Dabei': 0, 'm√ºssen': 0.045000000000000005, 'die': 0.02, 'Reize': 0.05, 'f√ºr': 0.03, 'gro√üe': 0, 'Energieprojekte': 0.025, 'weiter': 0.02, 'gesteigert': 0.02, 'werden': 0, 'um': 0.11, 'so': 0, 'den': 0.02, 'Zubau': 0, 'zu': 0.02, 'f√∂rdern': 0, 'Energiewende': 0.03}",negative,"[0.00500413, 0.9673534, 0.027642509]",,,,,,,,,,,,,neutral
75.0,75.0,86.0,0.425,neutral,Erneuerbare Energien haben in den letzten Jahren grosse Entwicklungsschritte gemacht. Dabei hat sich die Technologie hinter Sonnen- und Windenergie stark verbessert und sind fester Bestandteil der Schweizer Energiepolitik. #energiewende #klimawahl2019 https://t.co/UQvd0Q660U,erneuerbare energien letzt jahren grosse entwicklungsschritte dabei technologie sonnen windenergie stark verbessern fest bestandteil schweizer energiepolitik energiewende klimawahl2019,,,,,,,,,,"{'Erneuerbare': 1.0, 'Energien': 1.0, 'haben': 0.36, 'in': 0.05, 'den': 0.07, 'letzten': 0, 'Jahren': 0.04, 'grosse': 0, 'Entwicklungsschritte': 0.11, 'gemacht': 0, 'Dabei': 0, 'hat': 0, 'sich': 0, 'die': 0.07, 'Technologie': 0.1, 'hinter': 0.06, 'Sonnen-': 0, 'und': 0.03, 'Windenergie': 0.125, 'stark': 0, 'verbessert': 0.07, 'sind': 0, 'fester': 0, 'Bestandteil': 0, 'der': 0.07, 'Schweizer': 0.05, 'Energiepolitik': 0.13, 'energiewende': 0.12, 'klimawahl2019': 0}",positive,"[0.0030939546, 0.0014372735, 0.99546874]",,,,,,,,,,,,,positive
100.0,100.0,86.0,0.7,neutral,"Die Energieversorgung kann nur sicher und zukunftsf√§hig sein, wenn wir weg von fossilen und hin zu erneuerbaren Energietr√§gern wechseln. Dabei entsteht keine Versorgungsl√ºcke, wenn wir den Ausbau der erneuerbaren Energien f√∂rdern und ernst nehmen. #energie https://t.co/uafffw0Rg4",energieversorgung sichern zukunftsf√§hig fossil erneuerbaren energietr√§gern wechseln dabei entstehen versorgungsl√ºcke ausbau erneuerbaren energien f√∂rdern ernst nehmen energie,,,,,,,,,,"{'Die': 0.03, 'Energieversorgung': 0.02, 'kann': 0.53, 'nur': 1.0, 'sicher': 0.61, 'und': 0.03, 'zukunftsf√§hig': 1.0, 'sein': 0, 'wenn': 0.06, 'wir': 0, 'weg': 0, 'von': 0.06, 'fossilen': 0.03, 'hin': 0.03, 'zu': 0, 'erneuerbaren': 0.08, 'Energietr√§gern': 0.02, 'wechseln': 0.09, 'Dabei': 0, 'entsteht': 0, 'keine': 0, 'Versorgungsl√ºcke': 0.035, 'den': 0.03, 'Ausbau': 0.05, 'der': 0.03, 'Energien': 0.03, 'f√∂rdern': 0, 'ernst': 0, 'nehmen': 0.02, 'energie': 0.02}",positive,"[0.21292223, 0.091393486, 0.69568425]",,,,,,,,,,,,,positive
50.0,75.0,57.0,0.0,negative,Ungenutztes Ausbaupotenzial - Schweiz hinkt bei Solar- und Windstrom immer noch hinterher. #klimawahl2019 #erneuerbareenergien https://t.co/2XpOTfZ08V,ungenutzt ausbaupotenzial schweiz hinken solar windstrom immer hinterher klimawahl2019 erneuerbareenergien,,,,,,,,,,"{'Ungenutztes': 0.06, 'Ausbaupotenzial': 0.05, 'Schweiz': 0.05, 'hinkt': 0, 'bei': 0, 'Solar-': 0, 'und': 0.03, 'Windstrom': 0.035, 'immer': 0, 'noch': 0.06, 'hinterher': 0, 'klimawahl2019': 0, 'erneuerbareenergien': 0.4}",positive,"[0.21292812, 0.030959876, 0.75611204]",,,,,,,,,,,,,neutral
75.0,75.0,71.0,0.35,neutral,"Erneuerbare Energie weltweit auf dem Vormarsch - Ein spannender Beitrag √ºber den Ausbau der erneuerbaren Energien auf der ganzen Welt. Dabei nehmen die Erneuerbaren immer mehr Anteil an der weltweiten Herstellung von Strom ein. #erneuerbareenergie
https://t.co/JzNpSt5suh",erneuerbare energie weltweit vormarsch spannend beitrag ausbau erneuerbaren energien ganz welt dabei nehmen erneuerbaren immer mehr anteil weltweit herstellung strom erneuerbareenergie,,,,,,,,,,"{'Erneuerbare': 0.26, 'Energie': 0.55, 'weltweit': 0.05, 'auf': 0.06, 'dem': 0.08, 'Vormarsch': 0.05, 'Ein': 0, 'spannender': 0.19, 'Beitrag': 0.09, '√ºber': 0, 'den': 0.08, 'Ausbau': 0.07, 'der': 0.08, 'erneuerbaren': 0.26, 'Energien': 0.07, 'ganzen': 0, 'Welt': 0.05, 'Dabei': 0, 'nehmen': 0, 'die': 0.08, 'Erneuerbaren': 0.12, 'immer': 0, 'mehr': 0, 'Anteil': 0, 'an': 0.04, 'weltweiten': 0.05, 'Herstellung': 0, 'von': 0, 'Strom': 0, 'ein': 0, 'erneuerbareenergie': 0.405}",positive,"[0.002305408, 0.0017421569, 0.9959525]",,,,,,,,,,,,,positive
50.0,75.0,57.0,0.0,neutral,"Klimafreundlich ist die Zukunftstechnologie Power-tp-X nur mit Erneuerbaren Energien. #zukunft #erneuerbareenergie
https://t.co/afHvDfN7sQ",klimafreundlich zukunftstechnologie power tp x erneuerbaren energien zukunft erneuerbareenergie,,,,,,,,,,"{'Klimafreundlich': 0.61, 'ist': 0.58, 'die': 0.15, 'Zukunftstechnologie': 0.125, 'Power-tp-X': 0, 'nur': 1.0, 'mit': 0.4, 'Erneuerbaren': 0, 'Energien': 0.28, 'zukunft': 0.08, 'erneuerbareenergie': 0.91}",positive,"[0.13978723, 0.1032056, 0.7570071]",,,,,,,,,,,,,neutral
100.0,100.0,86.0,0.7,neutral,"Versorgunssicherheit kostenminimal dank Photovoltaik!
Erneuerbare Energien bieten ein zukunftsf√§higes Konzept, welches am Ende auch noch billiger und sicherer als der Neubau von Atom- und Gaskraftwerken ist. https://t.co/bcKEG4RTAp #klimawahl2019 #nachhaltigkeit",versorgunssicherheit kostenminimal danken photovoltaik erneuerbare energien bieten zukunftsf√§higes konzept welch ende billig sicher neubau atom gaskraftwerken klimawahl2019 nachhaltigkeit,,,,,,,,,,"{'Versorgunssicherheit': 0.0575, 'kostenminimal': 0.02, 'dank': 0.04, 'Photovoltaik': 0.25, 'Erneuerbare': 1.0, 'Energien': 1.0, 'bieten': 0.38, 'ein': 0, 'zukunftsf√§higes': 0, 'Konzept': 0.07, 'welches': 0, 'am': 0, 'Ende': 0, 'auch': 0, 'noch': 0, 'billiger': 0.04, 'und': 0.02, 'sicherer': 0.04, 'als': 0, 'der': 0, 'Neubau': 0.03, 'von': 0, 'Atom-': 0, 'Gaskraftwerken': 0.07250000000000001, 'ist': 0.02, 'klimawahl2019': 0, 'nachhaltigkeit': 0.06}",positive,"[0.0029107288, 0.0016209995, 0.99546826]",,,,,,,,,,,,,positive
100.0,100.0,86.0,0.7,neutral,"2018 waren weltweit rund 11 Millionen im Bereich der ""Erneuerbare Energien"" angestellt.
Dabei stellt die PV-Industrie mit einem Drittel den gr√∂√üten Anteil ein. https://t.co/NGpEAdLCRU #erneuerbareenergie",weltweit rund millionen bereich erneuerbare energien anstellen dabei stellen pv industrie drittel gro√ü anteil erneuerbareenergie,,,,,,,,,,"{'2018': 0, 'waren': 0, 'weltweit': 0.11, 'rund': 0.06, '11': 0, 'Millionen': 0, 'im': 0, 'Bereich': 0, 'der': 0.08, 'Erneuerbare': 0.47, 'Energien': 0.07, 'angestellt': 0.05, 'Dabei': 0, 'stellt': 0, 'die': 0.08, 'PV-Industrie': 0, 'mit': 0.12, 'einem': 0, 'Drittel': 0, 'den': 0.08, 'gr√∂√üten': 0, 'Anteil': 0, 'ein': 0, 'erneuerbareenergie': 0.56}",positive,"[0.1517838, 0.017827166, 0.830389]",,,,,,,,,,,,,positive
100.0,100.0,86.0,0.7,neutral,RT @swissolar_d: ¬´Der Pfad √ºber erneuerbare Energien ist billiger  und viel sicherer als der Weiterbetrieb oder Neubau von Atom- und  Gaskr‚Ä¶,pfad erneuerbare energien billig sicher weiterbetrieb neubau atom gaskr,,,,,,,,,,"{'¬´': 0, 'Der': 0, 'Pfad': 0, '√ºber': 0, 'erneuerbare': 0, 'Energien': 0, 'ist': 0, 'billiger': 0, 'und': 0, 'viel': 0, 'sicherer': 0, 'als': 0, 'der': 0, 'Weiterbetrieb': 0, 'oder': 0, 'Neubau': 0, 'von': 0, 'Atom-': 0, 'Gaskr': 0, '‚Ä¶': 0}",positive,"[0.0042493255, 0.001437354, 0.99431336]",,,,,,,,,,,,,positive
100.0,100.0,100.0,0.85,neutral,"Christian Frei vom World Energy Council (WEC) Zeigt die Trends im Energiebereich.
Top: Erneuerbare, Effizienz Flopp: K√∂hle und Nuklear!!
@swissolar_d @AEE_SUISSE https://t.co/hTByDzjL3K",christian frei world energy council wec zeigen trends energiebereich top erneuerbare effizienz flopp k√∂hle nuklear,,,,,,,,,,"{'Christian': 0.02, 'Frei': 0, 'vom': 0.03, 'World': 0.01, 'Energy': 0.03, 'Council': 0.02, 'WEC': 0.02, 'Zeigt': 0, 'die': 0.03, 'Trends': 0.05, 'im': 0, 'Energiebereich': 0.03, 'Top': 0.28, 'Erneuerbare': 1.0, 'Effizienz': 0.32, 'Flopp': 0, 'K√∂hle': 0, 'und': 0.09, 'Nuklear': 0.03}",positive,"[0.0004100602, 0.0010006431, 0.9985892]",,,,,,,,,,,,,positive
50.0,75.0,57.0,0.0,neutral,"Erneuerbare Energien jetzt nutzen 
https://t.co/2qHAmGC52B via @YouTube",erneuerbare energien nutzen via,,,,,,,,,,"{'Erneuerbare': 0.75, 'Energien': 1.0, 'jetzt': 0.88, 'nutzen': 1.0, 'via': 0.53}",positive,"[0.16154046, 0.011976907, 0.82648265]",,,,,,,,,,,,,neutral
100.0,100.0,86.0,0.7,neutral,80 - 160 GW j√§hrlicher PV Zubau bis 2030 in China. Erneuerbare sollen weiter ausbaut und Fossile Energien ab 2020 endlich stark gesenkt werden. https://t.co/AcJcamCQAx https://t.co/WLQAn709LA,gw j√§hrlich pv zubau china erneuerbare sollen weit ausbauen fossile energien ab endlich stark senken,,,,,,,,,,"{'80': 0, '160': 0, 'GW': 0.08, 'j√§hrlicher': 0.13, 'PV': 0.07, 'Zubau': 0, 'bis': 0, '2030': 0, 'in': 0.04, 'China': 0.13, 'Erneuerbare': 0, 'sollen': 0, 'weiter': 1.0, 'ausbaut': 0, 'und': 0.57, 'Fossile': 0.21, 'Energien': 0.37, 'ab': 0, '2020': 0, 'endlich': 0, 'stark': 0, 'gesenkt': 0, 'werden': 0}",negative,"[0.23146297, 0.7344492, 0.034087766]",,,,,,,,,,,,,positive
50.0,75.0,57.0,0.0,neutral,"RT @ChristophSchaer: Regierungsr√§tin @EggerJenzer : ‚ÄûWer rechnen kann, kehrt der Kernenergie den R√ºcken und setzt auf erneuerbare Energien‚Ä¶",regierungsr√§tin wer rechnen kehren kernenergie r√ºcken setzen erneuerbare energien,,,,,,,,,,"{'Regierungsr√§tin': 0.2, '‚Äû': 0, 'Wer': 0, 'rechnen': 0, 'kann': 0, 'kehrt': 0, 'der': 0, 'Kernenergie': 0, 'den': 0, 'R√ºcken': 0, 'und': 0, 'setzt': 0, 'auf': 0, 'erneuerbare': 0, 'Energien': 0, '‚Ä¶': 0}",neutral,"[0.6703631, 0.10603529, 0.22360156]",,,,,,,,,,,,,neutral
50.0,75.0,57.0,0.0,neutral,RT @AEE_SUISSE: Schweizer Wirtschaft profitiert von erneuerbaren Energien und von energieeffizientem Bauen. Bundesamt f√ºr Statistik best√§ti‚Ä¶,schweizer wirtschaft profitieren erneuerbaren energien energieeffizientem bauen bundesamt statistik best√§ti,,,,,,,,,,"{'Schweizer': 0.09, 'Wirtschaft': 0, 'profitiert': 0.16, 'von': 0.18, 'erneuerbaren': 1.0, 'Energien': 1.0, 'und': 0.34, 'energieeffizientem': 0.17, 'Bauen': 0, 'Bundesamt': 0.07, 'f√ºr': 0, 'Statistik': 0, 'best√§ti': 0, '‚Ä¶': 0}",positive,"[0.0010281686, 0.0011333295, 0.99783856]",,,,,,,,,,,,,neutral
50.0,75.0,57.0,0.0,neutral,"RT @BaSchaffner: Was politisch schon klar ist auch ins Gesetz schreiben! Das ebnet den Weg f√ºr lokale, erneuerbare Energien. @ES2050_JA htt‚Ä¶",politisch schon klaren gesetz schreiben ebnen lokale erneuerbare energien htt,,,,,,,,,,"{'Was': 0, 'politisch': 0.18, 'schon': 0, 'klar': 0.06, 'ist': 0.03, 'auch': 0, 'ins': 0, 'Gesetz': 0.17, 'schreiben': 0.07, 'Das': 0.07, 'ebnet': 0, 'den': 0.07, 'Weg': 0, 'f√ºr': 0.31, 'lokale': 1.0, 'erneuerbare': 1.0, 'Energien': 0.39, 'htt': 0.11, '‚Ä¶': 0}",positive,"[0.00077682, 0.0009118835, 0.9983113]",,,,,,,,,,,,,neutral
100.0,100.0,86.0,0.7,neutral,@alescha02 @andrisilbi_ @bastiengirod @zac1967 @GrueneZuerich @SPBuelach @svpzh @JFZH @fdp_zh Global w√§chst der Zubau von Erneuerbaren Energietr√§gern am st√§rksten. Mit #ES2050 schafft es die CH am Ball zu bleiben.,global wachsen zubau erneuerbaren energietr√§gern stark es2050 schaffen ch ball bleiben,,,,,,,,,,"{'Global': 0, 'w√§chst': 0, 'der': 0.05, 'Zubau': 0, 'von': 0, 'Erneuerbaren': 0, 'Energietr√§gern': 0.18, 'am': 0, 'st√§rksten': 0, 'Mit': 0.11, 'ES2050': 0.17, 'schafft': 0, 'es': 0.58, 'die': 0.05, 'CH': 0.06, 'Ball': 0.15, 'zu': 0.07, 'bleiben': 0}",positive,"[0.0018583689, 0.0018738018, 0.99626786]",,,,,,,,,,,,,positive
100.0,100.0,86.0,0.7,neutral,RT @AEE_SUISSE: Wann lernt die #CH endlich konsequent auf erneuerbare Schweizer Energie zu setzen? N√§chste Chance #ES2050 JA am 21. Mai! ht‚Ä¶,wann lernen ch endlich konsequent erneuerbare schweizer energie setzen n√§chst chance es2050 ja mai ht,,,,,,,,,,"{'Wann': 0.09, 'lernt': 0, 'die': 0.06, 'CH': 0.04, 'endlich': 0, 'konsequent': 0, 'auf': 0.38, 'erneuerbare': 0.11, 'Schweizer': 0.04, 'Energie': 0.09, 'zu': 0.03, 'setzen': 0, 'N√§chste': 0.05, 'Chance': 0.08, 'ES2050': 0.2, 'JA': 0, 'am': 0, '21.': 0, 'Mai': 0.2, 'ht': 1.0, '‚Ä¶': 0}",positive,"[0.44977742, 0.049772806, 0.5004498]",,,,,,,,,,,,,positive
50.0,75.0,57.0,0.0,neutral,Globale 9.4 Mio. Jobs f√ºr erneuerbare Energietechnologien. #PV f√ºhrend! https://t.co/ri7PIMf6Ll via @ClimateGroup @GrueneCH @swissolar_d,global mio jobs erneuerbare energietechnologien pv f√ºhren via,,,,,,,,,,"{'Globale': 0, '9.4': 0, 'Mio.': 0, 'Jobs': 0.2, 'f√ºr': 0.15, 'erneuerbare': 0.34, 'Energietechnologien': 0.2, 'PV': 0.73, 'f√ºhrend': 0.4, 'via': 0.49}",positive,"[0.0016273229, 0.0013853188, 0.9969874]",,,,,,,,,,,,,neutral
50.0,75.0,57.0,0.0,neutral,RT @Solarlobby: Einspeiseverg√ºtungen f√ºr erneuerbare Energie der Schweizer Elektrizit√§tswerke https://t.co/H7upThcB41 (via @flog) https://t‚Ä¶,einspeiseverg√ºtungen erneuerbare energie schweizer elektrizit√§tswerke via,,,,,,,,,,"{'Einspeiseverg√ºtungen': 0.33, 'f√ºr': 1.0, 'erneuerbare': 1.0, 'Energie': 0.42, 'der': 0, 'Schweizer': 0.06, 'Elektrizit√§tswerke': 0, 'via': 0.08}",neutral,"[0.6221347, 0.07916245, 0.29870287]",,,,,,,,,,,,,neutral
0.0,0.0,14.0,-0.7,neutral,.@UBS @swissolar_d Erneuerbare als einzig wirtschaftliche Energieform der Zukunft. PV-Zubau einmal mehr untersch√§tzt https://t.co/N24WlJ1tUL,erneuerbare einzig wirtschaftlich energieform zukunft pv zubau mehr untersch√§tzen,,,,,,,,,,"{'Erneuerbare': 0, 'als': 0.47, 'einzig': 0.11, 'wirtschaftliche': 0, 'Energieform': 0.2, 'der': 0.06, 'Zukunft': 0.11, 'PV-Zubau': 0.14, 'einmal': 0.05, 'mehr': 0, 'untersch√§tzt': 0}",positive,"[0.0011492278, 0.0031289149, 0.9957218]",,,,,,,,,,,,,negative
100.0,100.0,86.0,0.7,neutral,"RT @swissolar_d: ""grosse Verschiebungen hin zu erneuerbaren Energien in der Finanzwelt"", so Matthias Fawer an der #PVTagung2016 @VescoreAM",grosse verschiebungen erneuerbaren energien finanzwelt matthias fawer pvtagung2016,,,,,,,,,,"{'grosse': 0, 'Verschiebungen': 1.0, 'hin': 0, 'zu': 0, 'erneuerbaren': 0.29, 'Energien': 0.15, 'in': 0.11, 'der': 0.03, 'Finanzwelt': 0.085, 'so': 0, 'Matthias': 0.05, 'Fawer': 0.06, 'an': 0, 'PVTagung2016': 0.19}",positive,"[0.1978485, 0.2418374, 0.5603141]",,,,,,,,,,,,,positive
100.0,100.0,100.0,1.0,neutral,Nationaler Kongress der #Erneuerbaren #Energien. @enussbi mit klaren Worten f√ºr Chancen und Potential f√ºr die CH https://t.co/DbcrDQkxP7,national kongress erneuerbaren energien klar worten chancen potential ch,,,,,,,,,,"{'Nationaler': 0.23, 'Kongress': 0.35, 'der': 0, 'Erneuerbaren': 0, 'Energien': 0.47, 'mit': 0.08, 'klaren': 0.07, 'Worten': 0.08, 'f√ºr': 0.05, 'Chancen': 0.07, 'und': 0.07, 'Potential': 0.05, 'die': 0, 'CH': 0.11}",positive,"[0.011386429, 0.0019820083, 0.9866316]",,,,,,,,,,,,,positive
100.0,100.0,86.0,0.7,neutral,@GrueneZuerich @swissolar_d F√ºr Alle die immer noch glauben FDP und SVP w√ºrden Erneuerbare Energien f√∂rdern https://t.co/dCg23Rwbt4,all immer glauben fdp svp erneuerbare energien f√∂rdern,,,,,,,,,,"{'F√ºr': 0.26, 'Alle': 0.13, 'die': 0.19, 'immer': 0, 'noch': 0.19, 'glauben': 0.56, 'FDP': 0.2, 'und': 0.2, 'SVP': 0, 'w√ºrden': 0.91, 'Erneuerbare': 1.0, 'Energien': 0.85, 'f√∂rdern': 0}",positive,"[0.38950562, 0.035043366, 0.575451]",,,,,,,,,,,,,positive
50.0,75.0,57.0,0.0,neutral,". @bkw @Alpiq @azmedien #planertag zeigt auf, dass sich die EWs sich der Erneuerbaren Energien annehen. Endlich! http://t.co/bvVumFxVG8",planertag zeigen ews erneuerbaren energien annehen endlich,,,,,,,,,,"{'planertag': 0.23, 'zeigt': 0, 'auf': 0, 'dass': 0.14, 'sich': 0, 'die': 0.1, 'EWs': 0.14, 'der': 0.1, 'Erneuerbaren': 0, 'Energien': 0.16, 'annehen': 0, 'Endlich': 1.0}",positive,"[0.15009364, 0.014107674, 0.8357987]",,,,,,,,,,,,,neutral
100.0,100.0,86.0,0.7,neutral,Der Nationalrat sagt ja zur Erh√∂hung der #KEV. Ein wichtiger Schritt f√ºr die Erneuerbaren Energien! http://t.co/zRjpu2QuzJ,nationalrat sagen ja erh√∂hung kev wichtig schritt erneuerbaren energien,,,,,,,,,,"{'Der': 0.15, 'Nationalrat': 0.19, 'sagt': 0.31, 'ja': 0, 'zur': 0.155, 'Erh√∂hung': 0, 'der': 0.15, 'KEV': 0.2, 'Ein': 0, 'wichtiger': 0.75, 'Schritt': 0.48, 'f√ºr': 0.48, 'die': 0.15, 'Erneuerbaren': 0, 'Energien': 0.58}",positive,"[0.0025357513, 0.0013575203, 0.9961067]",,,,,,,,,,,,,positive
50.0,75.0,57.0,0.0,neutral,‚Äú@AargauerZeitung Wie sieht den die Alternative aus? Erneuerbare Energien sind der Weg! http://t.co/HCCA535syR http://t.co/LATXPztqyf‚Äù,sehen alternative erneuerbare energien,,,,,,,,,,"{'‚Äú': 0, 'Wie': 0, 'sieht': 0, 'den': 0, 'die': 0, 'Alternative': 0, 'aus': 0, 'Erneuerbare': 0, 'Energien': 0, 'sind': 0, 'der': 0, 'Weg': 0, '‚Äù': 0}",positive,"[0.002122371, 0.0014660534, 0.9964116]",,,,,,,,,,,,,neutral
50.0,75.0,57.0,0.0,neutral,Doris Leuthard mit Kahlschlag bei den Verg√ºtungen #KEV #EIV f√ºr die Erneuerbaren Energien  http://t.co/1YaSrMBlev,doris leuthard kahlschlag verg√ºtungen kev eiv erneuerbaren energien,,,,,,,,,,"{'Doris': 0.44, 'Leuthard': 0.37, 'mit': 0, 'Kahlschlag': 0, 'bei': 0, 'den': 1.0, 'Verg√ºtungen': 0, 'KEV': 0.27, 'EIV': 0.13, 'f√ºr': 0.45, 'die': 1.0, 'Erneuerbaren': 0, 'Energien': 0.24}",positive,"[0.004729646, 0.0018378563, 0.9934325]",,,,,,,,,,,,,neutral
50.0,75.0,57.0,0.0,neutral,"Ein Dorf das sich mit #ErneuerbarenEnergien selbst versorgt, muss der Braunkohle weichen: http://t.co/ZyAUUnbC4Z via @NZZ",dorf erneuerbarenenergien versorgen braunkohle weich via,,,,,,,,,,"{'Ein': 0.17, 'Dorf': 0.17, 'das': 0.17, 'sich': 0, 'mit': 0.49, 'ErneuerbarenEnergien': 0.865, 'selbst': 0, 'versorgt': 0, 'muss': 0.17, 'der': 0, 'Braunkohle': 0, 'weichen': 0.11, 'via': 0.2}",positive,"[0.051363327, 0.0112458, 0.9373909]",,,,,,,,,,,,,neutral
0.0,0.0,14.0,-0.7,neutral,@krick68 @energienetwork Karrer und Co haben sich in den Dimensionen get√§uscht! Neue Erneuerbare f√ºr die Nachkommastellen!,karrer co dimensionen t√§uschen neue erneuerbare nachkommastellen,,,,,,,,,,"{'Karrer': 0.11, 'und': 0.05, 'Co': 0.03, 'haben': 0, 'sich': 0, 'in': 0, 'den': 0.14, 'Dimensionen': 0.2, 'get√§uscht': 0, 'Neue': 1.0, 'Erneuerbare': 0, 'f√ºr': 0.29, 'die': 0.14, 'Nachkommastellen': 0.15}",positive,"[0.0047783293, 0.007971583, 0.98725015]",,,,,,,,,,,,,negative
100.0,100.0,100.0,1.0,negative,"RT @bglaettli: Kritische Fehler im Quellcode - Post setzt E-Voting-System befristet aus.

Gut so. Am besten f√ºr mindestens f√ºnf Jahre. So w‚Ä¶",kritisch fehler quellcode post setzen e voting system befristen gut gut mindestens f√ºnf jahre w,,,,,,,,,,,,,"{'Kritische': 0.05, 'Fehler': 0, 'im': 0, 'Quellcode': 0.03, 'Post': 0.06, 'setzt': 0, 'E-Voting-System': 0, 'befristet': 0, 'aus': 0, 'Gut': 0, 'so': 0.79, 'Am': 0, 'besten': 0, 'f√ºr': 0.03, 'mindestens': 0.025, 'f√ºnf': 0.04, 'Jahre': 0.06, 'So': 0.79, 'w': 1.0, '‚Ä¶': 0}",negative,"[0.29224488, 0.46965617, 0.23809889]",,,,,,,,,,positive
50.0,75.0,57.0,0.0,neutral,E-Voting ist ein Risiko f√ºr die Demokratie https://t.co/P9XazspV8E,e voting risiko demokratie,,,,,,,,,,,,,"{'E-Voting': 0, 'ist': 0.27, 'ein': 0, 'Risiko': 0.63, 'f√ºr': 0, 'die': 0, 'Demokratie': 1.0}",negative,"[0.2029907, 0.41833678, 0.37867254]",,,,,,,,,,neutral
50.0,75.0,57.0,0.0,neutral,"Es kann doch nicht sein, dass unsere Gewinne aus Kriegsmaterial weiter anwachsen! Es ist Zeit, dass sich die neutrale Schweiz endlich aus diesem Sumpf befreit! https://t.co/qasdKWcoZN",gewinne kriegsmaterial weit anwachsen zeit neutral schweiz endlich sumpf befreien,,,,,,,,,,,,,,,,"{'Es': 0.03, 'kann': 0, 'doch': 0, 'nicht': 0, 'sein': 0, 'dass': 0.12, 'unsere': 0.12, 'Gewinne': 0.36, 'aus': 0, 'Kriegsmaterial': 1.0, 'weiter': 0, 'anwachsen': 0.13, 'ist': 0.03, 'Zeit': 0.04, 'sich': 0, 'die': 0, 'neutrale': 0.32, 'Schweiz': 0.21, 'endlich': 0, 'diesem': 0.05, 'Sumpf': 0.07, 'befreit': 0}",positive,"[0.22447231, 0.30684942, 0.4686782]",,,,,,,neutral
50.0,75.0,57.0,0.0,neutral,RT @molinafab: Check: Z√ºrcher Nationalr√§t_innen haben die #KorrekturInitiative unterschrieben. Mach auch du mit! Keine Kriegsmaterial-Expor‚Ä¶,check z√ºrcher nationalr√§t_innen korrekturinitiative unterschreiben mach kriegsmaterial expor,,,,,,,,,,,,,,,,"{'Check': 0.05, 'Z√ºrcher': 0, 'Nationalr√§t_innen': 0, 'haben': 0.11, 'die': 0.09, 'KorrekturInitiative': 0, 'unterschrieben': 0.15, 'Mach': 0, 'auch': 0, 'du': 0, 'mit': 0, 'Keine': 0, 'Kriegsmaterial-Expor': 0.665, '‚Ä¶': 0}",neutral,"[0.661128, 0.015451939, 0.3234201]",,,,,,,neutral
50.0,75.0,57.0,0.0,negative,"RT @GrueneCH: Keine Kriegsmaterial-Exporte mehr f√ºr Saudi-Arabien! An Kriegsgeld klebt Blut...
https://t.co/troTyAXq3F https://t.co/MdmAFbY‚Ä¶",kriegsmaterial exporte mehr saudi arabien kriegsgeld kleben blut,,,,,,,,,,,,,,,,"{'Keine': 0, 'Kriegsmaterial-Exporte': 0.2525, 'mehr': 1.0, 'f√ºr': 0.18, 'Saudi-Arabien': 0.09, 'An': 0, 'Kriegsgeld': 0.08, 'klebt': 0.1, 'Blut': 0.07, '...': 0}",positive,"[0.014953909, 0.0024511819, 0.98259485]",,,,,,,neutral
50.0,25.0,28.0,-0.15,neutral,"IPCC: F√ºr Ozeane und Eismassen braucht es Tempo beim Klimaschutz. Meeresspiegel steigen an, Eismassen schmelzen und bedrohen Milliarden von Menschen. Es wird Zeit, dass ein h√∂heres Tempo beim Klima- und Umweltschutz eingelegt wird! #Klimawandel https://t.co/RYwZ8tl8Zd",ipcc ozeane eismassen brauchen tempo beim klimaschutz meeresspiegel steigen eismassen schmelzen bedrohen milliarden menschen zeit hoch tempo beim klima umweltschutz einlegen klimawandel,,,,,,,,,,,,,,,,,,,"{'IPCC': 1.0, 'F√ºr': 0.04, 'Ozeane': 0.05, 'und': 0.03, 'Eismassen': 0, 'braucht': 0.46, 'es': 0.03, 'Tempo': 0, 'beim': 0, 'Klimaschutz': 0.02, 'Meeresspiegel': 0.01, 'steigen': 0, 'an': 0, 'schmelzen': 0, 'bedrohen': 0.04, 'Milliarden': 0.04, 'von': 0, 'Menschen': 0.01, 'Es': 0.03, 'wird': 0, 'Zeit': 0.08, 'dass': 0, 'ein': 0, 'h√∂heres': 0, 'Klima-': 0.01, 'Umweltschutz': 0.025, 'eingelegt': 0, 'Klimawandel': 0.015}",positive,"[0.049615603, 0.18085068, 0.7695337]",,,,neutral
0.0,0.0,0.0,-1.0,neutral,"Leider traurig, aber wahr. In den letzten 15 Jahren hat sich die Zahl der Morde an Umweltsch√ºtzern laut einer Studie verdoppelt.. #Umweltschutz #Klimawahl2019
https://t.co/VtPnWeZ2b4",leider traurig wahren letzt jahren zahl morde umweltsch√ºtzern laut studie verdoppeln umweltschutz klimawahl2019,,,,,,,,,,,,,,,,,,,"{'Leider': 0.73, 'traurig': 1.0, 'aber': 0.71, 'wahr': 0.65, 'In': 0.04, 'den': 0.02, 'letzten': 0.04, '15': 0, 'Jahren': 0.08, 'hat': 0, 'sich': 0, 'die': 0.02, 'Zahl': 0.1, 'der': 0.02, 'Morde': 0.14, 'an': 0, 'Umweltsch√ºtzern': 0.47, 'laut': 0.08, 'einer': 0, 'Studie': 0.13, 'verdoppelt': 0.15, '..': 0, 'Umweltschutz': 0, 'Klimawahl2019': 0}",negative,"[0.048456687, 0.72630036, 0.2252429]",,,,negative
50.0,75.0,57.0,0.0,neutral,"#Klimawahl2019 #gruengewinnt #HaltungZeigen #nationalratswahlen #NRWahlen
#biodiversit√§t #umweltschutz #nachhaltigkeit #zukunft https://t.co/yBpnsdoO0d",klimawahl2019 gruengewinnt haltungzeigen nationalratswahlen nrwahlen biodiversit√§t umweltschutz nachhaltigkeit zukunft,,,,,,,,,,,,,,,,,,,"{'Klimawahl2019': 0, 'gruengewinnt': 0.13, 'HaltungZeigen': 0, 'nationalratswahlen': 0.12250000000000001, 'NRWahlen': 0.17, 'biodiversit√§t': 0.71, 'umweltschutz': 0.735, 'nachhaltigkeit': 0.19, 'zukunft': 0.14}",positive,"[0.22536333, 0.016589493, 0.7580472]",,,,neutral
50.0,75.0,57.0,0.0,neutral,"RT @GrueneCH: Am 19. Mai 2019 tritt im Kanton Luzern Korintha B√§rtsch gegen zwei b√ºrgerliche M√§nner an. Damit Umweltschutz, Solidarit√§t und‚Ä¶",mai tritt kanton luzern korintha b√§rtsch zwei b√ºrgerliche m√§nner umweltschutz solidarit√§t,,,,,,,,,,,,,,,,,,,"{'Am': 0, '19.': 0, 'Mai': 0.03, '2019': 0, 'tritt': 0, 'im': 0, 'Kanton': 0.07, 'Luzern': 0, 'Korintha': 0, 'B√§rtsch': 0, 'gegen': 0, 'zwei': 0.67, 'b√ºrgerliche': 0, 'M√§nner': 0.11, 'an': 0, 'Damit': 0.06, 'Umweltschutz': 0.63, 'Solidarit√§t': 0.69, 'und': 0.92, '‚Ä¶': 0}",positive,"[0.1217124, 0.008322308, 0.86996526]",,,,neutral
100.0,100.0,100.0,0.85,neutral,"RT @GrueneCH: Umweltschutz bei der FDP? ü§î Sicher, Frau G√∂ssi? ü§• 7 anschauliche Beispiele, die das Gegenteil beweisen. https://t.co/vbWe33Cw‚Ä¶",umweltschutz fdp sichern frau g√∂ssi anschaulich beispiele gegenteil beweisen,,,,,,,,,,,,,,,,,,,"{'Umweltschutz': 0.585, 'bei': 0.19, 'der': 0.04, 'FDP': 0.35, 'ü§î': 0, 'Sicher': 0, 'Frau': 0, 'G√∂ssi': 0, 'ü§•': 0, '7': 0, 'anschauliche': 0, 'Beispiele': 0, 'die': 0, 'das': 0, 'Gegenteil': 0, 'beweisen': 0}",neutral,"[0.7217322, 0.036064073, 0.24220374]",,,,positive
50.0,75.0,57.0,0.0,neutral,RT @GrueneCH: Die b√ºrgerliche Mehrheit schiebt die dringend n√∂tige Reform der Landwirtschaft auf die lange Bank. üôÑ @Kilian_Baumann zu diese‚Ä¶,b√ºrgerliche mehrheit schieben dringen n√∂tig reform landwirtschaft lang bank,,,,,,,,,,,,,,,,,,,,,,"{'Die': 0.13, 'b√ºrgerliche': 0.11, 'Mehrheit': 0.13, 'schiebt': 0, 'die': 0.13, 'dringend': 0.1, 'n√∂tige': 0, 'Reform': 0.19, 'der': 0.13, 'Landwirtschaft': 0.08, 'auf': 0.13, 'lange': 0, 'Bank': 0, 'zu': 1.0, 'diese': 0, '‚Ä¶': 0}",positive,"[0.3627721, 0.03417073, 0.6030572]",neutral
50.0,75.0,57.0,0.0,neutral,"Agrophotovoltaik: So k√∂nnen 1 Hektar Land mit einer effizienz von 186% genutzt werden. Dabei bietet sich ein unglaublicher Nutzen f√ºr die Landwirtschaft. #photovoltaik #klimawahl2019
https://t.co/p0uWiRxKdS",agrophotovoltaik hektar land effizienz nutzen dabei bieten unglaublich nutzen landwirtschaft photovoltaik klimawahl2019,,,,,,,,,,,,,,,,,,,,,,"{'Agrophotovoltaik': 0, 'So': 0, 'k√∂nnen': 0.03, '1': 0, 'Hektar': 0, 'Land': 0.09, 'mit': 0.03, 'einer': 0, 'effizienz': 0.11, 'von': 0, '186': 0, 'genutzt': 0.06, 'werden': 0, 'Dabei': 0, 'bietet': 0.41, 'sich': 0, 'ein': 0, 'unglaublicher': 0.42, 'Nutzen': 0, 'f√ºr': 0.42, 'die': 0, 'Landwirtschaft': 1.0, 'photovoltaik': 0.31, 'klimawahl2019': 0}",positive,"[0.0019507642, 0.001286122, 0.9967631]",neutral
100.0,100.0,86.0,0.7,neutral,RT @tiana_moser: √úber 90 % aller Schweizer #Feuchtgebiete wurden durch die industrielle #Landwirtschaft zerst√∂rt. Mit dramatischen Folgen f‚Ä¶,all schweizer feuchtgebiete industrielle landwirtschaft zerst√∂ren dramatisch folgen f,,,,,,,,,,,,,,,,,,,,,,"{'√úber': 0.18, '90': 0, 'aller': 0, 'Schweizer': 0.17, 'Feuchtgebiete': 0.13, 'wurden': 0, 'durch': 0, 'die': 0, 'industrielle': 0.47, 'Landwirtschaft': 0.33, 'zerst√∂rt': 0.32, 'Mit': 0.46, 'dramatischen': 0.71, 'Folgen': 0, 'f': 0, '‚Ä¶': 0}",positive,"[0.05666515, 0.31665412, 0.62668073]",positive
50.0,75.0,57.0,0.0,neutral,RT @GrueneCH: Am heutigen #Weltbauerntag setzen Nationalr√§t*innen ein Zeichen f√ºr die St√§rkung der b√§uerlichen #Landwirtschaft. F√ºr eine fa‚Ä¶,heutig weltbauerntag setzen nationalr√§t innen zeichen st√§rkung b√§uerlich landwirtschaft fa,,,,,,,,,,,,,,,,,,,,,,"{'Am': 0, 'heutigen': 0.03, 'Weltbauerntag': 0.05, 'setzen': 0, 'Nationalr√§t*innen': 0.12, 'ein': 0, 'Zeichen': 0, 'f√ºr': 0.15, 'die': 0, 'St√§rkung': 1.0, 'der': 0, 'b√§uerlichen': 0.7, 'Landwirtschaft': 1.0, 'F√ºr': 0.15, 'eine': 0, 'fa': 0.13, '‚Ä¶': 0}",positive,"[0.0099008875, 0.0035025168, 0.98659664]",neutral
