answer_five,answer_four,answer_seven,polarity,sentiment_gs,tweet,tweet_tokens,absa_token_weights_3389,absa_sentiment_3389,absa_scores_3389,absa_token_weights_3392,absa_sentiment_3392,absa_scores_3392,absa_token_weights_3412,absa_sentiment_3412,absa_scores_3412,absa_token_weights_3414,absa_sentiment_3414,absa_scores_3414,absa_token_weights_3415,absa_sentiment_3415,absa_scores_3415,absa_token_weights_3419,absa_sentiment_3419,absa_scores_3419,absa_token_weights_3431,absa_sentiment_3431,absa_scores_3431,absa_token_weights_3434,absa_sentiment_3434,absa_scores_3434,absa_token_weights_3436,absa_sentiment_3436,absa_scores_3436,absa_token_weights_3466,absa_sentiment_3466,absa_scores_3466,absa_token_weights_3467,absa_sentiment_3467,absa_scores_3467,absa_token_weights_3468,absa_sentiment_3468,absa_scores_3468,absa_token_weights_3477,absa_sentiment_3477,absa_scores_3477,absa_token_weights_3478,absa_sentiment_3478,absa_scores_3478,absa_token_weights_3479,absa_sentiment_3479,absa_scores_3479,sentiment_tb
50.0,75.0,57.0,0.0,neutral,"RT @nadinejurgensen: Die Schweiz investiert 0,1% des BIP in die Kinderbetreuung. Damit steht sie an vorletzter Stelle aller OECD-L√§nder. Da‚Ä¶",schweiz investieren bip kinderbetreuung stehen vorletzte stelle all oecd l√§nder,"{'Die': 0.03, 'Schweiz': 0.14, 'investiert': 0, '0,1': 0, 'des': 0, 'BIP': 0, 'in': 0.03, 'die': 0.03, 'Kinderbetreuung': 1.0, 'Damit': 0.03, 'steht': 0, 'sie': 0, 'an': 0, 'vorletzter': 0.03, 'Stelle': 0, 'aller': 0, 'OECD-L√§nder': 0.08499999999999999, 'Da': 0, '‚Ä¶': 0}",positive,"[0.25870466, 0.022782622, 0.71851265]",,,,,,,,,,,,,,,,,,,,,,,,,,,,,,,,,,,,,,,,,,,neutral
100.0,100.0,100.0,0.9,neutral,"#Kinderbetreuung ""In der aktuell ziemlich chaotischen Situation in den Kantonen und Gemeinden soll der Bund seine Investitionen sch√ºtzen und eine aktive Rolle einzunehmen."" #COVID19 #Sondersession @grunliberale  https://t.co/NVO11SZNhC",kinderbetreuung aktuell ziemlich chaotischen situation kantonen gemeinden bund investitionen sch√ºtzen aktive rolle einnehmen covid19 sondersession,"{'Kinderbetreuung': 0.79, 'In': 0.06, 'der': 0.08, 'aktuell': 0.1, 'ziemlich': 0, 'chaotischen': 0.17, 'Situation': 0.08, 'in': 0.06, 'den': 0.08, 'Kantonen': 0.1, 'und': 0.04, 'Gemeinden': 0, 'soll': 0, 'Bund': 0, 'seine': 0, 'Investitionen': 0.06, 'sch√ºtzen': 0, 'eine': 0, 'aktive': 0.05, 'Rolle': 0.07, 'einzunehmen': 0.03, 'COVID19': 0.14, 'Sondersession': 0.095}",neutral,"[0.63620365, 0.095071696, 0.26872462]",,,,,,,,,,,,,,,,,,,,,,,,,,,,,,,,,,,,,,,,,,,positive
50.0,75.0,57.0,0.0,neutral,"RT @grunliberale: ¬´Die Gr√ºnliberalen beurteilen die #Kinderbetreuung f√ºr erwerbst√§tige Eltern als systemrelevant. Gerade jetzt, wo es alle‚Ä¶",gr√ºnliberalen beurteilen kinderbetreuung erwerbst√§tige eltern systemrelevant gerade all,"{'¬´': 0, 'Die': 0, 'Gr√ºnliberalen': 0, 'beurteilen': 0, 'die': 0, 'Kinderbetreuung': 0, 'f√ºr': 0, 'erwerbst√§tige': 0, 'Eltern': 0, 'als': 0, 'systemrelevant': 0, 'Gerade': 0, 'jetzt': 0, 'wo': 0, 'es': 0, 'alle': 0, '‚Ä¶': 0}",positive,"[0.023237213, 0.015220625, 0.9615421]",,,,,,,,,,,,,,,,,,,,,,,,,,,,,,,,,,,,,,,,,,,neutral
100.0,100.0,100.0,1.0,neutral,"Politisch mitreden zu Themen die interessieren, auch ohne Parteimitglied zu sein - im @glplab geht das. Diese Woche: Cannabislegalisierung. https://t.co/N3S9K7Rb0z",politisch mitreden themen interessieren parteimitglied gehen woche cannabislegalisierung,,,,"{'Politisch': 0, 'mitreden': 0.03, 'zu': 0, 'Themen': 0, 'die': 0, 'interessieren': 0, 'auch': 0, 'ohne': 0.02, 'Parteimitglied': 0.065, 'sein': 0.03, 'im': 0, 'geht': 0, 'das': 0.02, 'Diese': 0.11, 'Woche': 0.19, 'Cannabislegalisierung': 0.815}",neutral,"[0.6915003, 0.006376748, 0.30212298]",,,,,,,,,,,,,,,,,,,,,,,,,,,,,,,,,,,,,,,,positive
25.0,25.0,28.0,-0.3333333333333333,neutral,Die Vorsorgereform muss urnenf√§hig sein. Die Angleichung des Rentenalters ist richtig. Aber nicht einseitig auf Kosten der Frauen: Zeitgleich braucht es die massive Senkung des Koordinationsabzugs bei den Pensionskassen und ausreichende √úbergangsl√∂sungen. Es gibt noch zu tun. https://t.co/5kzW9iM4DD,vorsorgereform urnenf√§hig angleichung rentenalters richtig einseitig kosten frauen zeitgleich brauchen massiv senkung koordinationsabzugs pensionskassen ausreichend √ºbergangsl√∂sungen geben tun,,,,,,,"{'Die': 0.04, 'Vorsorgereform': 0.095, 'muss': 0.02, 'urnenf√§hig': 0, 'sein': 0, 'Angleichung': 0.85, 'des': 0, 'Rentenalters': 0.75, 'ist': 0.03, 'richtig': 1.0, 'Aber': 0.38, 'nicht': 0.18, 'einseitig': 0, 'auf': 0, 'Kosten': 0, 'der': 0.04, 'Frauen': 0.05, 'Zeitgleich': 0, 'braucht': 0, 'es': 0.03, 'die': 0.04, 'massive': 0.1, 'Senkung': 0, 'Koordinationsabzugs': 0.08499999999999999, 'bei': 0.03, 'den': 0.04, 'Pensionskassen': 0.06, 'und': 0.08, 'ausreichende': 0.03, '√úbergangsl√∂sungen': 0.05500000000000001, 'Es': 0.03, 'gibt': 0.03, 'noch': 0.04, 'zu': 0.02, 'tun': 0.02}",positive,"[0.026056094, 0.0053140526, 0.9686299]",,,,"{'Die': 0.04, 'Vorsorgereform': 0.07, 'muss': 0.04, 'urnenf√§hig': 0, 'sein': 0, 'Angleichung': 0.05, 'des': 0, 'Rentenalters': 0.025, 'ist': 0.11, 'richtig': 0.07, 'Aber': 0.39, 'nicht': 1.0, 'einseitig': 0, 'auf': 0, 'Kosten': 0, 'der': 0.04, 'Frauen': 0.27, 'Zeitgleich': 0, 'braucht': 0, 'es': 0.11, 'die': 0.04, 'massive': 0.32, 'Senkung': 0, 'Koordinationsabzugs': 0.07500000000000001, 'bei': 0.47, 'den': 0.04, 'Pensionskassen': 0.05500000000000001, 'und': 0.11, 'ausreichende': 0.08, '√úbergangsl√∂sungen': 0.07, 'Es': 0.11, 'gibt': 0.11, 'noch': 0.15, 'zu': 0.04, 'tun': 0.04}",negative,"[0.23519869, 0.7021038, 0.06269755]",,,,,,,,,,,,,,,,,,,,,,,,,,,,,,,negative
100.0,100.0,100.0,0.85,neutral,"Heute in der Kommission: AHV f√ºr k√ºnftige Generationen sichern.

- Rentenaltererh√∂hung, aber nur mit Halbierung Koordinationsabzug in der 2.S√§ule
- Ausgleichsmassnahmen, aber nicht alle brauchen das gleiche
- Flexiblere Pensionierung
- Gerechte Finanzierung via Mwst

#itzaber https://t.co/QnqoeqnSul",heute kommission ahv k√ºnftig generationen sichern rentenaltererh√∂hung halbierung koordinationsabzug s√§ule ausgleichsmassnahmen all brauchen gleich flexibel pensionierung gerecht finanzierung via mwst itzaber,,,,,,,"{'Heute': 0.08, 'in': 0.04, 'der': 0.04, 'Kommission': 0.11, 'AHV': 0.11, 'f√ºr': 0.17, 'k√ºnftige': 0.09, 'Generationen': 0.11, 'sichern': 0, 'Rentenaltererh√∂hung': 0.625, 'aber': 0.03, 'nur': 0.28, 'mit': 0, 'Halbierung': 0, 'Koordinationsabzug': 0.115, '2.S√§ule': 0.045, 'Ausgleichsmassnahmen': 0.095, 'nicht': 0.1, 'alle': 0, 'brauchen': 0.06, 'das': 0, 'gleiche': 0.03, 'Flexiblere': 0.075, 'Pensionierung': 0.1, 'Gerechte': 0, 'Finanzierung': 0.19, 'via': 0.03, 'Mwst': 0.03, 'itzaber': 0.07}",positive,"[0.05063961, 0.15111591, 0.79824454]",,,,,,,,,,,,,,,,,,,,,,,,,,,,,,,,,,,,,positive
100.0,100.0,100.0,0.85,neutral,"Saalabstimmung am @spiritofbern zum Thema Demografie und Arbeitsmarkt: die Mehrheit bevorzugt h√∂heres Rentenalter statt Erh√∂hung der Abgaben, entgegen der Erwartung von @DanielLampart. Trotz ""√ºberaltertem Publikum"" (Zitat Prof Raffelh√ºschen, ich w√ºrde das nie merken üë¥üòâ) #tsob19 https://t.co/XLGdmOA0Sx",saalabstimmung thema demografie arbeitsmarkt mehrheit bevorzugen hoch rentenalter statt erh√∂hung abgaben entgegen erwartung trotzen √ºberaltert publikum zitat prof raffelh√ºschen nie merken tsob19,,,,,,,"{'Saalabstimmung': 0, 'am': 0, 'zum': 0.05, 'Thema': 0, 'Demografie': 0, 'und': 0.05, 'Arbeitsmarkt': 0.08, 'die': 0.05, 'Mehrheit': 1.0, 'bevorzugt': 0, 'h√∂heres': 0.74, 'Rentenalter': 0.435, 'statt': 0.315, 'Erh√∂hung': 0, 'der': 0.05, 'Abgaben': 0.18, 'entgegen': 0, 'Erwartung': 0.08, 'von': 0.05, 'Trotz': 0.05, '√ºberaltertem': 0, 'Publikum': 0.22, 'Zitat': 0.08, 'Prof': 0.09, 'Raffelh√ºschen': 0, 'ich': 0.04, 'w√ºrde': 0.05, 'das': 0, 'nie': 0, 'merken': 0, 'tsob19': 0.06}",positive,"[0.020545237, 0.0035477995, 0.9759069]",,,,,,,,,,,,,,,,,,,,,,,,,,,,,,,,,,,,,positive
50.0,25.0,28.0,-0.15,neutral,RT @MoeLindgren: Renten k√ºrzen oder Rentenalter erh√∂hen? Hitzige Diskussion zu #Generationenvertrag #itzaber #glpirStadt https://t.co/ghmY5‚Ä¶,renten k√ºrzen rentenalter erh√∂hen hitzig diskussion generationenvertrag itzaber glpirstadt,,,,,,,"{'Renten': 0.28, 'k√ºrzen': 0, 'oder': 0.82, 'Rentenalter': 0.745, 'erh√∂hen': 0, 'Hitzige': 0.08, 'Diskussion': 0.19, 'zu': 0, 'Generationenvertrag': 0, 'itzaber': 0.12, 'glpirStadt': 0.16}",neutral,"[0.48316827, 0.10179619, 0.41503555]",,,,,,,,,,,,,,,,,,,,,,,,,,,,,,,,,,,,,neutral
50.0,75.0,57.0,0.0,neutral,RT @grunliberale: 2 Wochen #Vaterschaftsurlaub. Die SGK-S verabschiedet ihren Gegenvorschlag zur Vaterschaftsurlaub-VI. Wir machen uns aber‚Ä¶,wochen vaterschaftsurlaub sgk s verabschieden gegenvorschlag vaterschaftsurlaub vi,,,,,,,,,,"{'2': 0, 'Wochen': 0.78, 'Vaterschaftsurlaub': 0.095, 'Die': 0.43, 'SGK-S': 0, 'verabschiedet': 0, 'ihren': 0, 'Gegenvorschlag': 0.095, 'zur': 0.27, 'Vaterschaftsurlaub-VI': 0.13, 'Wir': 0.08, 'machen': 0.21, 'uns': 0, 'aber': 0.22, '‚Ä¶': 0}",neutral,"[0.8922958, 0.015453067, 0.09225116]",,,,,,,,,,,,,,,,,,,,,,,,,,,,,,,,,,neutral
50.0,75.0,57.0,0.0,negative,"RT @grunliberale: ""Vaterschaftsurlaub, Individualbesteuerung, Tagesstrukturen: Das sind Themen, die in der Politik nicht ernst genommen wer‚Ä¶",vaterschaftsurlaub individualbesteuerung tagesstrukturen themen politik ernst nehmen wer,,,,,,,,,,"{'Vaterschaftsurlaub': 0.69, 'Individualbesteuerung': 0.485, 'Tagesstrukturen': 0.155, 'Das': 0, 'sind': 0.05, 'Themen': 0, 'die': 0, 'in': 0.09, 'der': 0, 'Politik': 0, 'nicht': 0.12, 'ernst': 0, 'genommen': 0.04, 'wer': 0, '‚Ä¶': 0}",negative,"[0.305956, 0.50186616, 0.19217774]",,,,,,,,,,,,,,,,,,,,,,,,,,,,,,,,,,neutral
50.0,75.0,57.0,0.0,neutral,"RT @fljan: mit dem Steuerprivileg f√ºr Bauern, das #Nationalrat heute beschliessen wird, h√§tte man #Vaterschaftsurlaub gleich doppelt finanz‚Ä¶",steuerprivileg bauern nationalrat heute beschliessen vaterschaftsurlaub gleichen doppeln finanz,,,,,,,,,,"{'mit': 0.02, 'dem': 0.03, 'Steuerprivileg': 0.035, 'f√ºr': 0.02, 'Bauern': 0.04, 'das': 0, 'Nationalrat': 0.045, 'heute': 0.06, 'beschliessen': 0.03, 'wird': 0.02, 'h√§tte': 0, 'man': 0, 'Vaterschaftsurlaub': 0.44, 'gleich': 0, 'doppelt': 0, 'finanz': 0, '‚Ä¶': 0}",negative,"[0.008388803, 0.9542274, 0.03738386]",,,,,,,,,,,,,,,,,,,,,,,,,,,,,,,,,,neutral
25.0,25.0,28.0,-0.3333333333333333,neutral,Die Vorsorgereform muss urnenf√§hig sein. Die Angleichung des Rentenalters ist richtig. Aber nicht einseitig auf Kosten der Frauen: Zeitgleich braucht es die massive Senkung des Koordinationsabzugs bei den Pensionskassen und ausreichende √úbergangsl√∂sungen. Es gibt noch zu tun. https://t.co/5kzW9iM4DD,vorsorgereform urnenf√§hig angleichung rentenalters richtig einseitig kosten frauen zeitgleich brauchen massiv senkung koordinationsabzugs pensionskassen ausreichend √ºbergangsl√∂sungen geben tun,,,,,,,"{'Die': 0.04, 'Vorsorgereform': 0.095, 'muss': 0.02, 'urnenf√§hig': 0, 'sein': 0, 'Angleichung': 0.85, 'des': 0, 'Rentenalters': 0.75, 'ist': 0.03, 'richtig': 1.0, 'Aber': 0.38, 'nicht': 0.18, 'einseitig': 0, 'auf': 0, 'Kosten': 0, 'der': 0.04, 'Frauen': 0.05, 'Zeitgleich': 0, 'braucht': 0, 'es': 0.03, 'die': 0.04, 'massive': 0.1, 'Senkung': 0, 'Koordinationsabzugs': 0.08499999999999999, 'bei': 0.03, 'den': 0.04, 'Pensionskassen': 0.06, 'und': 0.08, 'ausreichende': 0.03, '√úbergangsl√∂sungen': 0.05500000000000001, 'Es': 0.03, 'gibt': 0.03, 'noch': 0.04, 'zu': 0.02, 'tun': 0.02}",positive,"[0.026056094, 0.0053140526, 0.9686299]",,,,"{'Die': 0.04, 'Vorsorgereform': 0.07, 'muss': 0.04, 'urnenf√§hig': 0, 'sein': 0, 'Angleichung': 0.05, 'des': 0, 'Rentenalters': 0.025, 'ist': 0.11, 'richtig': 0.07, 'Aber': 0.39, 'nicht': 1.0, 'einseitig': 0, 'auf': 0, 'Kosten': 0, 'der': 0.04, 'Frauen': 0.27, 'Zeitgleich': 0, 'braucht': 0, 'es': 0.11, 'die': 0.04, 'massive': 0.32, 'Senkung': 0, 'Koordinationsabzugs': 0.07500000000000001, 'bei': 0.47, 'den': 0.04, 'Pensionskassen': 0.05500000000000001, 'und': 0.11, 'ausreichende': 0.08, '√úbergangsl√∂sungen': 0.07, 'Es': 0.11, 'gibt': 0.11, 'noch': 0.15, 'zu': 0.04, 'tun': 0.04}",negative,"[0.23519869, 0.7021038, 0.06269755]",,,,,,,,,,,,,,,,,,,,,,,,,,,,,,,negative
50.0,75.0,57.0,0.0,neutral,"RT @Ch_Lohr: √úber ein Thema wie die #Organspende sollten wir mit unseren #Angeh√∂rigen und pers√∂nlichen #Bezugspersonen offen sprechen, sola‚Ä¶",thema organspende sollen angeh√∂rig pers√∂nlich bezugspersonen offen sprechen sola,,,,,,,,,,,,,,,,"{'√úber': 0, 'ein': 0, 'Thema': 0, 'wie': 0, 'die': 0, 'Organspende': 0.835, 'sollten': 0.06, 'wir': 0, 'mit': 0.06, 'unseren': 0.05, 'Angeh√∂rigen': 0.06, 'und': 0.07, 'pers√∂nlichen': 0.06, 'Bezugspersonen': 0.21, 'offen': 0, 'sprechen': 0.09, 'sola': 0, '‚Ä¶': 0}",neutral,"[0.7481847, 0.01645311, 0.23536226]",,,,,,,,,,,,,,,,,,,,,,,,,,,,neutral
100.0,100.0,86.0,0.7,neutral,"RT @glp_bern: Die Gr√ºnliberale Fraktion unterst√ºtzt ein rasches, erschwingliches und auch auf franz√∂sisch zug√§ngliches Einb√ºrgerungsverfahr‚Ä¶",gr√ºnliberale fraktion unterst√ºtzen rasch erschwinglich franz√∂sisch zug√§nglich einb√ºrgerungsverfahr,,,,,,,,,,,,,,,,,,,"{'Die': 0.12, 'Gr√ºnliberale': 0.07, 'Fraktion': 0, 'unterst√ºtzt': 0.19, 'ein': 0, 'rasches': 0.2, 'erschwingliches': 1.0, 'und': 0, 'auch': 0.13, 'auf': 0, 'franz√∂sisch': 0.08, 'zug√§ngliches': 0.1, 'Einb√ºrgerungsverfahr': 0.64, '‚Ä¶': 0}",positive,"[0.0015077558, 0.0011509866, 0.9973412]",,,,,,,,,,,,,,,,,,,,,,,,,positive
100.0,100.0,86.0,0.7,neutral,RT @grunliberale: Unsere Delegierten sagen mit 130 zu 0 einstimmig Ja zur erleichterten Einb√ºrgerung von Personen der dritten Ausl√§ndergene‚Ä¶,delegieren sagen einstimmig ja erleichtern einb√ºrgerung personen dritt ausl√§ndergene,,,,,,,,,,,,,,,,,,,"{'Unsere': 0.06, 'Delegierten': 0.13, 'sagen': 0.175, 'mit': 0.07, '130': 0, 'zu': 0.2, '0': 0, 'einstimmig': 0.17, 'Ja': 0, 'zur': 0.14, 'erleichterten': 0, 'Einb√ºrgerung': 1.0, 'von': 0, 'Personen': 0, 'der': 0.08, 'dritten': 0.11, 'Ausl√§ndergene': 0, '‚Ä¶': 0}",positive,"[0.0015394705, 0.0012030866, 0.9972574]",,,,,,,,,,,,,,,,,,,,,,,,,positive
50.0,25.0,28.0,-0.15,negative,"RT @Claude_Grosjean: Schade: geht‚Äòs um Symbolpolitik f√ºr einen freien 8. M√§rz statt Lohngleichheit, ist die Trib√ºne voll. https://t.co/fbSi‚Ä¶",schaden gehen s symbolpolitik frei m√§rz statt lohngleichheit trib√ºne voll,,,,,,,,,,,,,,,,,,,,,,"{'Schade': 0, 'geht': 0, '‚Äò': 0, 's': 0, 'um': 0, 'Symbolpolitik': 0, 'f√ºr': 0, 'einen': 0, 'freien': 0, '8.': 0, 'M√§rz': 0, 'statt': 0, 'Lohngleichheit': 0, 'ist': 0, 'die': 0, 'Trib√ºne': 0, 'voll': 0}",neutral,"[0.6336454, 0.031217044, 0.33513758]",,,,,,,,,,,,,,,,,,,,,,neutral
50.0,75.0,57.0,0.0,neutral,#itzaber muss endlich was gehen! #chancengleichheit #gleichberechtigung #Lohngleichheit #WomensDay #gopfridstutz #WahlBE18 #w√§hleklug https://t.co/AmB1xBfvAk,itzaber endlich gehen chancengleichheit gleichberechtigung lohngleichheit womensday gopfridstutz wahlbe18 w√§hleklug,,,,,,,,,,,,,,,,,,,,,,"{'itzaber': 0.08, 'muss': 0.02, 'endlich': 0, 'was': 0, 'gehen': 0, 'chancengleichheit': 0.035, 'gleichberechtigung': 0.03, 'Lohngleichheit': 0.03, 'WomensDay': 0.44, 'gopfridstutz': 1.0, 'WahlBE18': 0, 'w√§hleklug': 0}",positive,"[0.10576405, 0.012621879, 0.881614]",,,,,,,,,,,,,,,,,,,,,,neutral
50.0,75.0,57.0,0.0,neutral,"RT @Bern_Stadt: Mit Bund, Kantonen und Gemeinden unterzeichnet die Stadt Bern die Charta ¬´Lohngleichheit im √∂ffentlichen Sektor¬ª. https://t‚Ä¶",bund kantonen gemeinden unterzeichnen stadt bern charta lohngleichheit √∂ffentlich sektor,,,,,,,,,,,,,,,,,,,,,,"{'Mit': 0.12, 'Bund': 0, 'Kantonen': 0.06, 'und': 0.05, 'Gemeinden': 0.04, 'unterzeichnet': 0, 'die': 0.09, 'Stadt': 0.07, 'Bern': 0.13, 'Charta': 0.28, '¬´': 0, 'Lohngleichheit': 0, 'im': 0, '√∂ffentlichen': 0, 'Sektor': 0, '¬ª': 0}",positive,"[0.20100886, 0.0039452775, 0.7950459]",,,,,,,,,,,,,,,,,,,,,,neutral
100.0,100.0,100.0,0.85,neutral,Grosser Rat verlangt Transparenz als Massnahme zur Durchsetzung von Lohngleichheit. Das freut üòä https://t.co/43ksL8B2c0,grosser rat verlangen transparenz massnahme durchsetzung lohngleichheit freuen,,,,,,,,,,,,,,,,,,,,,,"{'Grosser': 0, 'Rat': 0, 'verlangt': 0, 'Transparenz': 0.38, 'als': 0.11, 'Massnahme': 0.62, 'zur': 0.39, 'Durchsetzung': 0, 'von': 0, 'Lohngleichheit': 0.985, 'Das': 0, 'freut': 0.47}",positive,"[0.012143387, 0.0021119637, 0.98574466]",,,,,,,,,,,,,,,,,,,,,,positive
0.0,0.0,14.0,-0.7,neutral,RT @glp_bern: Ein D√§mpfer f√ºr die Eichh√∂rnchen: Stadtrat √ºberweist Postulat zur Steuersenkung im Umfang von zus√§tzlichen Steuereinnahmen au‚Ä¶,d√§mpfer eichh√∂rnchen stadtrat √ºberweisen postulat steuersenkung umfang zus√§tzlich steuereinnahmen au,,,,,,,,,,,,,,,,,,,,,,,,,"{'Ein': 0.06, 'D√§mpfer': 0, 'f√ºr': 0.05, 'die': 0.11, 'Eichh√∂rnchen': 0, 'Stadtrat': 0.14, '√ºberweist': 0.51, 'Postulat': 0.38, 'zur': 0.255, 'Steuersenkung': 0.18, 'im': 0, 'Umfang': 0, 'von': 0, 'zus√§tzlichen': 0.15, 'Steuereinnahmen': 0.18, 'au': 0.4, '‚Ä¶': 0}",neutral,"[0.49085203, 0.40241075, 0.10673719]",,,,,,,,,,,,,,,,,,,negative
100.0,100.0,100.0,0.85,neutral,RT @glp_bern: Unsere Idee einer moderaten Steuersenkung: Wenn die Stadt Bern schon bis vor Bundesgericht geht um h√∂here Steuereinnahmen zu‚Ä¶,idee moderat steuersenkung stadt bern schon bundesgericht gehen hoch steuereinnahmen,,,,,,,,,,,,,,,,,,,,,,,,,"{'Unsere': 0.2, 'Idee': 0, 'einer': 0, 'moderaten': 1.0, 'Steuersenkung': 0.58, 'Wenn': 0, 'die': 0.13, 'Stadt': 0.17, 'Bern': 0.2, 'schon': 0, 'bis': 0, 'vor': 0, 'Bundesgericht': 0.18, 'geht': 0.15, 'um': 0.52, 'h√∂here': 0.21, 'Steuereinnahmen': 0.16, 'zu': 0.07, '‚Ä¶': 0}",neutral,"[0.6944582, 0.1143727, 0.19116902]",,,,,,,,,,,,,,,,,,,positive
50.0,75.0,57.0,0.0,neutral,Beiss du nur üôÇ@regulatschanz. √úberschuss von 10Mio h√§tte moderate Steuersenkung UND Pr√§mien f√ºr Stadtangestellte erm√∂glicht #verpassteChance,beiss √ºberschuss 10mio moderate steuersenkung pr√§mien stadtangestellte erm√∂glichen verpasstechance,,,,,,,,,,,,,,,,,,,,,,,,,"{'Beiss': 0, 'du': 0, 'nur': 0, '√úberschuss': 0, 'von': 0, '10Mio': 0, 'h√§tte': 0, 'moderate': 1.0, 'Steuersenkung': 0.66, 'UND': 0.45, 'Pr√§mien': 1.0, 'f√ºr': 0.15, 'Stadtangestellte': 0.14, 'erm√∂glicht': 0, 'verpassteChance': 0.13}",positive,"[0.0073640756, 0.0032785456, 0.9893574]",,,,,,,,,,,,,,,,,,,neutral
0.0,0.0,0.0,-1.0,neutral,In Budgetdebatte wurden Steuersenkungs- &amp;Lohnerh√∂hungsantr√§ge diverser H√∂he abgelehnt. Exakter Betrag ist hier nicht zentral @regulatschanz,budgetdebatte steuersenkungs amp lohnerh√∂hungsantr√§ge divers h√∂he ablehnen exakt betrag zentral,,,,,,,,,,,,,,,,,,,,,,,,,"{'In': 0.16, 'Budgetdebatte': 0, 'wurden': 0, 'Steuersenkungs-': 0.26, 'amp;Lohnerh√∂hungsantr√§ge': 0.575, 'diverser': 0, 'H√∂he': 0, 'abgelehnt': 0, 'Exakter': 0.23, 'Betrag': 0.13, 'ist': 0.09, 'hier': 0.15, 'nicht': 0.16, 'zentral': 0.1}",negative,"[0.18353641, 0.786747, 0.029716546]",,,,,,,,,,,,,,,,,,,negative
100.0,100.0,100.0,1.0,neutral,Steuersenkung √† 5Mio Mindereinnahmen die allen Steuerzahlenden in Bern zu Gute kommt ist @Bern_Stadt aber zu teuer üôÑ https://t.co/4stWPHkeUi,steuersenkung √† 5mio mindereinnahmen steuerzahlenden bern gut kommen teuer,,,,,,,,,,,,,,,,,,,,,,,,,"{'Steuersenkung': 0.36, '√†': 0, '5Mio': 0, 'Mindereinnahmen': 0.30000000000000004, 'die': 0, 'allen': 0, 'Steuerzahlenden': 0.34, 'in': 0.24, 'Bern': 0.22, 'zu': 0, 'Gute': 0, 'kommt': 0, 'ist': 0.71, 'aber': 0, 'teuer': 1.0}",negative,"[0.021003028, 0.90556306, 0.07343394]",,,,,,,,,,,,,,,,,,,positive
0.0,0.0,0.0,-1.0,neutral,"Leider hat @andriniovic Recht, de facto hat @fdp_bern zusammen mit RGM inkl @GFLBern die moderate Steuersenkung verhindert #WahlBern16 https://t.co/vENjVxoQ9H",leider recht de facto zusammen rgm inkl moderate steuersenkung verhindern wahlbern16,,,,,,,,,,,,,,,,,,,,,,,,,"{'Leider': 0.64, 'hat': 0, 'Recht': 0, 'de': 0, 'facto': 0.26, 'zusammen': 0.72, 'mit': 0.33, 'RGM': 0.22, 'inkl': 0, 'die': 0.94, 'moderate': 0.52, 'Steuersenkung': 0.535, 'verhindert': 1.0, 'WahlBern16': 0}",negative,"[0.12090792, 0.78296924, 0.09612288]",,,,,,,,,,,,,,,,,,,negative
50.0,75.0,57.0,0.0,negative,"Schade, @andriniovic, der Stadtrat hat den moderaten Steuersenkungsantrag der @glp_bern diesen Herbst versenkt #WahlBern16",schaden stadtrat moderat steuersenkungsantrag herbst versenken wahlbern16,,,,,,,,,,,,,,,,,,,,,,,,,"{'Schade': 0, 'der': 0.71, 'Stadtrat': 0.255, 'hat': 0, 'den': 0.71, 'moderaten': 1.0, 'Steuersenkungsantrag': 0.8600000000000001, 'diesen': 0.36, 'Herbst': 0, 'versenkt': 0.39, 'WahlBern16': 0}",neutral,"[0.5920783, 0.20610698, 0.2018148]",,,,,,,,,,,,,,,,,,,neutral
100.0,100.0,100.0,1.0,negative,"@avongraffenried vor paar Wochen war dir&amp; @GFLBern mein Steuersenkungsantrag der @glp_bern zu moderat, und jetzt? @Claude_Grosjean @derbund https://t.co/b0PKuAWxyf",paar wochen amp steuersenkungsantrag moderat,,,,,,,,,,,,,,,,,,,,,,,,,"{'vor': 0, 'paar': 0, 'Wochen': 0.13, 'war': 0, 'dir&amp': 0, 'mein': 0.27, 'Steuersenkungsantrag': 0.16, 'der': 0, 'zu': 0, 'moderat': 0.28, 'und': 1.0, 'jetzt': 0.81}",negative,"[0.21344198, 0.7753786, 0.0111794295]",,,,,,,,,,,,,,,,,,,positive
50.0,75.0,57.0,0.0,neutral,RT @Claude_Grosjean: Nein zur Steuersenkung f√ºr alle - aber ja zur Lohnerh√∂hung f√ºr st√§dt. Angestellte? @SP_Stadt_Bern F√ºr wenige statt f√ºr‚Ä¶,nein steuersenkung all ja lohnerh√∂hung st√§dt angestellt wenig statt,,,,,,,,,,,,,,,,,,,,,,,,,"{'Nein': 0.43, 'zur': 0.09, 'Steuersenkung': 0.665, 'f√ºr': 0.04, 'alle': 0.23, 'aber': 0.22, 'ja': 0, 'Lohnerh√∂hung': 0.14, 'st√§dt': 0, 'Angestellte': 0, 'F√ºr': 0.04, 'wenige': 0.04, 'statt': 0.045, '‚Ä¶': 0}",positive,"[0.106939964, 0.023113733, 0.86994636]",,,,,,,,,,,,,,,,,,,neutral
50.0,75.0,57.0,0.0,negative,@avongraffenried du meinst also jetzt der Empfehlung FinDel nicht folgen weil n√§xt Jahr gr√∂ssere Steuersenkung? @Michael_Koepfli @glp_bern,empfehlung findel folgen n√§xt jahr gr√∂ssere steuersenkung,,,,,,,,,,,,,,,,,,,,,,,,,"{'du': 0, 'meinst': 0.3, 'also': 0, 'jetzt': 0, 'der': 0.17, 'Empfehlung': 0.34, 'FinDel': 0.26, 'nicht': 0.23, 'folgen': 0.27, 'weil': 0.46, 'n√§xt': 0.33, 'Jahr': 0.48, 'gr√∂ssere': 0.34, 'Steuersenkung': 0.32}",neutral,"[0.73625916, 0.22706641, 0.036674395]",,,,,,,,,,,,,,,,,,,neutral
75.0,75.0,71.0,0.3333333333333333,neutral,"Positive #Digitalisierung und #Innovation brauchen Spielraum und ‚Äûeinfach machen‚Äú - Rahmenbedingungen werden flankierend passend auf technologische Entwicklung gesetzt, meint Peter Gr√ºtter, Pr√§sident @asut_ch an der #asutsem18",positiv digitalisierung innovation brauchen spielraum einfach rahmenbedingungen flankieren passen technologische entwicklung setzen peter gr√ºtter pr√§sident asutsem18,,,,,,,,,,,,,,,,,,,,,,,,,,,,"{'Positive': 1.0, 'Digitalisierung': 0, 'und': 0.07, 'Innovation': 0.27, 'brauchen': 0.89, 'Spielraum': 0.15, '‚Äû': 0, 'einfach': 0, 'machen': 0, '‚Äú': 0, 'Rahmenbedingungen': 0, 'werden': 0, 'flankierend': 0, 'passend': 0, 'auf': 0, 'technologische': 0, 'Entwicklung': 0, 'gesetzt': 0, 'meint': 0, 'Peter': 0, 'Gr√ºtter': 0, 'Pr√§sident': 0, 'an': 0, 'der': 0, 'asutsem18': 0}",positive,"[0.0011016072, 0.0019763345, 0.9969221]",,,,,,,,,,,,,,,,positive
50.0,75.0,57.0,0.0,neutral,Lieblingsnerd @maemst pr√§sentiert voller Begeisterung ein hochinteressantes !! JavaScript Tutorial zu if-Bedingungen (bless üòá) #tsob18 #DigitalTransformation #Digitalisierung,lieblingsnerd pr√§sentieren voll begeisterung hochinteressantes javascript tutorial if bedingungen bless tsob18 digitaltransformation digitalisierung,,,,,,,,,,,,,,,,,,,,,,,,,,,,"{'Lieblingsnerd': 0.03, 'pr√§sentiert': 0.03, 'voller': 0, 'Begeisterung': 0, 'ein': 0.01, 'hochinteressantes': 0.03, 'JavaScript': 0.09, 'Tutorial': 0.09, 'zu': 0, 'if-Bedingungen': 0, 'bless': 0.06, 'tsob18': 0.2, 'DigitalTransformation': 0.49, 'Digitalisierung': 1.0}",neutral,"[0.8654016, 0.007289268, 0.12730913]",,,,,,,,,,,,,,,,neutral
50.0,75.0,57.0,0.0,neutral,"RR Bernhard Pulver klingt am @spiritofbern wie ein Gr√ºnliberaler üå± @glp_bern: ‚Äûwir k√∂nnen die #Digitalisierung einfach geschehen lassen oder wir k√∂nnen die Chancen der #Digitalisierung nutzen - Risiken erkennen, aber vor allem: Chancen nutzen‚Äú #tsob18 #DigitalTransformation",rr bernhard pulver klingen gr√ºnliberaler digitalisierung einfach geschehen lassen chancen digitalisierung nutzen risiken erkennen chancen nutzen tsob18 digitaltransformation,,,,,,,,,,,,,,,,,,,,,,,,,,,,"{'RR': 0.02, 'Bernhard': 0.04, 'Pulver': 0, 'klingt': 0.05, 'am': 0, 'wie': 0, 'ein': 0, 'Gr√ºnliberaler': 0.045, '‚Äû': 0, 'wir': 0, 'k√∂nnen': 0, 'die': 0, 'Digitalisierung': 0, 'einfach': 0, 'geschehen': 0, 'lassen': 0, 'oder': 0, 'Chancen': 0, 'der': 0, 'nutzen': 0, 'Risiken': 0, 'erkennen': 0, 'aber': 0, 'vor': 0, 'allem': 0, '‚Äú': 0, 'tsob18': 0, 'DigitalTransformation': 0}",neutral,"[0.7258013, 0.049087927, 0.22511087]",,,,,,,,,,,,,,,,neutral
50.0,75.0,57.0,0.0,neutral,"Bundesrat @_BR_JSA am @spiritofbern: ‚Äûdie Digitalisierungsumstellung hat begonnen und wer es nicht gemerkt hat, hat Pech...Pech gehabt‚Äú Voil√†! #tsob18 #Digitalisierung #DigitalTransformation https://t.co/9Oa9cAyR26",bundesrat digitalisierungsumstellung beginnen wer merken pech pech voil√† tsob18 digitalisierung digitaltransformation,,,,,,,,,,,,,,,,,,,,,,,,,,,,"{'Bundesrat': 0.07500000000000001, 'am': 0, '‚Äû': 0, 'die': 0, 'Digitalisierungsumstellung': 0, 'hat': 0, 'begonnen': 0, 'und': 0, 'wer': 0, 'es': 0, 'nicht': 0, 'gemerkt': 0, 'Pech': 0, '...': 0, 'gehabt': 0, '‚Äú': 0, 'Voil√†': 0, 'tsob18': 0, 'Digitalisierung': 0, 'DigitalTransformation': 0}",neutral,"[0.50700384, 0.3610755, 0.13192058]",,,,,,,,,,,,,,,,neutral
100.0,100.0,100.0,1.0,neutral,@unibern @spiritofbern Ich bin sehr gespannt und freue mich auf heute Nachmittag! @vongreyerz @spiritofbern @unibern #tsob18 #Digitalisierung #DigitalTransformation üëæüë©‚Äçüè´üß•,spannen freuen heute nachmittag tsob18 digitalisierung digitaltransformation,,,,,,,,,,,,,,,,,,,,,,,,,,,,"{'Ich': 0.03, 'bin': 0, 'sehr': 0.05, 'gespannt': 0.07, 'und': 0.03, 'freue': 0, 'mich': 0, 'auf': 0, 'heute': 0, 'Nachmittag': 0.03, 'tsob18': 0.52, 'Digitalisierung': 1.0, 'DigitalTransformation': 0.28, '\u200d': 0, 'üß•': 0}",positive,"[0.42169127, 0.020649325, 0.55765945]",,,,,,,,,,,,,,,,positive
100.0,100.0,100.0,1.0,neutral,"RT @grunliberale: #Menschenrechte und #Umweltschutz m√ºssen durch Schweizer Unternehmen auch im Ausland respektiert werden. ""Der Gegenvorsch‚Ä¶",menschenrechte umweltschutz m√ºssen schweizer unternehmen ausland respektieren gegenvorsch,,,,,,,,,,,,,,,,,,,,,,,,,,,,,,,"{'Menschenrechte': 0.055, 'und': 0.03, 'Umweltschutz': 0.06, 'm√ºssen': 0, 'durch': 0, 'Schweizer': 0.06, 'Unternehmen': 0, 'auch': 0.03, 'im': 0, 'Ausland': 0.08, 'respektiert': 0.06, 'werden': 0, 'Der': 0.18, 'Gegenvorsch': 0, '‚Ä¶': 0}",positive,"[0.10101302, 0.019862786, 0.87912416]",,,,,,,,,,,,,positive
50.0,75.0,57.0,0.0,neutral,RT @KatjaChrist: Wegen des fehlenden #Rahmenabkommen bleibt der schweizerische Beitritt zur Europ√§ischen Eisenbahnagentur ERA weiterhin blo‚Ä¶,wegen fehlend rahmenabkommen bleiben schweizerische beitreten europ√§isch eisenbahnagentur era weiterhin blo,,,,,,,,,,,,,,,,,,,,,,,,,,,,,,,,,,"{'Wegen': 0, 'des': 0, 'fehlenden': 0, 'Rahmenabkommen': 0.1, 'bleibt': 0.49, 'der': 0.04, 'schweizerische': 0.1, 'Beitritt': 0.17, 'zur': 0.045, 'Europ√§ischen': 0.06, 'Eisenbahnagentur': 0.08, 'ERA': 0.25, 'weiterhin': 0, 'blo': 0, '‚Ä¶': 0}",negative,"[0.29795572, 0.67833316, 0.02371108]",,,,,,,,,,neutral
50.0,75.0,57.0,0.0,neutral,@Michael_Koepfli @srfbern @SRF @glp_bern Making of Regierungsratskandidaten auf dem Pr√ºfstand! im Strassenverkehrsamt üé•üòÜ #WahlBE18 @Michael_Koepfli Gemeinsame Aktion von @srfbern @SRF Radio/SF/online https://t.co/ATPeYM8Nyh,making of regierungsratskandidaten pr√ºfstand strassenverkehrsamt wahlbe18 gemeinsam aktion radio sf online,,,,,,,,,,,,,,,,,,,,,,,,,,,,,,,,,,,,,"{'Making': 0.38, 'of': 0.16, 'Regierungsratskandidaten': 0.1875, 'auf': 0, 'dem': 0.28, 'Pr√ºfstand': 0.61, 'im': 0, 'Strassenverkehrsamt': 0.8575, 'WahlBE18': 0, 'Gemeinsame': 0, 'Aktion': 0, 'von': 0, 'Radio': 0.19, 'SF': 0.04, 'online': 0.28}",neutral,"[0.8906823, 0.016318962, 0.0929987]",,,,,,,neutral
50.0,75.0,57.0,0.0,neutral,"@casimirvonarx @hae_mann @fussverkehr @andreazryd Genau! Siehe dazu auch meine Motion ""Nutzungseffizienz im √∂ffentlichen Raum"" https://t.co/mfPGMWRBzX. Die vor ziemlich genau vor einem Jahr eingereichte Motion verlangt eine Umkehr der Platzplanungslogik von Fahrzeuggr√∂sse zu Nutzungseffizienz. Go Stadt Bern! üí™@glp_bern @uwyss",genau siehe motion nutzungseffizienz √∂ffentlich raum ziemlich genau jahr eingereicht motion verlangen umkehr platzplanungslogik fahrzeuggr√∂sse nutzungseffizienz go stadt bern,,,,,,,,,,,,,,,,,,,,,,,,,,,,,,,,,,,,,,,,"{'Genau': 0.04, 'Siehe': 0, 'dazu': 0.04, 'auch': 0.08, 'meine': 0.05, 'Motion': 0.07, 'Nutzungseffizienz': 0.08, 'im': 0, '√∂ffentlichen': 1.0, 'Raum': 0.14, 'Die': 0.05, 'vor': 0, 'ziemlich': 0, 'genau': 0.04, 'einem': 0, 'Jahr': 0.05, 'eingereichte': 0.09, 'verlangt': 0, 'eine': 0, 'Umkehr': 0, 'der': 0.05, 'Platzplanungslogik': 0.0925, 'von': 0.03, 'Fahrzeuggr√∂sse': 0.135, 'zu': 0.04, 'Go': 0.05, 'Stadt': 0.21, 'Bern': 0.1}",neutral,"[0.45493203, 0.4527687, 0.09229928]",,,,neutral
50.0,75.0,57.0,0.0,negative,"RT @casimirvonarx: ¬´Der st√§ndige Ausbau der Infrastruktur f√ºr den √∂ffentlichen Verkehr ist nicht mehr zeitgem√§ss.¬ª

So ist es. Laut dem St√§‚Ä¶",st√§ndig ausbau infrastruktur √∂ffentlich verkehr mehr zeitgem√§ss laut st√§,,,,,,,,,,,,,,,,,,,,,,,,,,,,,,,,,,,,,,,,"{'¬´': 0, 'Der': 0, 'st√§ndige': 0, 'Ausbau': 0, 'der': 0, 'Infrastruktur': 0, 'f√ºr': 0, 'den': 0, '√∂ffentlichen': 0, 'Verkehr': 0, 'ist': 0, 'nicht': 0, 'mehr': 0, 'zeitgem√§ss': 0, '¬ª': 0, 'So': 0, 'es': 0, 'Laut': 0, 'dem': 0, 'St√§': 0, '‚Ä¶': 0}",positive,"[0.3339619, 0.07565425, 0.5903839]",,,,neutral
50.0,75.0,57.0,0.0,neutral,"RT @grunliberale: Statt die #Agrarreform f√ºr eine √∂konomischere und √∂kologischere #Landwirtschaft anzugehen, hat sie der NR heute auf den S‚Ä¶",statt agrarreform √∂konomisch √∂kologischere landwirtschaft angehen nr heute s,,,,,,,,,,,,,,,,,,,,,,,,,,,,,,,,,,,,,,,,,,,"{'Statt': 0.125, 'die': 0.06, 'Agrarreform': 1.0, 'f√ºr': 0.51, 'eine': 0, '√∂konomischere': 0.23, 'und': 0.14, '√∂kologischere': 0.20500000000000002, 'Landwirtschaft': 0.22, 'anzugehen': 0, 'hat': 0, 'sie': 0, 'der': 0.06, 'NR': 0, 'heute': 0.11, 'auf': 0.06, 'den': 0.06, 'S': 0.06, '‚Ä¶': 0}",positive,"[0.03368526, 0.010088536, 0.95622617]",neutral
50.0,75.0,57.0,0.0,neutral,RT @grunliberale: Die unendliche Geschichte √ºber #Pestizide und #√úberd√ºngung in der Landwirtschaft (1/6). 2012 stimmt der Nationalrat auf I‚Ä¶,unendliche geschichte pestizide √ºberd√ºngung landwirtschaft stimmen nationalrat i,,,,,,,,,,,,,,,,,,,,,,,,,,,,,,,,,,,,,,,,,,,"{'Die': 0.16, 'unendliche': 0, 'Geschichte': 0.03, '√ºber': 0, 'Pestizide': 0.06, 'und': 0.03, '√úberd√ºngung': 0.06, 'in': 0.17, 'der': 0.16, 'Landwirtschaft': 0.04, '1': 0, '6': 0, '2012': 0, 'stimmt': 0, 'Nationalrat': 0.155, 'auf': 1.0, 'I': 0.5, '‚Ä¶': 0}",neutral,"[0.9379421, 0.009890689, 0.052167147]",neutral
100.0,100.0,86.0,0.7,neutral,RT @tiana_moser: Der Verkauf von #Pestiziden bleibt unver√§ndert hoch. Es braucht umgehend Korrekturen in der Landwirtschaftspolitik. Ansons‚Ä¶,verkauf pestiziden bleiben unver√§ndert hoch brauchen umgehen korrekturen landwirtschaftspolitik ansons,,,,,,,,,,,,,,,,,,,,,,,,,,,,,,,,,,,,,,,,,,,"{'Der': 0, 'Verkauf': 0, 'von': 0, 'Pestiziden': 0, 'bleibt': 0, 'unver√§ndert': 0, 'hoch': 0.22, 'Es': 0, 'braucht': 0, 'umgehend': 0.65, 'Korrekturen': 1.0, 'in': 0, 'der': 0, 'Landwirtschaftspolitik': 0.435, 'Ansons': 0.21, '‚Ä¶': 0}",positive,"[0.028071446, 0.01519152, 0.95673704]",positive
50.0,75.0,57.0,0.0,neutral,RT @grunliberale: Und t√§glich gr√ºsst das Murmeltier: Wir stellten uns alleine gegen sch√§dlichen Exportsubventionen in der Landwirtschaft. @‚Ä¶,t√§glich gr√ºsst murmeltier stellen alleine sch√§dlich exportsubventionen landwirtschaft,,,,,,,,,,,,,,,,,,,,,,,,,,,,,,,,,,,,,,,,,,,"{'Und': 0.06, 't√§glich': 0.065, 'gr√ºsst': 0, 'das': 0, 'Murmeltier': 0.09, 'Wir': 0.3, 'stellten': 0, 'uns': 0, 'alleine': 1.0, 'gegen': 1.0, 'sch√§dlichen': 0.87, 'Exportsubventionen': 0, 'in': 0.43, 'der': 0.06, 'Landwirtschaft': 0.6, '‚Ä¶': 0}",positive,"[0.4024888, 0.08032345, 0.5171877]",neutral
