answer_five,answer_four,answer_seven,polarity,sentiment_gs,tweet,tweet_tokens,absa_token_weights_3450,absa_sentiment_3450,absa_scores_3450,absa_token_weights_3463,absa_sentiment_3463,absa_scores_3463,absa_token_weights_3467,absa_sentiment_3467,absa_scores_3467,absa_token_weights_3479,absa_sentiment_3479,absa_scores_3479,sentiment_tb
50.0,75.0,57.0,0.0,neutral,"Die Wasserkraft z√§hlt bei der Energiestiftung anscheinend nicht zur sauberen Energie. Erneuerbare Schweiz 64 %, Deutschland 40 %. https://t.co/btMXCjk290",wasserkraft z√§hlen energiestiftung anscheinen sauber energie erneuerbare schweiz deutschland,"{'Die': 0.07, 'Wasserkraft': 0.31, 'z√§hlt': 0, 'bei': 0, 'der': 0.07, 'Energiestiftung': 0.145, 'anscheinend': 0.71, 'nicht': 1.0, 'zur': 0.07, 'sauberen': 0.35, 'Energie': 0.05, 'Erneuerbare': 0.38, 'Schweiz': 0.1, '64': 0, 'Deutschland': 0.1, '40': 0}",negative,"[0.366366, 0.41084245, 0.22279158]",,,,,,,,,,neutral
100.0,100.0,100.0,1.0,neutral,"Klares Bekenntnis der Gemeinde #Goms zur Sicherheit:
83% JA zum Jagdgesetz
66% JA zu neuen Kampfflugzeugenüëèüëèüëèüëç",klar bekenntnis gemeinden goms sicherheit ja jagdgesetz ja neu kampfflugzeugen,,,,"{'Klares': 0.04, 'Bekenntnis': 0, 'der': 0.1, 'Gemeinde': 0.28, 'Goms': 0.14, 'zur': 0.25, 'Sicherheit': 0.28, '83': 0, 'JA': 0, 'zum': 0.25, 'Jagdgesetz': 0.255, '66': 0, 'zu': 0.4, 'neuen': 0.43, 'Kampfflugzeugen': 0}",positive,"[0.010014371, 0.003566507, 0.98641914]",,,,,,,positive
0.0,0.0,14.0,-0.7,neutral,"@danica_dzl Die Mitte hat bisher L√∂sungen gesucht, keine Verbote. Die B√ºrokratie wird die Steuern auffressen und der Umweltschutz hat das Nachsehen. Wohin gehen √ºbrigens all die Verbrennungsmotoren? Wie bisher in den Export? Greenwashing Swiss Made ü§Æ",mitte bisher l√∂sungen suchen verbote b√ºrokratie steuern auffressen umweltschutz nachsehen wohin gehen √ºbrigens all verbrennungsmotoren bisher export greenwashing swiss made,,,,,,,"{'Die': 0.15, 'Mitte': 0.04, 'hat': 0, 'bisher': 0, 'L√∂sungen': 0.04, 'gesucht': 0, 'keine': 0, 'Verbote': 0, 'B√ºrokratie': 0.04, 'wird': 0.11, 'die': 0.15, 'Steuern': 0, 'auffressen': 0, 'und': 0.05, 'der': 0.15, 'Umweltschutz': 0, 'das': 0, 'Nachsehen': 0, 'Wohin': 1.0, 'gehen': 0, '√ºbrigens': 0.10500000000000001, 'all': 0.06, 'Verbrennungsmotoren': 0.0575, 'Wie': 0.31, 'in': 0.19, 'den': 0.15, 'Export': 0.25, 'Greenwashing': 0.93, 'Swiss': 0.36, 'Made': 0.48, 'ü§Æ': 0}",neutral,"[0.5702966, 0.35084754, 0.07885586]",,,,negative
50.0,75.0,57.0,0.0,positive,"Super toller Beitrag, GratuliereüëèüëèWeder Bildungsminister noch Bauernverb√§nde bem√ºhen sich, unsere Landwirtschaft den Sch√ºlern und der Bev√∂lkerung n√§her zu bringen. Genau dieses mangelnde Verst√§ndnis f√ºhrt zum Stadt - Land - Graben. Leiderüòß https://t.co/cPgtjN3zvm",super toll beitrag gratuliereweder bildungsminister bauernverb√§nde bem√ºhen landwirtschaft sch√ºlern bev√∂lkerung n√§hern bringen genau mangelnd verst√§ndnis f√ºhren stadt land graben leider,,,,,,,,,,"{'Super': 0.08, 'toller': 0.1, 'Beitrag': 0.05, 'GratuliereWeder': 0.135, 'Bildungsminister': 0.045, 'noch': 0, 'Bauernverb√§nde': 0.04, 'bem√ºhen': 0, 'sich': 0, 'unsere': 0.06, 'Landwirtschaft': 0.08, 'den': 0.08, 'Sch√ºlern': 0.04, 'und': 0.03, 'der': 0.08, 'Bev√∂lkerung': 0.04, 'n√§her': 0.06, 'zu': 0.05, 'bringen': 0.06, 'Genau': 0, 'dieses': 0.12, 'mangelnde': 0.325, 'Verst√§ndnis': 0.1, 'f√ºhrt': 0.09, 'zum': 0.065, 'Stadt': 0, 'Land': 0, 'Graben': 0, 'Leider': 1.0}",positive,"[0.026559731, 0.33677617, 0.6366641]",neutral
100.0,100.0,100.0,0.9,neutral,"@Juerg_Grossen @FDP_Liberalen @Mitte_Centre @Trinkwasser_ch Nur weiter mit #Agrarreform Am besten die Landwirtschaft direkt abschaffen und weitere #Freihandelsabkommen. Das Ausland produziert ja viel Umweltfreundlicher, h√§lt #Menschenrechte &amp; #Tierschutz ein, l√§sst keine #Korruption zu und die Transportwege sind sowas von gr√ºnü§¢ü§¢ü§¢",weit agrarreform gut landwirtschaft direkt abschaffen weit freihandelsabkommen ausland produzieren ja umweltfreundlich halten menschenrechte amp tierschutz l√§sst korruption transportwege sowas gr√ºn,,,,,,,,,,"{'Nur': 0, 'weiter': 0.09, 'mit': 0.04, 'Agrarreform': 0, 'Am': 0, 'besten': 0.1, 'die': 0.02, 'Landwirtschaft': 0.49, 'direkt': 0, 'abschaffen': 1.0, 'und': 0.01, 'weitere': 0.09, 'Freihandelsabkommen': 0, 'Das': 0.02, 'Ausland': 0, 'produziert': 0, 'ja': 0.01, 'viel': 0, 'Umweltfreundlicher': 0.02, 'h√§lt': 0.02, 'Menschenrechte': 0.02, 'amp': 0.02, 'Tierschutz': 0.02, 'ein': 0, 'l√§sst': 0, 'keine': 0, 'Korruption': 0.03, 'zu': 0.17, 'Transportwege': 0.02, 'sind': 0.01, 'sowas': 0, 'von': 0, 'gr√ºn': 0, 'ü§¢': 0}",positive,"[0.3924478, 0.07617915, 0.5313731]",positive
100.0,100.0,100.0,1.0,neutral,@frau_johann z.b. die Angestellten im Bauhaupt- und Nebengewerbe oder der Landwirtschaft. Letztere m√ºssen nicht einmal auf Ferien verzichten....gab es auch vor #COVID19 keine und sind trotzdem gl√ºcklichüòã,z b angestellt bauhaupt nebengewerbe landwirtschaft letzter m√ºssen ferien verzichten geben covid19 trotzdem gl√ºcklich,,,,,,,,,,"{'z.b.': 0, 'die': 0.03, 'Angestellten': 0.21, 'im': 0, 'Bauhaupt-': 0, 'und': 0.01, 'Nebengewerbe': 0.15, 'oder': 0.49, 'der': 0.03, 'Landwirtschaft': 1.0, 'Letztere': 0.06, 'm√ºssen': 0.02, 'nicht': 0, 'einmal': 0, 'auf': 0, 'Ferien': 0.03, 'verzichten': 0, '....': 0, 'gab': 0, 'es': 0, 'auch': 0, 'vor': 0.02, 'COVID19': 0.06, 'keine': 0, 'sind': 0.03, 'trotzdem': 0, 'gl√ºcklich': 0.19}",neutral,"[0.835973, 0.014178657, 0.14984833]",positive
50.0,75.0,57.0,0.0,neutral,@energiegezwits1 @MullerAltermatt Gewerbe und Landwirtschaft? L√§ngere Heizperiode √ºber 1000 m.√º.Meer? √ñV-Angebot?,gewerbe landwirtschaft lang heizperiode m √º meer √∂v angebot,,,,,,,,,,"{'Gewerbe': 0, 'und': 0.25, 'Landwirtschaft': 0.19, 'L√§ngere': 0.21, 'Heizperiode': 0.07, '√ºber': 0.09, '1000': 0, 'm.√º': 0, 'Meer': 0, '√ñV-Angebot': 0.3975}",neutral,"[0.9816202, 0.01339797, 0.004981875]",neutral
50.0,75.0,57.0,0.0,neutral,Die Links-Gr√ºnen Totengr√§ber der Landwirtschaft und unserer Lebensgrundlage fordern Respekt???? üò§üò§90 % der Nutztierhalter leben mit und f√ºr die Natur und ihre Tiere. 10% sehen es als gutbezalten Job dank staatlichen Subventionen. In der Regel links-gr√ºne Aussteiger..... https://t.co/WDWmIKq3gN,links gr√ºn totengr√§ber landwirtschaft lebensgrundlage fordern respekt nutztierhalter leben natur tiere sehen gutbezalten job danken staatlich subventionen regel links gr√ºne aussteiger,,,,,,,,,,"{'Die': 0.12, 'Links-Gr√ºnen': 0.12, 'Totengr√§ber': 0, 'der': 0.12, 'Landwirtschaft': 0.12, 'und': 0.04, 'unserer': 0.06, 'Lebensgrundlage': 0.04, 'fordern': 0.16, 'Respekt': 0.08, '90': 0, 'Nutztierhalter': 0.05, 'leben': 0, 'mit': 0.02, 'f√ºr': 0.03, 'die': 0.12, 'Natur': 0.04, 'ihre': 0, 'Tiere': 0.04, '10': 0, 'sehen': 0.07, 'es': 0, 'als': 0.03, 'gutbezalten': 0, 'Job': 0.05, 'dank': 0.07, 'staatlichen': 0, 'Subventionen': 0.07, 'In': 0, 'Regel': 0, 'links-gr√ºne': 0, 'Aussteiger': 0.43, '.....': 0}",neutral,"[0.5115717, 0.041570496, 0.44685778]",neutral
50.0,75.0,57.0,0.0,neutral,Auszug der Antwort (2012) des Europarat an das BAFU aufgrund der Annahme Motion Fournier zum Austritt aus der Berner Konvention: Wolf auf Kosten der Landwirtschaft in den Bergregionen! https://t.co/GAOVgUrGuq,auszug antwort europarat bafu aufgrund annahme motion fournier austreten berner konvention wolf kosten landwirtschaft bergregionen,,,,,,,,,,"{'Auszug': 0, 'der': 0.08, 'Antwort': 0, '2012': 0, 'des': 0.11, 'Europarat': 0.17, 'an': 0, 'das': 0, 'BAFU': 0, 'aufgrund': 0.52, 'Annahme': 0, 'Motion': 0.11, 'Fournier': 0.09, 'zum': 0.08, 'Austritt': 0, 'aus': 0, 'Berner': 0, 'Konvention': 0.11, 'Wolf': 0.39, 'auf': 0.04, 'Kosten': 0, 'Landwirtschaft': 0.78, 'in': 0.21, 'den': 0.08, 'Bergregionen': 0.175}",positive,"[0.22541973, 0.054613944, 0.7199663]",neutral
50.0,25.0,57.0,-0.075,negative,Keine Ahnung von Landwirtschaft und Herdenschutz und ein solch schwachsinniges Plakt twittern?? Jeder Nutztierhalter verliert Tiere aufgrund von Krankheit etc. egal ob Berg oder Tal! Selbstverst√§ndlich sind sie eingeladen einen Zaun zu erstellen welcher vor W√∂lfen sch√ºtzen soll. https://t.co/8HgnFd2i6I,ahnung landwirtschaft herdenschutz solch schwachsinnig plakt twittern jed nutztierhalter verlieren tiere aufgrund krankheit etc egal berg tal selbstverst√§ndlich einladen zaun erstellen welch w√∂lfen sch√ºtzen,,,,,,,,,,"{'Keine': 0, 'Ahnung': 0.31, 'von': 0, 'Landwirtschaft': 1.0, 'und': 0.64, 'Herdenschutz': 0, 'ein': 0, 'solch': 0.36, 'schwachsinniges': 0, 'Plakt': 0, 'twittern': 0.38, 'Jeder': 0, 'Nutztierhalter': 0.04, 'verliert': 0.06, 'Tiere': 0.03, 'aufgrund': 0.01, 'Krankheit': 0.02, 'etc.': 0, 'egal': 0.2, 'ob': 0, 'Berg': 0, 'oder': 0.03, 'Tal': 0, 'Selbstverst√§ndlich': 0.02, 'sind': 0.02, 'sie': 0, 'eingeladen': 0.03, 'einen': 0.03, 'Zaun': 0, 'zu': 0.02, 'erstellen': 0.04, 'welcher': 0.04, 'vor': 0, 'W√∂lfen': 0.03, 'sch√ºtzen': 0.86, 'soll': 0}",positive,"[0.44229877, 0.049433816, 0.50826746]",neutral
100.0,100.0,86.0,0.6,neutral,"Dank unserem Wohlstand und einer starken Landwirtschaft. Deine Vorfahren h√§tten ohne Fleisch kaum √ºberlebt und auf den Wolf konnten sie auch gut verzichten. F√ºr dich und viele andere hoffe ich nur, dass das Erwachen nicht zu sp√§t erfolgtüò¶ https://t.co/spwwtJRB7d",danken wohlstand stark landwirtschaft vorfahren fleisch kaum √ºberleben wolf gut verzichten hoffen erwachen sp√§t erfolgen,,,,,,,,,,"{'Dank': 0.185, 'unserem': 0.11, 'Wohlstand': 0.28, 'und': 0.02, 'einer': 0, 'starken': 0, 'Landwirtschaft': 1.0, 'Deine': 0.08, 'Vorfahren': 0.14, 'h√§tten': 0.025, 'ohne': 0.02, 'Fleisch': 0.08, 'kaum': 0, '√ºberlebt': 0.05, 'auf': 0, 'den': 0.02, 'Wolf': 0.05, 'konnten': 0.02, 'sie': 0, 'auch': 0, 'gut': 0, 'verzichten': 0, 'F√ºr': 0.01, 'dich': 0.02, 'viele': 0, 'andere': 0.02, 'hoffe': 0.03, 'ich': 0.02, 'nur': 0, 'dass': 0.02, 'das': 0.02, 'Erwachen': 0.04, 'nicht': 0, 'zu': 0.11, 'sp√§t': 0.03, 'erfolgt': 0}",positive,"[0.00053316413, 0.0012114801, 0.9982553]",positive
50.0,75.0,57.0,0.0,neutral,"Nein zum Jagdgesetz ist ein Nein gegen die Nutztierhalter, gegen eine funktionierende Berglandwirtschaft, ein Nein zur Verbuschung unserer Kulturlandschaft. Deshalb ein JA mit Vernunft zu einer regulierbaren Jagd . https://t.co/xWVYNZJc6D",nein jagdgesetz nein nutztierhalter funktionierend berglandwirtschaft nein verbuschung kulturlandschaft deshalb ja vernunft regulierbaren jagd,,,,,,,,,,"{'Nein': 0.07, 'zum': 0.05, 'Jagdgesetz': 0.14, 'ist': 0.05, 'ein': 0, 'gegen': 0, 'die': 0.06, 'Nutztierhalter': 0.1, 'eine': 0, 'funktionierende': 0, 'Berglandwirtschaft': 0.5, 'zur': 0.05, 'Verbuschung': 0.18, 'unserer': 0.08, 'Kulturlandschaft': 0.135, 'Deshalb': 0.06, 'JA': 0, 'mit': 0.03, 'Vernunft': 0, 'zu': 0.04, 'einer': 0, 'regulierbaren': 0.05, 'Jagd': 0.1}",positive,"[0.010352488, 0.008712823, 0.9809347]",neutral
50.0,75.0,57.0,0.0,neutral,"W√∂lfe oder Landwirtschaft, eine Frage welche jeder sich heute und nicht erst morgen stellen muss! Dann, wenn unsere Kulturlandschaft verwildert, Wolfspopulationen sich jedes Jahr um das 4 bis 5 fache vermehren, ist es zu sp√§t! Risse im L√∂tschental https://t.co/2YNbo3uIdp",w√∂lfe landwirtschaft fragen welch jed heute erst morgen stellen kulturlandschaft verwildert wolfspopulationen jed jahr fache vermehren sp√§t risse l√∂tschental,,,,,,,,,,"{'W√∂lfe': 1.0, 'oder': 1.0, 'Landwirtschaft': 0.78, 'eine': 0, 'Frage': 0.12, 'welche': 0, 'jeder': 0.08, 'sich': 0, 'heute': 0.07, 'und': 0.04, 'nicht': 0.09, 'erst': 0, 'morgen': 0.06, 'stellen': 0, 'muss': 0.02, 'Dann': 0.05, 'wenn': 0, 'unsere': 0.03, 'Kulturlandschaft': 0.025, 'verwildert': 0, 'Wolfspopulationen': 0.025, 'jedes': 0.02, 'Jahr': 0.01, 'um': 0.16, 'das': 0.06, '4': 0, 'bis': 0, '5': 0, 'fache': 0.01, 'vermehren': 0.04, 'ist': 0.02, 'es': 0.02, 'zu': 0.02, 'sp√§t': 0.02, 'Risse': 0.02, 'im': 0, 'L√∂tschental': 0}",neutral,"[0.92214525, 0.03652484, 0.041329816]",neutral
50.0,75.0,57.0,0.0,neutral,"RT @Thomas_Egger_NR: Das revidierte #Jagdgesetz erm√∂glicht ein geregeltes Nebeneinander von Bev√∂lkerung, Landwirtschaft, Tourismus und Gros‚Ä¶",revidierte jagdgesetz erm√∂glichen geregelt nebeneinander bev√∂lkerung landwirtschaft tourismus gros,,,,,,,,,,"{'Das': 0.09, 'revidierte': 0.6, 'Jagdgesetz': 0.25, 'erm√∂glicht': 1.0, 'ein': 0, 'geregeltes': 0, 'Nebeneinander': 0, 'von': 0, 'Bev√∂lkerung': 0.16, 'Landwirtschaft': 0.42, 'Tourismus': 0.13, 'und': 0.14, 'Gros': 0, '‚Ä¶': 0}",positive,"[0.02758041, 0.003012503, 0.9694071]",neutral
50.0,75.0,57.0,0.0,neutral,"RT @srfbern: Am Oberwalliser Landwirtschaftszentrum werden auch Neuntkl√§ssler unterrichtet. Das ist einzigartig in der Schweiz. 

Jede Woch‚Ä¶",oberwalliser landwirtschaftszentrum neuntkl√§ssler unterrichten einzigartig schweiz jed woch,,,,,,,,,,"{'Am': 0, 'Oberwalliser': 0.04, 'Landwirtschaftszentrum': 0.07, 'werden': 0, 'auch': 0.13, 'Neuntkl√§ssler': 0.07, 'unterrichtet': 0, 'Das': 0.08, 'ist': 0.17, 'einzigartig': 0.51, 'in': 0.13, 'der': 0.08, 'Schweiz': 0.23, 'Jede': 1.0, 'Woch': 0.84, '‚Ä¶': 0}",positive,"[0.033794634, 0.0019468518, 0.9642585]",neutral
75.0,75.0,71.0,0.35,neutral,"Politik und Gesellschaft werden die Landwirtschaft der Schweiz zu Grunde richten. In wenigen Jahrzehnten vom Selbstversorger zur Kolchose. St√§ndige Reformen, g√ºnstige Importe von Lebensmitteln aus Massentierhaltung, ohne Einhaltung von Tier- und Gew√§sserschutzvorschriften. https://t.co/6vW4zoPj8Z",politik gesellschaft landwirtschaft schweiz grunde richten wenig jahrzehnten selbstversorger kolchose st√§ndig reformen g√ºnstige importe lebensmitteln massentierhaltung einhaltung tier gew√§sserschutzvorschriften,,,,,,,,,,"{'Politik': 0, 'und': 0.03, 'Gesellschaft': 0.44, 'werden': 0.96, 'die': 0, 'Landwirtschaft': 0.9, 'der': 0, 'Schweiz': 0.45, 'zu': 0.06, 'Grunde': 0, 'richten': 0, 'In': 0.05, 'wenigen': 0.03, 'Jahrzehnten': 0.05, 'vom': 0.04, 'Selbstversorger': 0, 'zur': 0.06, 'Kolchose': 0, 'St√§ndige': 0, 'Reformen': 0.13, 'g√ºnstige': 0.08, 'Importe': 0, 'von': 0.04, 'Lebensmitteln': 0.04, 'aus': 0, 'Massentierhaltung': 0.03, 'ohne': 0.06, 'Einhaltung': 0, 'Tier-': 0, 'Gew√§sserschutzvorschriften': 0.04}",negative,"[0.01992613, 0.5177451, 0.46232885]",positive
50.0,75.0,57.0,0.0,neutral,"Am besten machen wir es so wie bei der Landwirtschaft: Klare Vorschriften im Tier- und Gew√§sserschutz und importieren Fleisch aus Massentierhaltung aus dem Ausland. Billigware ist nach wie vor der Kassenschlager, auch bei den vermeintlichen Klimasch√ºtzerüòê https://t.co/ArUD4Dg9hO",gut landwirtschaft klaren vorschriften tier gew√§sserschutz importieren fleisch massentierhaltung ausland billigware kassenschlager vermeintlich klimasch√ºtzer,,,,,,,,,,"{'Am': 0, 'besten': 1.0, 'machen': 0.12, 'wir': 0, 'es': 0, 'so': 0, 'wie': 0, 'bei': 0, 'der': 0.04, 'Landwirtschaft': 0.51, 'Klare': 0, 'Vorschriften': 0.14, 'im': 0, 'Tier-': 0, 'und': 0.05, 'Gew√§sserschutz': 0.055, 'importieren': 0.07, 'Fleisch': 0.03, 'aus': 0, 'Massentierhaltung': 0.04, 'dem': 0.445, 'Ausland': 0.05, 'Billigware': 0, 'ist': 0, 'nach': 0, 'vor': 0, 'Kassenschlager': 0, 'auch': 0, 'den': 0.04, 'vermeintlichen': 0.18, 'Klimasch√ºtzer': 0.06}",positive,"[0.020820979, 0.0029823878, 0.97619665]",neutral
50.0,75.0,57.0,0.0,neutral,"Eine Lehrstunde (Pflichtlekt√ºre) f√ºr alle Politiker zum Thema Umwelt, Klima und Landwirtschaft. https://t.co/s9XLhuRqYS",lehrstunde pflichtlekt√ºre all politiker thema umwelt klima landwirtschaft,,,,,,,,,,"{'Eine': 0, 'Lehrstunde': 0.15, 'Pflichtlekt√ºre': 0.08, 'f√ºr': 0.16, 'alle': 0, 'Politiker': 0, 'zum': 0.2, 'Thema': 0, 'Umwelt': 0.45, 'Klima': 0.7, 'und': 1.0, 'Landwirtschaft': 1.0}",positive,"[0.056624506, 0.0023557509, 0.9410198]",neutral
50.0,75.0,57.0,0.0,neutral,Jede Stimme f√ºr den Wolf ist eine Stimme gegen die Landwirtschaft! https://t.co/s8HR706air,jed stimme wolf stimme landwirtschaft,,,,,,,,,,"{'Jede': 0.18, 'Stimme': 0, 'f√ºr': 0.1, 'den': 0.09, 'Wolf': 0.14, 'ist': 0.17, 'eine': 0, 'gegen': 1.0, 'die': 0.09, 'Landwirtschaft': 0.47}",positive,"[0.1803776, 0.057648707, 0.7619737]",neutral
25.0,0.0,14.0,-0.5,neutral,"Bild vom 29.Okt.2019 in M√ºnster. Innert 2 Monaten sind mehr als 50 Nutztiere durch einen Wolf get√∂tet worden. Landwirtschaft oder Wolf, die Politik muss sich entscheiden! Beides hat bei uns nicht Platz! https://t.co/vz6ohTbBcJ",bild okt m√ºnster innert monaten mehr nutztiere wolf t√∂ten landwirtschaft wolf politik entscheiden beide platz,,,,,,,,,,"{'Bild': 0, 'vom': 0.04, '29.Okt.2019': 0, 'in': 0.04, 'M√ºnster': 0, 'Innert': 0.05, '2': 0, 'Monaten': 0.08, 'sind': 0, 'mehr': 0.03, 'als': 0, '50': 0, 'Nutztiere': 0.12, 'durch': 0, 'einen': 0.07, 'Wolf': 0.17, 'get√∂tet': 0.23, 'worden': 0, 'Landwirtschaft': 0.94, 'oder': 0.51, 'die': 0, 'Politik': 0, 'muss': 0.69, 'sich': 0, 'entscheiden': 1.0, 'Beides': 0, 'hat': 0, 'bei': 0, 'uns': 0, 'nicht': 0, 'Platz': 0}",neutral,"[0.76447606, 0.18775694, 0.047767006]",negative
50.0,75.0,57.0,0.0,neutral,Was macht ein Mann in der Politik der keine Ahnung hat von dem was er erz√§hlt? Neben dem Wolf ist die SP der gr√∂sste Feind der Landwirtschaft! Sie ist dabei diese zu zerst√∂ren! https://t.co/KOEWLhu43t,mann politik ahnung erz√§hlen neben wolf sp gr√∂sste feind landwirtschaft dabei zerst√∂ren,,,,,,,,,,"{'Was': 0, 'macht': 0, 'ein': 0, 'Mann': 0, 'in': 0.04, 'der': 0.23, 'Politik': 0, 'keine': 0, 'Ahnung': 0.03, 'hat': 0, 'von': 0, 'dem': 0.14500000000000002, 'was': 0, 'er': 0.07, 'erz√§hlt': 0, 'Neben': 0.11, 'Wolf': 0.19, 'ist': 0.07, 'die': 0.23, 'SP': 0.19, 'gr√∂sste': 0, 'Feind': 1.0, 'Landwirtschaft': 0.68, 'Sie': 0.27, 'dabei': 0, 'diese': 0, 'zu': 0.06, 'zerst√∂ren': 0.17}",positive,"[0.001962243, 0.0017797425, 0.996258]",neutral
50.0,75.0,57.0,0.0,neutral,Herdenschutz ist eine Ilusion!! Wir brauchen Schutz vor dem Wolf! Der Schutz unserer Nutztiere und der Landwirtschaft muss an erster Stelle stehen. Aufwachen bevor es zu sp√§t ist. Unser Kulturgut steht auf dem Spiel!! https://t.co/xlhuJmyTse,herdenschutz ilusion brauchen schutz wolf schutz nutztiere landwirtschaft erst stelle stehen aufwachen bevor sp√§t kulturgut stehen spiel,,,,,,,,,,"{'Herdenschutz': 0, 'ist': 0.06, 'eine': 0, 'Ilusion': 0, 'Wir': 0.02, 'brauchen': 0.03, 'Schutz': 0.24, 'vor': 0.02, 'dem': 0.08, 'Wolf': 0.03, 'Der': 0.08, 'unserer': 0.03, 'Nutztiere': 0, 'und': 1.0, 'der': 0.08, 'Landwirtschaft': 1.0, 'muss': 0, 'an': 0.05, 'erster': 0.27, 'Stelle': 0, 'stehen': 0, 'Aufwachen': 0, 'bevor': 0.02, 'es': 0.06, 'zu': 0, 'sp√§t': 0.01, 'Unser': 0.03, 'Kulturgut': 0.04, 'steht': 0, 'auf': 0, 'Spiel': 0}",positive,"[0.020370042, 0.0068638413, 0.97276616]",neutral
50.0,75.0,57.0,0.0,neutral,"Mindestens 6 tote Schafe in einer Woche. Wolfsrisse im Talgrund des Goms zwischen Oberwald und Bellwald. Der Tierschutz schweigt, der Naturschutz freut sich und die Landwirtschaft geht zu Grunde. Ein Werk von Biologen und √ñkofanatiker!",mindestens tot schafe woche wolfsrisse talgrund goms oberwald bellwald tierschutz schweigen naturschutz freuen landwirtschaft gehen grunde werk biologen √∂kofanatiker,,,,,,,,,,"{'Mindestens': 0.015, '6': 0, 'tote': 0, 'Schafe': 0.04, 'in': 0.01, 'einer': 0, 'Woche': 0.02, 'Wolfsrisse': 0, 'im': 0, 'Talgrund': 0, 'des': 0, 'Goms': 0.04, 'zwischen': 0.04, 'Oberwald': 0.06, 'und': 0.03, 'Bellwald': 0.07, 'Der': 0.02, 'Tierschutz': 0.11, 'schweigt': 0.125, 'der': 0.02, 'Naturschutz': 0, 'freut': 0.58, 'sich': 0, 'die': 0.02, 'Landwirtschaft': 1.0, 'geht': 0, 'zu': 0, 'Grunde': 0, 'Ein': 0.04, 'Werk': 0.04, 'von': 0, 'Biologen': 0.06, '√ñkofanatiker': 0}",positive,"[0.0018406087, 0.0012754515, 0.9968839]",neutral
0.0,0.0,0.0,-0.85,neutral,Das war zu erwarten: zuerst die Kriegserkl√§rung gegen die fossilen Energietr√§ger und nun die Landwirtschaft. Die LINKE Klimahysterie verhext alles was uns den Wohlstand gebracht hat. Mass halten w√§re die L√∂sung! https://t.co/dLamCgiCc8,erwarten zuerst kriegserkl√§rung fossil energietr√§ger landwirtschaft link klimahysterie verhexen wohlstand bringen mass halten l√∂sung,,,,,,,,,,"{'Das': 0.02, 'war': 0.09, 'zu': 0.03, 'erwarten': 0, 'zuerst': 0.68, 'die': 0.02, 'Kriegserkl√§rung': 0.1075, 'gegen': 0.23, 'fossilen': 0.11, 'Energietr√§ger': 0, 'und': 0.34, 'nun': 0, 'Landwirtschaft': 1.0, 'Die': 0.02, 'LINKE': 0, 'Klimahysterie': 0, 'verhext': 0, 'alles': 0.06, 'was': 0.09, 'uns': 0.04, 'den': 0.02, 'Wohlstand': 0.08, 'gebracht': 0.04, 'hat': 0, 'Mass': 0, 'halten': 0, 'w√§re': 0.05, 'L√∂sung': 0.06}",neutral,"[0.8813913, 0.018069329, 0.100539416]",negative
25.0,25.0,28.0,-0.25,neutral,Im Berggebiet werden zu mehr als 90%  Milch- und Fleischprodukte hergestellt. Die Empfehlung des BAFU benachteiligt die fleisch-produzierende Landwirtschaft und f√∂rdert den unsinnigen Transport von Lebensmittel. https://t.co/DrTKNJFLXL,berggebiet mehr milch fleischprodukte herstellen empfehlung bafu benachteiligen fleisch produzierend landwirtschaft f√∂rdern unsinnig transport lebensmittel,,,,,,,,,,"{'Im': 0, 'Berggebiet': 0.055, 'werden': 0, 'zu': 0, 'mehr': 0.04, 'als': 0, '90': 0, 'Milch-': 0, 'und': 0.25, 'Fleischprodukte': 0.065, 'hergestellt': 0, 'Die': 0.13, 'Empfehlung': 0.16, 'des': 0, 'BAFU': 0, 'benachteiligt': 0, 'die': 0.13, 'fleisch-produzierende': 0, 'Landwirtschaft': 0.82, 'f√∂rdert': 0.22, 'den': 0.13, 'unsinnigen': 0, 'Transport': 0.09, 'von': 0, 'Lebensmittel': 0.08}",negative,"[0.003170107, 0.936717, 0.060112912]",negative
50.0,75.0,57.0,0.0,neutral,"Berglandwirtschaft, quo vadis? Mit den W√∂lfen in den Abgrundüò¢ https://t.co/dEj1hgzMn8",berglandwirtschaft quo vadis w√∂lfen abgrund,,,,,,,,,,"{'Berglandwirtschaft': 0.61, 'quo': 0.69, 'vadis': 0.4, 'Mit': 0.37, 'den': 0.08, 'W√∂lfen': 0.12, 'in': 0, 'Abgrund': 0.21}",neutral,"[0.8178826, 0.041400775, 0.14071663]",neutral
100.0,100.0,100.0,1.0,neutral,Der Untergang der Landwirtschaft!! Dies nennt sich BTS (BesondersTierfreundlichesStallhaltesystem)! Der Einzige der sich dar√ºber freut ist der Wolf. Und jetzt sollen noch Z√§une vor den St√§llen errichtet werden? Wohin dieser Irrsinn noch f√ºhrt?? https://t.co/bJzZedi0fv,untergang landwirtschaft nennen bts besonderstierfreundlichesstallhaltesystem einzig dar√ºber freuen wolf sollen z√§une st√§llen errichten wohin irrsinn f√ºhren,,,,,,,,,,"{'Der': 0.05, 'Untergang': 0, 'der': 0.05, 'Landwirtschaft': 1.0, 'Dies': 0, 'nennt': 0, 'sich': 0, 'BTS': 0.13, 'BesondersTierfreundlichesStallhaltesystem': 0.16, 'Einzige': 0.06, 'dar√ºber': 0.065, 'freut': 0.08499999999999999, 'ist': 0.06, 'Wolf': 0.11, 'Und': 0.04, 'jetzt': 0.06, 'sollen': 0.05, 'noch': 0, 'Z√§une': 0.13, 'vor': 0, 'den': 0.05, 'St√§llen': 0, 'errichtet': 0, 'werden': 0, 'Wohin': 0.065, 'dieser': 0.06, 'Irrsinn': 0.14, 'f√ºhrt': 0}",negative,"[0.06151091, 0.6730646, 0.2654245]",positive
