answer_five,answer_four,answer_seven,polarity,sentiment_gs,tweet,tweet_tokens,absa_token_weights_3389,absa_sentiment_3389,absa_scores_3389,absa_token_weights_3412,absa_sentiment_3412,absa_scores_3412,absa_token_weights_3414,absa_sentiment_3414,absa_scores_3414,absa_token_weights_3436,absa_sentiment_3436,absa_scores_3436,absa_token_weights_3463,absa_sentiment_3463,absa_scores_3463,absa_token_weights_3466,absa_sentiment_3466,absa_scores_3466,absa_token_weights_3467,absa_sentiment_3467,absa_scores_3467,absa_token_weights_3472,absa_sentiment_3472,absa_scores_3472,absa_token_weights_3473,absa_sentiment_3473,absa_scores_3473,absa_token_weights_3477,absa_sentiment_3477,absa_scores_3477,absa_token_weights_3479,absa_sentiment_3479,absa_scores_3479,sentiment_tb
100.0,100.0,86.0,0.7,positive,"@EnzFelix @LorisNiUr @tim_voser Mit dem Lernen soll man auch klotzen. Aber niemand MUSSTE seine Kinder zuhause haben: daf√ºr gab's Betreuungsprogramme, von Schulen (oblig.) zur Verf√ºgung gestellt. Also zu sagen, dass hier eine riesige Chancenungleichheit wegen Kinderbetreuung herrsche, ist etwas dramatisch.",lernen klotzen niemand kinder zuhause daf√ºr geben s betreuungsprogramme schulen oblig verf√ºgung stellen sagen riesige chancenungleichheit wegen kinderbetreuung herrschen dramatisch,"{'Mit': 0, 'dem': 0.03, 'Lernen': 0.03, 'soll': 0, 'man': 0, 'auch': 0.02, 'klotzen': 0, 'Aber': 0.02, 'niemand': 0.03, 'MUSSTE': 0.025, 'seine': 0, 'Kinder': 0.05, 'zuhause': 0.02, 'haben': 0.025, 'daf√ºr': 0, ""gab's"": 0.08, 'Betreuungsprogramme': 0.07, 'von': 0, 'Schulen': 0.11, 'oblig': 0, 'zur': 0.03, 'Verf√ºgung': 0, 'gestellt': 0, 'Also': 0.02, 'zu': 0.03, 'sagen': 0.04, 'dass': 0.06, 'hier': 0.23, 'eine': 0, 'riesige': 0.11, 'Chancenungleichheit': 0.27, 'wegen': 0, 'Kinderbetreuung': 1.0, 'herrsche': 0, 'ist': 0.07, 'etwas': 0, 'dramatisch': 0.12}",negative,"[0.08265437, 0.4685368, 0.44880873]",,,,,,,,,,,,,,,,,,,,,,,,,,,,,,,positive
50.0,75.0,57.0,0.0,negative,@ChDialect Weniger Auflagen f√ºr private Kinderbetreuung.,wenig auflagen privat kinderbetreuung,"{'Weniger': 0.36, 'Auflagen': 0, 'f√ºr': 0.4, 'private': 1.0, 'Kinderbetreuung': 1.0}",positive,"[0.23680057, 0.019965464, 0.7432339]",,,,,,,,,,,,,,,,,,,,,,,,,,,,,,,neutral
100.0,100.0,86.0,0.7,negative,"@eidgenossennews Das ist so - leider h√∂rt man das aber zu allen Themen. Klimaschutz, Sozialleistungen, Kinderbetreuung, usw. Mit dem Hammer 'wir sind reich und k√∂nnen uns das leisten' wird jegliche fruchtbare Diskussion √ºber Sinn und Unsinn einer Massnahme zunichte gemacht.",leider h√∂ren themen klimaschutz sozialleistungen kinderbetreuung usw hammer reichen leisten jeglich fruchtbar diskussion sinn unsinn massnahme zunichte,"{'Das': 0.04, 'ist': 0.09, 'so': 0, 'leider': 0.19, 'h√∂rt': 0, 'man': 0, 'das': 0.07, 'aber': 0.08, 'zu': 0, 'allen': 0, 'Themen': 0, 'Klimaschutz': 0.175, 'Sozialleistungen': 0.27, 'Kinderbetreuung': 0, 'usw.': 0, 'Mit': 0.23, 'dem': 0.04, 'Hammer': 0.13, 'wir': 0, 'sind': 0.04, 'reich': 0, 'und': 0.05, 'k√∂nnen': 0, 'uns': 0, 'leisten': 0.06, 'wird': 0, 'jegliche': 0.18, 'fruchtbare': 0, 'Diskussion': 0.13, '√ºber': 0, 'Sinn': 0, 'Unsinn': 0.06, 'einer': 0, 'Massnahme': 0.06, 'zunichte': 0, 'gemacht': 0}",positive,"[0.048315097, 0.062163036, 0.88952184]",,,,,,,,,,,,,,,,,,,,,,,,,,,,,,,positive
50.0,75.0,57.0,0.0,positive,"@corinaliebi Einen biologischen Nachteil werden wir haben, bis M√§nner Kinder austragen k√∂nnen, sprich, f√ºr immer.
Aber anstatt diesen noch mit erzwungenem Arbeitsausausfall zu verschlimmern, k√∂nnte man besser die M√∂glichkeiten der Kinderbetreuung angehen!",biologisch nachteil m√§nner kinder austragen sprechen immer anstatt erzwungen arbeitsausausfall verschlimmern gut m√∂glichkeiten kinderbetreuung angehen,"{'Einen': 0.03, 'biologischen': 0.03, 'Nachteil': 0.07, 'werden': 0.02, 'wir': 0, 'haben': 0.02, 'bis': 0.06, 'M√§nner': 0.03, 'Kinder': 0.05, 'austragen': 0, 'k√∂nnen': 0, 'sprich': 0, 'f√ºr': 0, 'immer': 0, 'Aber': 0.03, 'anstatt': 0.035, 'diesen': 0.07, 'noch': 0, 'mit': 0.04, 'erzwungenem': 0.07, 'Arbeitsausausfall': 0.04, 'zu': 0, 'verschlimmern': 0, 'k√∂nnte': 0.11, 'man': 0, 'besser': 0.31, 'die': 0, 'M√∂glichkeiten': 0, 'der': 0, 'Kinderbetreuung': 1.0, 'angehen': 0}",positive,"[0.1624594, 0.17535323, 0.66218734]",,,,,,,,,,,,,,,,,,,,,,,,,,,,,,,neutral
100.0,100.0,86.0,0.7,negative,"@spschweiz Keine Frau braucht das in der Verfassung. Wie w√§re es Anreize zu schaffen, b√ºrokratische H√ºrden f√ºr Kinderbetreuung zu senken, Steuerlast von Doppelverdiener-Haushalten anzugehen? Ah stimmt - nicht symbolpolitisch genug. @FDP_Liberalen statt Effekthascherei. #NotMyFeminism",frau brauchen verfassung anreize schaffen b√ºrokratische h√ºrden kinderbetreuung senken steuerlast doppelverdiener haushalten angehen ah stimmen symbolpolitisch genug statt effekthascherei notmyfeminism,"{'Keine': 0, 'Frau': 0, 'braucht': 0.01, 'das': 0.01, 'in': 0.01, 'der': 0.02, 'Verfassung': 0.03, 'Wie': 0, 'w√§re': 0, 'es': 0, 'Anreize': 0.02, 'zu': 0, 'schaffen': 0, 'b√ºrokratische': 0.03, 'H√ºrden': 0, 'f√ºr': 0.02, 'Kinderbetreuung': 0.09, 'senken': 0, 'Steuerlast': 0.03, 'von': 0, 'Doppelverdiener-Haushalten': 0.03, 'anzugehen': 0, 'Ah': 0.03, 'stimmt': 0.03, 'nicht': 0.08, 'symbolpolitisch': 0, 'genug': 0.03, 'statt': 0.05, 'Effekthascherei': 0.09, 'NotMyFeminism': 1.0}",negative,"[0.33736742, 0.5429128, 0.11971979]",,,,,,,,,,,,,,,,,,,,,,,,,,,,,,,positive
50.0,75.0,57.0,0.0,neutral,"@lianawoman Niemand muss Kinder haben, wenn Sie das als Nachteil sehen. M√§nner werden nie geb√§ren k√∂nnen. Und das alles hat mit dem Rentenalter nichts zu tun - ich will Gleichberechtigung vor dem Staat, das ist nicht zu viel verlangt.",niemand kinder nachteil sehen m√§nner nie geb√§ren rentenalter tun gleichberechtigung staat verlangen,,,,"{'Niemand': 0, 'muss': 0.13, 'Kinder': 0.04, 'haben': 0.08, 'wenn': 0.05, 'Sie': 0, 'das': 0.11, 'als': 0.03, 'Nachteil': 0.09, 'sehen': 0.03, 'M√§nner': 0.06, 'werden': 0.07, 'nie': 0, 'geb√§ren': 0.05, 'k√∂nnen': 0.045, 'Und': 0.37, 'alles': 0, 'hat': 0, 'mit': 0.36, 'dem': 0.085, 'Rentenalter': 0.5599999999999999, 'nichts': 0, 'zu': 0.13, 'tun': 0.565, 'ich': 0.13, 'will': 0.07, 'Gleichberechtigung': 0, 'vor': 0.08, 'Staat': 0.05, 'ist': 0, 'nicht': 0.1, 'viel': 0.03, 'verlangt': 0}",neutral,"[0.9225123, 0.024485601, 0.05300214]",,,,,,,,,,,,,,,,,,,,,,,,,,,,neutral
50.0,75.0,57.0,0.0,neutral,@lianawoman Kann Frau alles selbst beeinflussen mit Karriere- und Familienplanung - der Staat ist nicht daf√ºr verantwortlich. Es gibt keinen Grund weshalb Frauen und M√§nner nicht gleichgestellt sein sollen vor dem Staat - sprich beim Rentenalter.,frau beeinflussen karriere familienplanung staat daf√ºr verantwortlich geben grund weshalb frauen m√§nner gleichstellen sollen staat sprechen beim rentenalter,,,,"{'Kann': 0.02, 'Frau': 0, 'alles': 0.06, 'selbst': 0, 'beeinflussen': 0.07, 'mit': 0.03, 'Karriere-': 0, 'und': 0.06, 'Familienplanung': 0.07, 'der': 0.05, 'Staat': 0.09, 'ist': 0.07, 'nicht': 0.03, 'daf√ºr': 0, 'verantwortlich': 0.05, 'Es': 0.07, 'gibt': 0, 'keinen': 0, 'Grund': 0, 'weshalb': 0.03, 'Frauen': 0.13, 'M√§nner': 0.07, 'gleichgestellt': 0, 'sein': 0, 'sollen': 0.02, 'vor': 0, 'dem': 0.18, 'sprich': 0, 'beim': 0.05, 'Rentenalter': 1.0}",neutral,"[0.531637, 0.0071383542, 0.4612246]",,,,,,,,,,,,,,,,,,,,,,,,,,,,neutral
0.0,0.0,0.0,-1.0,negative,"Ich finde es diskriminierend, dass Frauen nicht gleich lange arbeiten sollen wie M√§nner. Deshalb: gleiches Rentenalter f√ºr alle.",finden diskriminieren frauen gleichen lang arbeiten sollen m√§nner deshalb gleich rentenalter all,,,,"{'Ich': 0.07, 'finde': 0.14, 'es': 0, 'diskriminierend': 0.42, 'dass': 0.13, 'Frauen': 0.08, 'nicht': 0, 'gleich': 1.0, 'lange': 0, 'arbeiten': 0.05, 'sollen': 0, 'wie': 0, 'M√§nner': 0.07, 'Deshalb': 0.75, 'gleiches': 1.0, 'Rentenalter': 0.915, 'f√ºr': 1.0, 'alle': 0.48}",positive,"[0.18152817, 0.019356769, 0.79911506]",,,,,,,,,,,,,,,,,,,,,,,,,,,,negative
75.0,100.0,86.0,0.5666666666666667,neutral,"@rpk1111 @RentenVI @Jungfreisinnige Sie sagten, mehr Einzahler k√§men und das l√∂se das Problem :)

Genau, wir m√∂chten diese stabile Basis schaffen und das Rentenalter entpolitisieren. Wir sind gleicher Meinung, also hoffe ich, Sie haben die Initiative bereits unterschrieben! :)
Sonst hier: https://t.co/HBTIKS3Zp2",sagen mehr einzahler kommen l√∂sen problem genau m√∂gen stabile basis schaffen rentenalter entpolitisieren gleich meinung hoffen initiative bereits unterschreiben,,,,"{'Sie': 0, 'sagten': 0.03, 'mehr': 0.02, 'Einzahler': 0, 'k√§men': 0.015, 'und': 0.18, 'das': 0.01, 'l√∂se': 0.03, 'Problem': 0.05, 'Genau': 0.034999999999999996, 'wir': 0, 'm√∂chten': 0.01, 'diese': 0.04, 'stabile': 0.08, 'Basis': 0.05, 'schaffen': 0.14, 'Rentenalter': 0.2, 'entpolitisieren': 1.0, 'Wir': 0.02, 'sind': 0, 'gleicher': 0, 'Meinung': 0, 'also': 0, 'hoffe': 0.03, 'ich': 0.01, 'haben': 0.1, 'die': 0.03, 'Initiative': 0.1, 'bereits': 0.02, 'unterschrieben': 0.05, 'Sonst': 0.03, 'hier': 0.02}",neutral,"[0.9446499, 0.009701211, 0.045648895]",,,,,,,,,,,,,,,,,,,,,,,,,,,,positive
100.0,100.0,100.0,0.7999999999999999,neutral,"@russo_lf @RegulaRytz Eine neue Pflicht ist ehrlichgesagt die letzte Form von Gleichstellung, die ich unterst√ºtze als Liberale. Gleiches Rentenalter, flexible Elternzeit, bessere Betreuungsm√∂glichkeiten etc. Ich sehe es recht problematisch, Frauen f√ºr den Arbeitsmarkt noch unattraktiver zu machen.",neue pflicht ehrlichgesagt letzte form gleichstellung unterst√ºtzen liberale gleich rentenalter flexible elternzeit gut betreuungsm√∂glichkeiten etc sehen recht problematisch frauen arbeitsmarkt unattraktiver,,,,"{'Eine': 0, 'neue': 0.11, 'Pflicht': 0.05, 'ist': 0.08, 'ehrlichgesagt': 0, 'die': 0.04, 'letzte': 0.11, 'Form': 0.07, 'von': 0, 'Gleichstellung': 0.24, 'ich': 0.13, 'unterst√ºtze': 0.1, 'als': 0.12, 'Liberale': 0, 'Gleiches': 1.0, 'Rentenalter': 0.775, 'flexible': 0.68, 'Elternzeit': 0.07500000000000001, 'bessere': 0.28, 'Betreuungsm√∂glichkeiten': 0.22, 'etc.': 0, 'Ich': 0.13, 'sehe': 0.19, 'es': 0.08, 'recht': 0, 'problematisch': 0.53, 'Frauen': 0.07, 'f√ºr': 0.05, 'den': 0.04, 'Arbeitsmarkt': 0.03, 'noch': 0, 'unattraktiver': 0.045, 'zu': 0.07, 'machen': 0}",positive,"[0.025860786, 0.0053482684, 0.96879095]",,,,,,,,,,,,,,,,,,,,,,,,,,,,positive
0.0,0.0,0.0,-1.0,neutral,"@spschweiz @BaGysi Eine Anhebung des Rentenalters f√ºr Frauen ist das Zeichen daf√ºr, dass Frauen gleichgestellt werden sollen. Dass der SP das nicht passt, ist tats√§chlich zynisch.",anhebung rentenalters frauen zeichen daf√ºr frauen gleichstellen sollen sp passt tats√§chlich zynisch,,,,"{'Eine': 0, 'Anhebung': 1.0, 'des': 0, 'Rentenalters': 0.7949999999999999, 'f√ºr': 0.61, 'Frauen': 0.24, 'ist': 0.05, 'das': 0.08, 'Zeichen': 0.46, 'daf√ºr': 0, 'dass': 0.08, 'gleichgestellt': 0, 'werden': 0, 'sollen': 0.08, 'Dass': 0.08, 'der': 0.12, 'SP': 0.07, 'nicht': 0.09, 'passt': 0, 'tats√§chlich': 0, 'zynisch': 0.16}",negative,"[0.24363075, 0.59495217, 0.16141717]",,,,,,,,,,,,,,,,,,,,,,,,,,,,negative
75.0,75.0,86.0,0.4333333333333333,neutral,"Man staune: @BaGysi ist gegen gleiches Rentenalter und steht damit der Gleichstellung im Weg.
@seilergraf degradiert unsere einzige Milit√§rpilotin zur ""sympathischen Werbetr√§gerin"" beim Thema Kampfjets.

Hat die @spschweiz etwa ein Sexismusproblem?",staunen gleich rentenalter stehen gleichstellung degradieren einzig milit√§rpilotin sympathisch werbetr√§gerin beim thema kampfjets etwa sexismusproblem,,,,"{'Man': 0, 'staune': 0, 'ist': 0.74, 'gegen': 1.0, 'gleiches': 1.0, 'Rentenalter': 0.5249999999999999, 'und': 0.21, 'steht': 0.21, 'damit': 0.05500000000000001, 'der': 0.03, 'Gleichstellung': 0.22, 'im': 0, 'Weg': 0, 'degradiert': 0, 'unsere': 0.04, 'einzige': 0.03, 'Milit√§rpilotin': 0.075, 'zur': 0.035, 'sympathischen': 0.08, 'Werbetr√§gerin': 0.05, 'beim': 0.03, 'Thema': 0, 'Kampfjets': 0.08, 'Hat': 0, 'die': 0.03, 'etwa': 0, 'ein': 0.14, 'Sexismusproblem': 0}",positive,"[0.18384528, 0.07976332, 0.73639137]",,,,,,,,,,,,,,,,,,,,,,,,,,,,positive
100.0,100.0,100.0,1.0,negative,"Wir Frauen wollen gleiche L√∂hne.
Wir wollen gleiche Chancen.
Wir wollen gleiche Rechte.

Aber gleiches Rentenalter, das wollen Frauen wie @BaGysi dann nicht. Es sei ""nicht tragbar"". 

Genau mein Humor. 
 https://t.co/n6TYMcOmzZ",frauen gleich l√∂hnen gleich chancen gleich rechte gleich rentenalter frauen tragbar genau humor,,,,"{'Wir': 0.03, 'Frauen': 0.2, 'wollen': 0.79, 'gleiche': 1.0, 'L√∂hne': 0.04, 'Chancen': 0.05, 'Rechte': 0, 'Aber': 0.16, 'gleiches': 1.0, 'Rentenalter': 0.9550000000000001, 'das': 0, 'wie': 0, 'dann': 0.2, 'nicht': 0.36, 'Es': 0.16, 'sei': 0, 'tragbar': 0, 'Genau': 0, 'mein': 0.05, 'Humor': 0.09}",negative,"[0.22480476, 0.75200844, 0.023186838]",,,,,,,,,,,,,,,,,,,,,,,,,,,,positive
50.0,75.0,57.0,0.0,neutral,RT @feusl: @GBindschedler @gporlezza @Heierle @gerhardpfister @CVP_PDC Ich habe einen Traum: Die @spschweiz lehnt eine Rentenaltererh√∂hung‚Ä¶,traum lehnen rentenaltererh√∂hung,,,,"{'Ich': 0.24, 'habe': 0.24, 'einen': 0.12, 'Traum': 0.66, 'Die': 0.38, 'lehnt': 1.0, 'eine': 0, 'Rentenaltererh√∂hung': 0.6699999999999999, '‚Ä¶': 0}",positive,"[0.062416073, 0.05731999, 0.8802639]",,,,,,,,,,,,,,,,,,,,,,,,,,,,neutral
100.0,100.0,100.0,1.0,neutral,"RT @tagesanzeiger: Ein guter Teil der √ºber 50-J√§hrigen ist definitiv bereit, √ºber das ordentliche Rentenalter hinaus zu arbeiten. https://t‚Ä¶",gut teil j√§hrig definitiv bereiten ordentliche rentenalter hinaus arbeiten,,,,"{'Ein': 0.04, 'guter': 0, 'Teil': 0, 'der': 0.54, '√ºber': 0.08, '50-J√§hrigen': 0.16, 'ist': 0, 'definitiv': 0, 'bereit': 0.13, 'das': 0, 'ordentliche': 0, 'Rentenalter': 0.94, 'hinaus': 0, 'zu': 0.11, 'arbeiten': 0.16}",positive,"[0.1872459, 0.011849601, 0.8009045]",,,,,,,,,,,,,,,,,,,,,,,,,,,,positive
0.0,0.0,0.0,-1.0,negative,"@spschweiz @FDP_Liberalen @Jungfreisinnige @ChristaMarkwald Wirklich asozial ist es, die Erh√∂hung des Rentenalters zu bek√§mpfen.

Gr√ºsse von einer u30.",wirklich asozial erh√∂hung rentenalters bek√§mpfen gr√ºsse u30,,,,"{'Wirklich': 0.11, 'asozial': 0, 'ist': 0.08, 'es': 0.08, 'die': 0.08, 'Erh√∂hung': 0.15, 'des': 0.55, 'Rentenalters': 0.16499999999999998, 'zu': 0.07, 'bek√§mpfen': 0.18, 'Gr√ºsse': 0, 'von': 0.55, 'einer': 0, 'u30.': 0}",negative,"[0.12378444, 0.58719337, 0.28902215]",,,,,,,,,,,,,,,,,,,,,,,,,,,,negative
50.0,25.0,28.0,-0.15,neutral,"Wer noch immer leugnet, dass wir das Rentenalter erh√∂hen m√ºssen, handelt fahrl√§ssig und ignorant. https://t.co/dPp6n5g1tD",wer immer leugnen rentenalter erh√∂hen m√ºssen handeln fahrl√§ssig ignorant,,,,"{'Wer': 0.12, 'noch': 0.11, 'immer': 0, 'leugnet': 0, 'dass': 0.15, 'wir': 0, 'das': 0.15, 'Rentenalter': 0.8300000000000001, 'erh√∂hen': 1.0, 'm√ºssen': 0.46, 'handelt': 0, 'fahrl√§ssig': 0, 'und': 0.07, 'ignorant': 0}",neutral,"[0.48661557, 0.41769585, 0.09568856]",,,,,,,,,,,,,,,,,,,,,,,,,,,,neutral
100.0,100.0,86.0,0.7,neutral,"@David_Stampfli Nein, das Rentenalter f√ºr uns soll nicht in erster Linie erh√∂ht, sondern dem der M√§nner gleichgestellt werden.

Weil das nennt man Gleichberechtigung. Und das wollen wir.",nein rentenalter erst linie erh√∂hen m√§nner gleichstellen nennen gleichberechtigung,,,,"{'Nein': 0.11, 'das': 0.04, 'Rentenalter': 0.685, 'f√ºr': 0.18, 'uns': 0.1, 'soll': 0, 'nicht': 0.98, 'in': 0, 'erster': 0, 'Linie': 0, 'erh√∂ht': 0, 'sondern': 0.31, 'dem': 0.19, 'der': 0.19, 'M√§nner': 0.14, 'gleichgestellt': 0, 'werden': 0, 'Weil': 0.04, 'nennt': 0, 'man': 0, 'Gleichberechtigung': 0.16, 'Und': 0.06, 'wollen': 0.09, 'wir': 0}",neutral,"[0.4209402, 0.27792495, 0.3011349]",,,,,,,,,,,,,,,,,,,,,,,,,,,,positive
25.0,25.0,28.0,-0.2333333333333333,neutral,"@tho__hug @gerhardpfister Das ist so - ich bin aber sicher, dass sich die Stimmbev√∂lkerung ein eigenes Bild gemacht hat. Im Sept kam ja auch ein linkes Anliegen (Vaterschaftsurlaub) durch: Man sollte uns die M√ºndigkeit nicht absprechen, nur weil man eine Abstimmung verliert.",sichern stimmbev√∂lkerung eigen bild sept kommen ja link anliegen vaterschaftsurlaub sollen m√ºndigkeit absprechen abstimmung verlieren,,,,,,,"{'Das': 0.06, 'ist': 0, 'so': 0, 'ich': 0.02, 'bin': 0, 'aber': 0.07, 'sicher': 0, 'dass': 0.08, 'sich': 0, 'die': 0.06, 'Stimmbev√∂lkerung': 0, 'ein': 0, 'eigenes': 0.08, 'Bild': 0, 'gemacht': 0, 'hat': 0, 'Im': 0, 'Sept': 0, 'kam': 0.44, 'ja': 0, 'auch': 0, 'linkes': 0, 'Anliegen': 0, 'Vaterschaftsurlaub': 0.6299999999999999, 'durch': 0.44, 'Man': 0, 'sollte': 0, 'uns': 0, 'M√ºndigkeit': 0, 'nicht': 0, 'absprechen': 0, 'nur': 0, 'weil': 0.07, 'man': 0, 'eine': 0, 'Abstimmung': 0, 'verliert': 0}",negative,"[0.2564205, 0.7171447, 0.026434764]",,,,,,,,,,,,,,,,,,,,,,,,,neutral
100.0,100.0,100.0,1.0,neutral,"Ein Ja zum #Vaterschaftsurlaub ist ein Nein zur Gleichstellung, denn die Elternzeit wird damit f√ºr Jahre vom Tisch sein.

K√∂nnen wir bitte endlich im 21. Jahrhundert ankommen?
#Abstimmungen @Tamedia",ja vaterschaftsurlaub nein gleichstellung elternzeit jahre tisch bitte endlich jahrhundert ankommen abstimmungen,,,,,,,"{'Ein': 0.07, 'Ja': 0, 'zum': 0.045, 'Vaterschaftsurlaub': 0.06, 'ist': 0.12, 'ein': 0, 'Nein': 0.12, 'zur': 0.045, 'Gleichstellung': 0.13, 'denn': 0, 'die': 0.04, 'Elternzeit': 0.08, 'wird': 0.02, 'damit': 0.04, 'f√ºr': 0.03, 'Jahre': 0.04, 'vom': 0.04, 'Tisch': 0.07, 'sein': 0, 'K√∂nnen': 0.03, 'wir': 0, 'bitte': 0, 'endlich': 0, 'im': 0, '21.': 0, 'Jahrhundert': 0.07, 'ankommen': 0.05, 'Abstimmungen': 0}",positive,"[0.018397039, 0.014489393, 0.9671136]",,,,,,,,,,,,,,,,,,,,,,,,,positive
50.0,75.0,57.0,0.0,negative,"@sacovo Was hat Vaterschaftsurlaub damit zu tun ob du dir Kinder leisten kannst?
Warum k√∂nnen nur noch Reiche Kinder haben, wenn wir keine zwei Wochen Vaterschaftsurlaub einf√ºhren?

Wir als Schweizer w√§ren schon l√§ngst ausgerottet, weil (Achtung) bisher gibt es keinen Vaterschaftsurlaub.",vaterschaftsurlaub tun kinder leisten warum reichen kinder zwei wochen vaterschaftsurlaub einfahren schweizer schon l√§ngst ausrotten achtung bisher geben vaterschaftsurlaub,,,,,,,"{'Was': 0, 'hat': 0, 'Vaterschaftsurlaub': 0.505, 'damit': 0.01, 'zu': 0.01, 'tun': 0.01, 'ob': 0, 'du': 0, 'dir': 0.01, 'Kinder': 0.01, 'leisten': 0.01, 'kannst': 0.01, 'Warum': 0.02, 'k√∂nnen': 0.02, 'nur': 0.01, 'noch': 0, 'Reiche': 0.02, 'haben': 0.02, 'wenn': 0.03, 'wir': 0, 'keine': 0, 'zwei': 0.01, 'Wochen': 0.05, 'einf√ºhren': 0.03, 'Wir': 0.02, 'als': 0.01, 'Schweizer': 0.01, 'w√§ren': 0.02, 'schon': 0, 'l√§ngst': 0.04, 'ausgerottet': 0.03, 'weil': 0.3, 'Achtung': 0, 'bisher': 0, 'gibt': 0, 'es': 0, 'keinen': 0}",negative,"[0.039414912, 0.9538642, 0.0067209313]",,,,,,,,,,,,,,,,,,,,,,,,,neutral
50.0,75.0,57.0,0.0,negative,"@fri_velo @HobbesNils @lohnabzuegeNein Dann bringt der Vaterschaftsurlaub also nichts? Sind ja auch nur zwei Wochen und dann muss man entweder selber Ferien nehmen oder ist danach eben ""wieder weg"".
Familienplanung ist nicht Staatsaufgabe.",bringen vaterschaftsurlaub ja zwei wochen entweder selber ferien nehmen danach eben familienplanung staatsaufgabe,,,,,,,"{'Dann': 0.11, 'bringt': 0, 'der': 0, 'Vaterschaftsurlaub': 0.77, 'also': 0, 'nichts': 0, 'Sind': 0.04, 'ja': 0.14, 'auch': 0, 'nur': 0.16, 'zwei': 0.04, 'Wochen': 0.08, 'und': 0.14, 'dann': 0.11, 'muss': 0.02, 'man': 0, 'entweder': 0.08, 'selber': 0, 'Ferien': 0, 'nehmen': 0.02, 'oder': 0.07, 'ist': 0.04, 'danach': 0, 'eben': 0, 'wieder': 0, 'weg': 0, 'Familienplanung': 0.04, 'nicht': 0.05, 'Staatsaufgabe': 0.04}",negative,"[0.278104, 0.70868963, 0.013206332]",,,,,,,,,,,,,,,,,,,,,,,,,neutral
0.0,0.0,0.0,-1.0,neutral,"@HobbesNils @lohnabzuegeNein Nein, denn dieser ""Haufen"" sagt genau Nein zu etwas auf Kosten anderer: deinen Vaterschaftsurlaub, den der Steuerzahler zahlen soll. 

Hat's weh getan, sich selbst in's Bein zu schiessen?",nein haufen sagen genau nein kosten vaterschaftsurlaub steuerzahler zahlen s weh tun s bein schiessen,,,,,,,"{'Nein': 0.11, 'denn': 0, 'dieser': 0.08, 'Haufen': 0, 'sagt': 0, 'genau': 0, 'zu': 0.02, 'etwas': 0.05, 'auf': 0, 'Kosten': 0, 'anderer': 0, 'deinen': 0, 'Vaterschaftsurlaub': 0.55, 'den': 0.02, 'der': 0.02, 'Steuerzahler': 0.14, 'zahlen': 0, 'soll': 0, ""Hat's"": 0, 'weh': 0, 'getan': 0.22, 'sich': 0, 'selbst': 0, ""in's"": 0, 'Bein': 0, 'schiessen': 0.05}",neutral,"[0.7246273, 0.2561032, 0.01926952]",,,,,,,,,,,,,,,,,,,,,,,,,negative
100.0,100.0,86.0,0.7,neutral,"Dass bei der Einteilung #Vaterschaftsurlaub / #Mutterschaftsurlaub der #frauenstreik2019 nicht auf die Barrikaden geht... Hallo Gleichstellung? Warum nicht 14 Wochen #Elternzeit + keine 8-Wochen-Regelung? Eltern sollen frei entscheiden, wie sie ihre Familie planen! @srfnews https://t.co/QuTs9Rc4Sy",einteilung vaterschaftsurlaub mutterschaftsurlaub frauenstreik2019 barrikaden gehen hallo gleichstellung warum wochen elternzeit wochen regelung eltern sollen frei entscheiden familie planen,,,,,,,"{'Dass': 0.06, 'bei': 0, 'der': 0.1, 'Einteilung': 0, 'Vaterschaftsurlaub': 0.03, 'Mutterschaftsurlaub': 0.03, 'frauenstreik2019': 0, 'nicht': 0.04, 'auf': 0, 'die': 0.1, 'Barrikaden': 0.1, 'geht': 0, '...': 0, 'Hallo': 0, 'Gleichstellung': 0.05, 'Warum': 0.05, '14': 0, 'Wochen': 0.04, 'Elternzeit': 0.03, 'keine': 0, '8-Wochen-Regelung': 0.04, 'Eltern': 0.04, 'sollen': 0.03, 'frei': 0, 'entscheiden': 0.03, 'wie': 0.03, 'sie': 0, 'ihre': 0.01, 'Familie': 0.03, 'planen': 0.03}",neutral,"[0.66862875, 0.03621515, 0.2951561]",,,,,,,,,,,,,,,,,,,,,,,,,positive
0.0,0.0,14.0,-0.7,neutral,"RT @lisakatharina: Man kann dagegen sein, Steuern zu senken, weil man mit dem Geld anderes machen will. Aber eine Steuersenkung f√ºr ""gef√§hr‚Ä¶",dagegen steuern senken geld steuersenkung gef√§hr,,,,,,,,,,"{'Man': 0, 'kann': 0.12, 'dagegen': 0.035, 'sein': 0, 'Steuern': 0, 'zu': 0.02, 'senken': 0, 'weil': 0.03, 'man': 0, 'mit': 0.02, 'dem': 0.025, 'Geld': 0.04, 'anderes': 0.04, 'machen': 0.03, 'will': 0, 'Aber': 0.59, 'eine': 0, 'Steuersenkung': 0.62, 'f√ºr': 0.35, 'gef√§hr': 0, '‚Ä¶': 0}",negative,"[0.12240663, 0.6897184, 0.18787496]",,,,,,,,,,,,,,,,,,,,,,negative
75.0,75.0,71.0,0.35,neutral,"@spzuerich Die #Mittelstandsinitiative verteilt die √úbersch√ºsse zur√ºck an den Steuerzahler. Man muss keine Angst vor Steuersenkungen haben: Die Initiative ist n√§mlich keine Mogelpackung sondern berichtigt ein System, das nicht mehr der Zeit entspricht, was die j√§hrl. √úbersch√ºsse zeigen.",mittelstandsinitiative verteilen √ºbersch√ºsse zur√ºck steuerzahler angst steuersenkungen initiative n√§mlich mogelpackung berichtigen system mehr zeit entsprechen j√§hrl √ºbersch√ºsse zeigen,,,,,,,,,,"{'Die': 0.03, 'Mittelstandsinitiative': 0.065, 'verteilt': 0, 'die': 0.03, '√úbersch√ºsse': 0.07, 'zur√ºck': 0.05, 'an': 0, 'den': 0.03, 'Steuerzahler': 0.05, 'Man': 0, 'muss': 0.04, 'keine': 0, 'Angst': 0, 'vor': 0, 'Steuersenkungen': 0.505, 'haben': 0.04, 'Initiative': 0.06, 'ist': 0.1, 'n√§mlich': 0, 'Mogelpackung': 0.12, 'sondern': 0.03, 'berichtigt': 0, 'ein': 0, 'System': 0.07, 'das': 0.04, 'nicht': 0.07, 'mehr': 0, 'der': 0.03, 'Zeit': 0.04, 'entspricht': 0.07, 'was': 0, 'j√§hrl': 0.06, 'zeigen': 0}",neutral,"[0.5438018, 0.22260085, 0.2335974]",,,,,,,,,,,,,,,,,,,,,,positive
50.0,75.0,57.0,0.0,neutral,"Du willst nicht mehr vor deiner Steuerrechnung sitzen und denken ""phu, wer zahlt das""?
Du willst ""de 5er und sWeggli"", eine Steuersenkung ohne Sparprogramm?

Dann gibt's nur eins: Am 9. Februar JA zur @mittelstandsvi! https://t.co/tekMSKLeXK",mehr steuerrechnung sitzen denken phu wer zahlen de 5er sweggli steuersenkung sparprogramm geben s eins februar ja,,,,,,,,,,"{'Du': 0, 'willst': 1.0, 'nicht': 0, 'mehr': 0, 'vor': 0, 'deiner': 0, 'Steuerrechnung': 0.10500000000000001, 'sitzen': 0.03, 'und': 0.02, 'denken': 0.125, 'phu': 0.06, 'wer': 0.05, 'zahlt': 0.04, 'das': 0, 'de': 0, '5er': 0.24, 'sWeggli': 0.24, 'eine': 0.06, 'Steuersenkung': 0.375, 'ohne': 0.35, 'Sparprogramm': 0.15000000000000002, 'Dann': 0.23, ""gibt's"": 0.04, 'nur': 0.09, 'eins': 0, 'Am': 0, '9.': 0, 'Februar': 0.07, 'JA': 0.02, 'zur': 0.12}",positive,"[0.4337306, 0.03091479, 0.5353546]",,,,,,,,,,,,,,,,,,,,,,neutral
50.0,25.0,57.0,-0.1,negative,RT @LuisDeplazes: ‚ÄöF√ºr alle statt f√ºr wenige‚Äò und dann eine Steuersenkung nur f√ºr ausgew√§hlte Gruppen gutheissen? Wie untreu kann man seine‚Ä¶,all statt wenig steuersenkung ausgew√§hlt gruppen gutheissen untreu,,,,,,,,,,"{'‚Äö': 0, 'F√ºr': 0, 'alle': 0, 'statt': 0, 'f√ºr': 0, 'wenige': 0, '‚Äò': 0, 'und': 0, 'dann': 0, 'eine': 0, 'Steuersenkung': 0, 'nur': 0, 'ausgew√§hlte': 0, 'Gruppen': 0, 'gutheissen': 0, 'Wie': 0, 'untreu': 0, 'kann': 0, 'man': 0, 'seine': 0, '‚Ä¶': 0}",neutral,"[0.69556093, 0.2559585, 0.048480563]",,,,,,,,,,,,,,,,,,,,,,neutral
100.0,100.0,100.0,1.0,neutral,"RT @NZZSchweiz: Nach dem Ja zu neuen Kampfflugzeugen soll die Schweiz √ºber mutige Schritte diskutieren, statt sich in der Tagespolitik zu v‚Ä¶",ja neu kampfflugzeugen schweiz mutig schritte diskutieren statt tagespolitik v,,,,,,,,,,,,,"{'Nach': 0.05, 'dem': 0.05, 'Ja': 0, 'zu': 0.05, 'neuen': 1.0, 'Kampfflugzeugen': 0.865, 'soll': 0, 'die': 0, 'Schweiz': 0.13, '√ºber': 0, 'mutige': 0, 'Schritte': 0.12, 'diskutieren': 0, 'statt': 0.055, 'sich': 0, 'in': 0.06, 'der': 0, 'Tagespolitik': 0.25, 'v': 0, '‚Ä¶': 0}",neutral,"[0.5297403, 0.02238768, 0.44787207]",,,,,,,,,,,,,,,,,,,positive
75.0,100.0,86.0,0.5,negative,"RT @sicherheit_ja: .@GSoASchweiz Hey ihr Armeeabschaffer, seid ehrlich, mit eurem Referendum geht es um mehr als nur um #Kampfflugzeuge. Ih‚Ä¶",hey armeeabschaffer ehrlich referendum gehen mehr kampfflugzeuge ih,,,,,,,,,,,,,"{'Hey': 0.15, 'ihr': 0, 'Armeeabschaffer': 0.07, 'seid': 0, 'ehrlich': 0, 'mit': 0, 'eurem': 0.15, 'Referendum': 0.11, 'geht': 0, 'es': 0.11, 'um': 0, 'mehr': 0.05, 'als': 0, 'nur': 0, 'Kampfflugzeuge': 0, 'Ih': 0, '‚Ä¶': 0}",neutral,"[0.8051216, 0.056755416, 0.13812298]",,,,,,,,,,,,,,,,,,,positive
50.0,75.0,57.0,0.0,neutral,Digitalisierung √ºberall üòÖ https://t.co/yQ57onftvZ,digitalisierung √ºberall,,,,,,,,,,,,,,,,"{'Digitalisierung': 0, '√ºberall': 0}",negative,"[0.19883358, 0.75845796, 0.042708445]",,,,,,,,,,,,,,,,neutral
100.0,100.0,86.0,0.7,neutral,"Ja, Umweltschutz ist wichtig.

Aber eine AHV brauchen wir auch noch, wenns ein Grad w√§rmer ist: Darum @RentenVI der @Jungfreisinnige unterschreiben, damit das Thema Altersvorsorge endlich nachhaltig angegangen wird!",ja umweltschutz wichtig ahv brauchen wenns grad warm darum unterschreiben thema altersvorsorge endlich nachhaltig angehen,,,,,,,,,,,,,,,,,,,"{'Ja': 0, 'Umweltschutz': 0.79, 'ist': 0.03, 'wichtig': 1.0, 'Aber': 0.3, 'eine': 0, 'AHV': 0.12, 'brauchen': 0.1, 'wir': 0, 'auch': 0, 'noch': 0.08, 'wenns': 0, 'ein': 0, 'Grad': 0, 'w√§rmer': 0.1, 'Darum': 0, 'der': 0.04, 'unterschreiben': 0.09, 'damit': 0, 'das': 0.05, 'Thema': 0, 'Altersvorsorge': 0.05, 'endlich': 0, 'nachhaltig': 0, 'angegangen': 0, 'wird': 0}",positive,"[0.0014771706, 0.0012722645, 0.9972505]",,,,,,,,,,,,,positive
50.0,75.0,57.0,0.0,neutral,"RT @feusl: Wenn Entwicklungshilfe fliesst, steigen die Bankkonti der Eliten - Erkenntnisse einer umfassenden Recherche:",entwicklungshilfe fliesst steigen bankkonti eliten erkenntnisse umfassend recherche,,,,,,,,,,,,,,,,,,,,,,"{'Wenn': 0.13, 'Entwicklungshilfe': 0.07, 'fliesst': 0.08, 'steigen': 0.18, 'die': 0.05, 'Bankkonti': 0.1, 'der': 0.05, 'Eliten': 0.05, 'Erkenntnisse': 1.0, 'einer': 0, 'umfassenden': 0, 'Recherche': 0.64}",positive,"[0.11155311, 0.038988374, 0.84945846]",,,,,,,,,,neutral
100.0,100.0,86.0,0.7,neutral,"@spschweiz Wenn Effizienz euch so wichtig w√§re, k√∂nntet ihr ja auch Verwaltungsstellen und Entwicklungshilfe zusammenstreichen. Das VBS hat ein Budget und darf das aussch√∂pfen: Mit Papierfliegern hat man nunmal keine ernstzunehmende Luftwaffe.",effizienz wichtig ja verwaltungsstellen entwicklungshilfe zusammenstreichen vbs budget d√ºrfen aussch√∂pfen papierfliegern nunmal ernstzunehmende luftwaffe,,,,,,,,,,,,,,,,,,,,,,"{'Wenn': 0, 'Effizienz': 0.16, 'euch': 0.03, 'so': 0.04, 'wichtig': 0.1, 'w√§re': 0, 'k√∂nntet': 0.31, 'ihr': 0, 'ja': 0.02, 'auch': 0.37, 'Verwaltungsstellen': 0.45, 'und': 0.02, 'Entwicklungshilfe': 1.0, 'zusammenstreichen': 1.0, 'Das': 0.02, 'VBS': 0, 'hat': 0, 'ein': 0, 'Budget': 0.13, 'darf': 0, 'das': 0, 'aussch√∂pfen': 0, 'Mit': 0.03, 'Papierfliegern': 0.045, 'man': 0, 'nunmal': 0, 'keine': 0, 'ernstzunehmende': 0.02, 'Luftwaffe': 0}",neutral,"[0.6945042, 0.102798864, 0.20269689]",,,,,,,,,,positive
100.0,100.0,100.0,1.0,neutral,"SP gegen ""Luxus"" Kampfjets und die Modernisierung unserer Landesverteidigung.

Die SP ist √ºbrigens auch gegen die ""Luxus"" Altersvorsorge aka eine, die auch f√ºr unsere Generation noch existiert.

Nachhaltige und weitsichtige Politik, soweit das Auge reicht, danke liebe SP! https://t.co/swLBGrf0PO",sp luxus kampfjets modernisierung landesverteidigung sp √ºbrigens luxus altersvorsorge aka generation existieren nachhaltig weitsichtig politik soweit auge reichen danke lieb sp,,,,,,,,,,,,,,,,,,,,,,,,,"{'SP': 0.03, 'gegen': 0.13, 'Luxus': 0.07, 'Kampfjets': 0.165, 'und': 0.06, 'die': 0.02, 'Modernisierung': 1.0, 'unserer': 0.04, 'Landesverteidigung': 0.78, 'Die': 0.02, 'ist': 0.1, '√ºbrigens': 0.02, 'auch': 0.05, 'Altersvorsorge': 0.06, 'aka': 0.03, 'eine': 0.03, 'f√ºr': 0.03, 'unsere': 0.04, 'Generation': 0.09, 'noch': 0.03, 'existiert': 0.06, 'Nachhaltige': 0.07, 'weitsichtige': 0, 'Politik': 0, 'soweit': 0.02, 'das': 0.02, 'Auge': 0.05, 'reicht': 0, 'danke': 0.035, 'liebe': 0}",positive,"[0.01939079, 0.04320922, 0.9374]",,,,,,,positive
0.0,0.0,0.0,-1.0,neutral,"@cybersandwich @claudelongchamp Meinst du das ernst?^^

Bier: 16, Alkohol generell: 18
T√∂ff: 16, Strassenverkehr/Auto generell: 18
Stimmrecht Gemeindeebene: 17, Stimmrecht generell: 18

Entspr√§che ja genau deiner vorherigen Argumentation. Oder stellst du dich jetzt taub daf√ºr?",ernst bier alkohol generell t√∂ff strassenverkehr auto generell stimmrecht gemeindeebene stimmrecht generell entsprechen ja genau vorherig argumentation stellen taub daf√ºr,,,,,,,,,,,,,,,,,,,,,,,,,,,,"{'Meinst': 0.13, 'du': 0, 'das': 0.13, 'ernst?^^': 0, 'Bier': 0.05, '16': 0, 'Alkohol': 0.12, 'generell': 0.07, '18': 0, 'T√∂ff': 0, 'Strassenverkehr': 0.62, 'Auto': 0, 'Stimmrecht': 0.05, 'Gemeindeebene': 0.06, '17': 0, 'Entspr√§che': 0.15000000000000002, 'ja': 0, 'genau': 0, 'deiner': 0, 'vorherigen': 0.05, 'Argumentation': 0, 'Oder': 0.22, 'stellst': 0, 'dich': 0.13, 'jetzt': 0.05, 'taub': 0, 'daf√ºr': 0}",neutral,"[0.9103506, 0.07915907, 0.010490299]",,,,negative
0.0,0.0,14.0,-0.7,neutral,"@cybersandwich @claudelongchamp Ja, wenn es √§quivalent zum Strassenverkehr und Alkoholkonsum w√§re, dann g√§be man das Stimmrecht auf kantonaler oder Gemeindeebene. Das w√§re aber ein anderer Diskussionsansatz, als sie hier haben.

Notabene bin ich aber der Meinug, ohne Pflichten, keine zus√§tzlichen Rechte.",ja √§quivalent strassenverkehr alkoholkonsum geben stimmrecht kantonaler gemeindeebene diskussionsansatz notabene meinug pflichten zus√§tzlich rechte,,,,,,,,,,,,,,,,,,,,,,,,,,,,"{'Ja': 1.0, 'wenn': 0.12, 'es': 0, '√§quivalent': 0.10500000000000001, 'zum': 0.015, 'Strassenverkehr': 0.74, 'und': 1.0, 'Alkoholkonsum': 0.595, 'w√§re': 0.02, 'dann': 0.05, 'g√§be': 0.02, 'man': 0, 'das': 0.03, 'Stimmrecht': 0.05500000000000001, 'auf': 0, 'kantonaler': 0.04, 'oder': 0.04, 'Gemeindeebene': 0.02, 'Das': 0.02, 'aber': 0.01, 'ein': 0, 'anderer': 0, 'Diskussionsansatz': 0.035, 'als': 0, 'sie': 0, 'hier': 0.01, 'haben': 0.01, 'Notabene': 0.03, 'bin': 0, 'ich': 0.01, 'der': 0.02, 'Meinug': 0, 'ohne': 0.02, 'Pflichten': 0, 'keine': 0, 'zus√§tzlichen': 0.02, 'Rechte': 0.07}",neutral,"[0.97439045, 0.009651738, 0.015957795]",,,,negative
0.0,0.0,0.0,-1.0,neutral,"@cybersandwich @claudelongchamp Irgendwann hat man eine Vollj√§hrigkeit festgesetzt: Warum weiss man, dass man dann keine Gefahr f√ºr den Strassenverkehr ist, oder seinen Alkoholkonsum selbst einsch√§tzen kann?

Deine Argumentation kritisiert eigentlich die Vollj√§hrigkeit und ihre Folgen.",irgendwann vollj√§hrigkeit festsetzen warum weiss gefahr strassenverkehr alkoholkonsum einsch√§tzen argumentation kritisieren eigentlich vollj√§hrigkeit folgen,,,,,,,,,,,,,,,,,,,,,,,,,,,,"{'Irgendwann': 0, 'hat': 0, 'man': 0, 'eine': 0, 'Vollj√§hrigkeit': 0.035, 'festgesetzt': 0, 'Warum': 0.04, 'weiss': 0, 'dass': 0.06, 'dann': 0.07, 'keine': 0, 'Gefahr': 0, 'f√ºr': 1.0, 'den': 0.03, 'Strassenverkehr': 0.43, 'ist': 0, 'oder': 0.22, 'seinen': 0, 'Alkoholkonsum': 0.095, 'selbst': 0, 'einsch√§tzen': 0.12, 'kann': 0.13, 'Deine': 0.02, 'Argumentation': 0, 'kritisiert': 0, 'eigentlich': 0.02, 'die': 0.03, 'und': 0.03, 'ihre': 0, 'Folgen': 0}",neutral,"[0.8195402, 0.11775526, 0.06270457]",,,,negative
75.0,100.0,86.0,0.5666666666666667,positive,"@FedierMichael F√ºr mich pers√∂nlich ist Landwirtschaft mehr als das, was man Tieren f√ºttert: allen voran das Tierwohl. Das kann ich bei Importprodukten nicht nachverfolgen. Das ist dann vielleicht aus liberaler Sicht nicht die effizienteste Produktion, aber da hat wohl jeder seine Priorit√§ten.",pers√∂nlich landwirtschaft mehr tieren f√ºttern voran tierwohl importprodukten nachverfolgen vielleicht liberal sicht effizient produktion wohl jed priorit√§ten,,,,,,,,,,,,,,,,,,,,,,,,,,,,,,,"{'F√ºr': 0.06, 'mich': 0.19, 'pers√∂nlich': 0.27, 'ist': 0.64, 'Landwirtschaft': 1.0, 'mehr': 0.27, 'als': 0, 'das': 0.04, 'was': 0, 'man': 0, 'Tieren': 0.48, 'f√ºttert': 0, 'allen': 0, 'voran': 0, 'Tierwohl': 0.32, 'Das': 0.05, 'kann': 0.03, 'ich': 0.07, 'bei': 0, 'Importprodukten': 0, 'nicht': 0.02, 'nachverfolgen': 0, 'dann': 0, 'vielleicht': 0, 'aus': 0, 'liberaler': 0, 'Sicht': 0.07, 'die': 0.05, 'effizienteste': 0.065, 'Produktion': 0.31, 'aber': 0.04, 'da': 0, 'hat': 0, 'wohl': 0, 'jeder': 0.08, 'seine': 0, 'Priorit√§ten': 0.1}",positive,"[0.00673909, 0.0018938207, 0.99136704]",positive
25.0,25.0,28.0,-0.25,positive,"@bhartmannfabbri @wanner_fabio Ja, das ist so. Ich finde es nur schade, dass mit dieser Initiative einmal mehr auf einer Produktion herumgehackt wird, die sich dem Konsum angepasst hat.

Ich pers√∂nlich finde, irgendwann braucht es mehr Verantwortung des Konsumenten und weniger S√ºndenb√∂cke in der Landwirtschaft",ja finden schaden initiative mehr produktion herumgehackt konsum angepasst pers√∂nlich finden irgendwann brauchen mehr verantwortung konsumenten wenig s√ºndenb√∂cke landwirtschaft,,,,,,,,,,,,,,,,,,,,,,,,,,,,,,,"{'Ja': 0.11, 'das': 0.03, 'ist': 0.01, 'so': 0, 'Ich': 0.01, 'finde': 0, 'es': 0.01, 'nur': 0, 'schade': 0, 'dass': 0.03, 'mit': 0, 'dieser': 0.01, 'Initiative': 0.03, 'einmal': 0.01, 'mehr': 0.09, 'auf': 0, 'einer': 0, 'Produktion': 0.07, 'herumgehackt': 0, 'wird': 0.03, 'die': 0, 'sich': 0, 'dem': 0.04, 'Konsum': 0.05, 'angepasst': 0, 'hat': 0, 'pers√∂nlich': 0.02, 'irgendwann': 0, 'braucht': 0, 'Verantwortung': 0.15, 'des': 0, 'Konsumenten': 0, 'und': 0.11, 'weniger': 0.27, 'S√ºndenb√∂cke': 0.46, 'in': 1.0, 'der': 0, 'Landwirtschaft': 1.0}",neutral,"[0.6705605, 0.11028281, 0.21915668]",negative
0.0,0.0,0.0,-1.0,neutral,"@bhartmannfabbri @wanner_fabio Dann m√ºsste man beim Problem ansetzen: dort, wo Konsum und Produktion auseinander gehen. Man kann nicht eine Produktion fordern, die dem Konsumverhalten widerspricht.

Es w√§re in der CH bei gleichbleibendem Konsum nicht m√∂glich, eine Heidi-Landwirtschaft ohne Importe zu haben.",m√ºsste beim problem ansetzen konsum produktion auseinander gehen produktion fordern konsumverhalten widersprechen ch gleichbleibendem konsum m√∂glich heidi landwirtschaft importe,,,,,,,,,,,,,,,,,,,,,,,,,,,,,,,"{'Dann': 0.09, 'm√ºsste': 0.03, 'man': 0, 'beim': 0.02, 'Problem': 1.0, 'ansetzen': 0, 'dort': 0, 'wo': 1.0, 'Konsum': 0.04, 'und': 0.22, 'Produktion': 0.04, 'auseinander': 0, 'gehen': 0, 'Man': 0, 'kann': 0, 'nicht': 0.02, 'eine': 0.08, 'fordern': 0.07, 'die': 0.02, 'dem': 0.025, 'Konsumverhalten': 0.04, 'widerspricht': 0.09, 'Es': 0, 'w√§re': 0.03, 'in': 0.02, 'der': 0.02, 'CH': 0, 'bei': 0, 'gleichbleibendem': 0, 'm√∂glich': 0.03, 'Heidi-Landwirtschaft': 0.03, 'ohne': 0.03, 'Importe': 0, 'zu': 0.03, 'haben': 0.03}",negative,"[0.10674774, 0.70461136, 0.18864092]",negative
100.0,100.0,86.0,0.7,negative,"@wanner_fabio Nein.
Ja zu sauberem Trinkwasser und einer nachhaltigen Landwirtschaft auf jeden Fall.
Das Problem ist aber, dass die Initiative zwar Trinkwasser heisst, aber grunds√§tzlich auf die Produktion abzielt, ohne den Konsum zu beachten - so exportieren wir einfach unser Problem.",nein ja sauber trinkwasser nachhaltig landwirtschaft jed fall problem initiative trinkwasser heisst grunds√§tzlich produktion abzielen konsum beachten exportieren einfach problem,,,,,,,,,,,,,,,,,,,,,,,,,,,,,,,"{'Nein': 0.07, 'Ja': 0.46, 'zu': 0.19, 'sauberem': 0.26, 'Trinkwasser': 0.07500000000000001, 'und': 0.46, 'einer': 0, 'nachhaltigen': 1.0, 'Landwirtschaft': 1.0, 'auf': 0, 'jeden': 0, 'Fall': 0, 'Das': 0.03, 'Problem': 0.06, 'ist': 0.02, 'aber': 0.01, 'dass': 0.03, 'die': 0.03, 'Initiative': 0.09, 'zwar': 0.025, 'heisst': 0.03, 'grunds√§tzlich': 0.02, 'Produktion': 0.07, 'abzielt': 0.04, 'ohne': 0.02, 'den': 0.03, 'Konsum': 0.08, 'beachten': 0, 'so': 0.02, 'exportieren': 0.04, 'wir': 0, 'einfach': 0, 'unser': 0.03}",positive,"[0.0017963131, 0.0012839275, 0.99691975]",positive
100.0,100.0,86.0,0.7,neutral,"@stoppagrarlobby Ihr wollt also sagen, dass die Stiftung ""Nachhaltige Landwirtschaft"" und die ""MAVA"" explizit ohne Gelder von Roche und Syngenta auskommen? Das w√ºrdet ihr unterschreiben?",sagen stiftung nachhaltig landwirtschaft mava explizit gelder roche syngenta auskommen unterschreiben,,,,,,,,,,,,,,,,,,,,,,,,,,,,,,,"{'Ihr': 0, 'wollt': 0, 'also': 0, 'sagen': 0.055, 'dass': 0.03, 'die': 0.09, 'Stiftung': 0, 'Nachhaltige': 1.0, 'Landwirtschaft': 1.0, 'und': 0.05, 'MAVA': 0.1, 'explizit': 0, 'ohne': 0.03, 'Gelder': 0, 'von': 0.03, 'Roche': 0.07, 'Syngenta': 0.14, 'auskommen': 0, 'Das': 0.09, 'w√ºrdet': 0.02, 'ihr': 0, 'unterschreiben': 0.04}",positive,"[0.15365668, 0.030941686, 0.8154016]",positive
100.0,100.0,86.0,0.7,neutral,"@stoppagrarlobby Nein, aber mit der Stiftung f√ºr nachhaltige LWS;) Syngenta forscht im Bereich moderner Saatgute und Gentechnik. Anders ist heutige Landwirtschaft n√§mlich nicht zukunftsf√§hig: Entweder man macht das Saatgut robuster, oder man verwendet Schutzmittel. Aber das wisst ihr ja bestimmt.",nein stiftung nachhaltig lws syngenta forschen bereich modern saatgute gentechnik heutige landwirtschaft n√§mlich zukunftsf√§hig entweder saatgut robust verwenden schutzmittel wisst ja bestimmen,,,,,,,,,,,,,,,,,,,,,,,,,,,,,,,"{'Nein': 0.06, 'aber': 0.06, 'mit': 0.02, 'der': 0.03, 'Stiftung': 0, 'f√ºr': 0.02, 'nachhaltige': 0.35, 'LWS': 0.02, 'Syngenta': 0.03, 'forscht': 0, 'im': 0, 'Bereich': 0, 'moderner': 0.02, 'Saatgute': 0.02, 'und': 0.01, 'Gentechnik': 0.01, 'Anders': 0, 'ist': 1.0, 'heutige': 0, 'Landwirtschaft': 1.0, 'n√§mlich': 0, 'nicht': 0.73, 'zukunftsf√§hig': 0.35, 'Entweder': 0.08, 'man': 0, 'macht': 0, 'das': 0.03, 'Saatgut': 0.02, 'robuster': 0.015, 'oder': 0.02, 'verwendet': 0, 'Schutzmittel': 0.02, 'Aber': 0.06, 'wisst': 0.04, 'ihr': 0, 'ja': 0.01, 'bestimmt': 0}",negative,"[0.0043583503, 0.96988994, 0.025751708]",positive
50.0,75.0,57.0,0.0,neutral,"Die Kampagne @stoppagrarlobby wird gem. Website zum Grossteil von der ""Stiftung f√ºr nachhaltige Landwirtschaft"" finanziert... Sprich der Chemie- und Pharmalobby.

Klassischer Fall von Doppelmoral.",kampagne gem website grossteil stiftung nachhaltig landwirtschaft finanzieren sprechen chemie pharmalobby klassisch fall doppelmoral,,,,,,,,,,,,,,,,,,,,,,,,,,,,,,,"{'Die': 0.04, 'Kampagne': 0.06, 'wird': 0, 'gem.': 0, 'Website': 0.03, 'zum': 0.03, 'Grossteil': 0, 'von': 0, 'der': 0.04, 'Stiftung': 0, 'f√ºr': 0.23, 'nachhaltige': 1.0, 'Landwirtschaft': 1.0, 'finanziert': 0.06, '...': 0, 'Sprich': 0, 'Chemie-': 0, 'und': 0.02, 'Pharmalobby': 0, 'Klassischer': 0.02, 'Fall': 0, 'Doppelmoral': 0.04}",positive,"[0.009571925, 0.0045843064, 0.9858438]",neutral
50.0,75.0,57.0,0.0,neutral,RT @andrisilbi_: Debatte um Abschaffung der Industriez√∂lle im Nationalrat: W√§hrend die Landwirtschaft bereits zollfrei ihre Maschinen impor‚Ä¶,debatte abschaffung industriez√∂lle nationalrat landwirtschaft bereits zollfrei maschinen impor,,,,,,,,,,,,,,,,,,,,,,,,,,,,,,,"{'Debatte': 1.0, 'um': 0, 'Abschaffung': 0.19, 'der': 0.14, 'Industriez√∂lle': 0, 'im': 0, 'Nationalrat': 0.195, 'W√§hrend': 0.68, 'die': 0.14, 'Landwirtschaft': 0.46, 'bereits': 0.12, 'zollfrei': 0.05500000000000001, 'ihre': 0, 'Maschinen': 0, 'impor': 0, '‚Ä¶': 0}",neutral,"[0.7817767, 0.037912175, 0.18031104]",neutral
50.0,75.0,57.0,0.0,neutral,"Nicht die Landwirtschaft an sich ist problematisch, sondern die Transportwege f√ºr importierte Ware und die industrialisierte Tierhaltung.

Deshalb: think global - consume local. https://t.co/RYdHMT4q2e",landwirtschaft problematisch transportwege importieren ware industrialisieren tierhaltung deshalb think global consume local,,,,,,,,,,,,,,,,,,,,,,,,,,,,,,,"{'Nicht': 1.0, 'die': 0.1, 'Landwirtschaft': 0.96, 'an': 0, 'sich': 0, 'ist': 0.16, 'problematisch': 0.4, 'sondern': 0.43, 'Transportwege': 0.045, 'f√ºr': 0.04, 'importierte': 0.04, 'Ware': 0, 'und': 0.05, 'industrialisierte': 0, 'Tierhaltung': 0, 'Deshalb': 0.1, 'think': 0.11, 'global': 0.05, 'consume': 0.03, 'local': 0.06}",neutral,"[0.9464478, 0.030865181, 0.022687024]",neutral
0.0,0.0,0.0,-0.85,neutral,"@wanner_fabio @MFrauchigerSVP Keine Milch ohne Fleisch.

Oder was passiert mit dem Kalb, das es braucht f√ºr deine Milch? Kompostierst du das?

Wahnsinnig, wie viel grundlegendes Wissen zu Landwirtschaft heute in unsrer Generation verloren gegangen ist.",milch fleisch passieren kalb brauchen milch kompostieren wahnsinnig grundlegend wissen landwirtschaft heute unsrer generation verlieren gehen,,,,,,,,,,,,,,,,,,,,,,,,,,,,,,,"{'Keine': 0, 'Milch': 0.06, 'ohne': 0.72, 'Fleisch': 0.21, 'Oder': 0.35, 'was': 0, 'passiert': 0.1, 'mit': 0, 'dem': 0.04, 'Kalb': 0.05, 'das': 0.05, 'es': 0, 'braucht': 0.06, 'f√ºr': 0.04, 'deine': 0.07, 'Kompostierst': 0.12, 'du': 0, 'Wahnsinnig': 0, 'wie': 0.04, 'viel': 0, 'grundlegendes': 0.04, 'Wissen': 0.05, 'zu': 0.03, 'Landwirtschaft': 0.13, 'heute': 0.04, 'in': 0.02, 'unsrer': 0, 'Generation': 0.02, 'verloren': 0.03, 'gegangen': 0, 'ist': 0}",neutral,"[0.6542693, 0.09951841, 0.24621238]",negative
50.0,75.0,71.0,0.1333333333333333,neutral,"@ZStadtfux @jacot_olivier @sbv Landwirtschaft in der CH ist nicht nur schwarz/weiss. Viele Subventionen setzen falsche Anreize, das stimmt. Aber unsere LW hat ihren sehr hohen Standard eben genau wegen der kleinen Betriebe! Die N√§he zu Tier/Land erm√∂glicht kurze Transportwege und respektvolle Haltung.",landwirtschaft ch schwarz weiss subventionen setzen falsch anreize stimmen lw hoch standard eben genau wegen klein betreiben n√§hen tier land erm√∂glichen kurze transportwege respektvolle haltung,,,,,,,,,,,,,,,,,,,,,,,,,,,,,,,"{'Landwirtschaft': 0.78, 'in': 0.23, 'der': 0.03, 'CH': 0, 'ist': 0.53, 'nicht': 1.0, 'nur': 0, 'schwarz': 0, 'weiss': 0, 'Viele': 0, 'Subventionen': 0.04, 'setzen': 0.07, 'falsche': 0.18, 'Anreize': 0.04, 'das': 0.05, 'stimmt': 0, 'Aber': 0.12, 'unsere': 0.02, 'LW': 0.02, 'hat': 0, 'ihren': 0, 'sehr': 0.04, 'hohen': 0.04, 'Standard': 0.04, 'eben': 0, 'genau': 0, 'wegen': 0.03, 'kleinen': 0.03, 'Betriebe': 0, 'Die': 0.03, 'N√§he': 0, 'zu': 0.02, 'Tier': 0, 'Land': 0.02, 'erm√∂glicht': 0.03, 'kurze': 0.03, 'Transportwege': 0.01, 'und': 0.04, 'respektvolle': 0.04, 'Haltung': 0}",positive,"[0.17151175, 0.00467813, 0.8238101]",neutral
50.0,75.0,57.0,0.0,neutral,"@fuulu_ @morvjn @_CFG_94 @WohlgensingerN @GrueneCH Also ich wohne auf dem Land und erhalte keine Subventionen üòÖ finde ich also auch ein bisschen weit hergeholt. Wie k√§men die St√§dter dann ins Naherholungsgebiet ohne Strassen ins letzte Kaff? Und Strassen baust du nicht nur f√ºr L√§ndler (Aussendienst, Landwirtschaft,...)",wohnen land erhalten subventionen finden bisschen weit herholen kommen st√§dter naherholungsgebiet strassen letzte kaff strassen bauen l√§ndler aussendienst landwirtschaft,,,,,,,,,,,,,,,,,,,,,,,,,,,,,,,"{'Also': 0, 'ich': 0.0, 'wohne': 0.01, 'auf': 0, 'dem': 0.01, 'Land': 0, 'und': 0.02, 'erhalte': 0.02, 'keine': 0, 'Subventionen': 0.01, 'finde': 0.0, 'also': 0, 'auch': 0, 'ein': 0, 'bisschen': 0, 'weit': 0.01, 'hergeholt': 0, 'Wie': 0, 'k√§men': 0.02, 'die': 0.01, 'St√§dter': 0.01, 'dann': 0.02, 'ins': 0, 'Naherholungsgebiet': 0.01, 'ohne': 0.02, 'Strassen': 0, 'letzte': 0.01, 'Kaff': 0.01, 'Und': 0.02, 'baust': 0.1, 'du': 0, 'nicht': 0, 'nur': 0, 'f√ºr': 0.08, 'L√§ndler': 0, 'Aussendienst': 0, 'Landwirtschaft': 1.0, '...': 0}",neutral,"[0.9637858, 0.012999778, 0.023214338]",neutral
100.0,100.0,86.0,0.7,neutral,"@susanne_brunner @feusl @FDP_Liberalen @Damian_Mueller_ F√ºr die Landwirtschaft wurden schon fr√ºher viele Subventionen ""investiert"", bzw viel Geld ausgegeben, trotzdem brauchte es immer mal wieder einen neuen Beitragszweig.

Gibt offenbar Dinge, f√ºr die lohnt es sich zu investieren.
@FDP_Liberalen : Forschung
SVP: Landwirtschaft",landwirtschaft schon fr√ºh subventionen investieren bzw geld ausgeben trotzdem brauchen immer mal neu beitragszweig geben offenbaren dinge lohnen investieren forschung svp landwirtschaft,,,,,,,,,,,,,,,,,,,,,,,,,,,,,,,"{'F√ºr': 0, 'die': 0.01, 'Landwirtschaft': 0.52, 'wurden': 0, 'schon': 0, 'fr√ºher': 0, 'viele': 0, 'Subventionen': 0.03, 'investiert': 0.02, 'bzw': 0.02, 'viel': 0.015, 'Geld': 0.02, 'ausgegeben': 0, 'trotzdem': 0, 'brauchte': 0.03, 'es': 0, 'immer': 0.03, 'mal': 0, 'wieder': 0, 'einen': 0.01, 'neuen': 0.01, 'Beitragszweig': 0.02, 'Gibt': 0.02, 'offenbar': 0, 'Dinge': 0.04, 'f√ºr': 0, 'lohnt': 0.035, 'sich': 0, 'zu': 0, 'investieren': 0, 'Forschung': 0.5, 'SVP': 0}",positive,"[0.41801456, 0.021559235, 0.5604262]",positive
