answer_five,answer_four,answer_seven,polarity,sentiment_gs,tweet,tweet_tokens,absa_token_weights_3412,absa_sentiment_3412,absa_scores_3412,absa_token_weights_3414,absa_sentiment_3414,absa_scores_3414,absa_token_weights_3431,absa_sentiment_3431,absa_scores_3431,absa_token_weights_3434,absa_sentiment_3434,absa_scores_3434,absa_token_weights_3436,absa_sentiment_3436,absa_scores_3436,absa_token_weights_3439,absa_sentiment_3439,absa_scores_3439,absa_token_weights_3441,absa_sentiment_3441,absa_scores_3441,absa_token_weights_3444,absa_sentiment_3444,absa_scores_3444,absa_token_weights_3450,absa_sentiment_3450,absa_scores_3450,absa_token_weights_3466,absa_sentiment_3466,absa_scores_3466,absa_token_weights_3472,absa_sentiment_3472,absa_scores_3472,absa_token_weights_3478,absa_sentiment_3478,absa_scores_3478,absa_token_weights_3479,absa_sentiment_3479,absa_scores_3479,sentiment_tb
50.0,75.0,57.0,0.0,neutral,"@EmmanuelUllmann Solange die Lohngleichheit nicht erreicht ist und die gratis Care-Arbeit, die vor allem von Frauen geleistet wird, nicht ber√ºcksichtigt wird, ist eine Erh√∂hung des Rentenalters f√ºr Frauen ein NoGo",solange lohngleichheit erreichen gratis care arbeit frauen leisten ber√ºcksichtigen erh√∂hung rentenalters frauen nogo,"{'Solange': 0, 'die': 0.39, 'Lohngleichheit': 0.075, 'nicht': 0.14, 'erreicht': 0.1, 'ist': 0.51, 'und': 0.06, 'gratis': 0.065, 'Care-Arbeit': 0.09, 'vor': 0, 'allem': 0, 'von': 0, 'Frauen': 0.1, 'geleistet': 0.06, 'wird': 0, 'ber√ºcksichtigt': 0.1175, 'eine': 0, 'Erh√∂hung': 0, 'des': 0, 'Rentenalters': 0.77, 'f√ºr': 0.07, 'ein': 0, 'NoGo': 0}",negative,"[0.064699635, 0.88643044, 0.048869867]",,,,,,,"{'Solange': 0, 'die': 0.02, 'Lohngleichheit': 0.755, 'nicht': 0.13, 'erreicht': 0.71, 'ist': 0.05, 'und': 0.42, 'gratis': 0.055, 'Care-Arbeit': 0.05500000000000001, 'vor': 0, 'allem': 0, 'von': 0, 'Frauen': 0.02, 'geleistet': 0.03, 'wird': 0, 'ber√ºcksichtigt': 0.035, 'eine': 0, 'Erh√∂hung': 0, 'des': 0, 'Rentenalters': 0.025, 'f√ºr': 0.02, 'ein': 0, 'NoGo': 0}",negative,"[0.024814814, 0.9559863, 0.019198759]",,,,,,,,,,,,,,,,,,,,,,,,,,,,neutral
50.0,75.0,57.0,0.0,neutral,"""""F√ºr die Erh√∂hung des Frauenrentenalters sind Ausgleichsmassnahmen vorgesehen."" Wie w√§r's mit Lohngleichheit? https://t.co/mZmZQ07qPE",erh√∂hung frauenrentenalters ausgleichsmassnahmen vorsehen w√§r s lohngleichheit,"{'F√ºr': 0.39, 'die': 0.47, 'Erh√∂hung': 1.0, 'des': 0, 'Frauenrentenalters': 0.72, 'sind': 0.25, 'Ausgleichsmassnahmen': 0.51, 'vorgesehen': 0, 'Wie': 0, ""w√§r's"": 0, 'mit': 0, 'Lohngleichheit': 0.16}",neutral,"[0.55073684, 0.15941598, 0.2898472]",,,,,,,"{'F√ºr': 0.03, 'die': 0.03, 'Erh√∂hung': 0.05, 'des': 0, 'Frauenrentenalters': 0.04, 'sind': 0.08, 'Ausgleichsmassnahmen': 0.1, 'vorgesehen': 0, 'Wie': 0, ""w√§r's"": 0, 'mit': 0, 'Lohngleichheit': 0.5}",neutral,"[0.566999, 0.008787943, 0.424213]",,,,,,,,,,,,,,,,,,,,,,,,,,,,neutral
50.0,75.0,57.0,0.0,neutral,"@buercher @luzian_franzini Das ist doch keine Begr√ºndung, um die Erh√∂hung des Frauenrentenalters durchzuwinken",begr√ºndung erh√∂hung frauenrentenalters durchzuwinken,"{'Das': 0.24, 'ist': 0.09, 'doch': 0, 'keine': 0, 'Begr√ºndung': 0.24, 'um': 0, 'die': 0.24, 'Erh√∂hung': 1.0, 'des': 0, 'Frauenrentenalters': 0.685, 'durchzuwinken': 0.53}",positive,"[0.17746967, 0.40713218, 0.41539818]",,,,,,,,,,,,,,,,,,,,,,,,,,,,,,,,,,,,,neutral
50.0,75.0,57.0,0.0,negative,Marianne Meyer von @BastA_BS: H√§nde weg vom Frauenrentenalter - Lohngleichheit first! https://t.co/xtxAUNShWL,marianne meyer h√§nde frauenrentenalter lohngleichheit first,"{'Marianne': 0.18, 'Meyer': 0.07, 'von': 0, 'H√§nde': 0.93, 'weg': 0, 'vom': 1.0, 'Frauenrentenalter': 0.7825, 'Lohngleichheit': 0.28500000000000003, 'first': 0.48}",positive,"[0.003977652, 0.0014081118, 0.9946142]",,,,,,,"{'Marianne': 0.08, 'Meyer': 0.04, 'von': 0, 'H√§nde': 0.49, 'weg': 0, 'vom': 0.17, 'Frauenrentenalter': 0.16, 'Lohngleichheit': 0.78, 'first': 1.0}",positive,"[0.012555385, 0.0014839881, 0.9859606]",,,,,,,,,,,,,,,,,,,,,,,,,,,,neutral
100.0,100.0,100.0,1.0,neutral,Den Kampf gegen Rentenalter 67 w√ºrden wir gewinnen! https://t.co/rKZr2wfsbT,kampf rentenalter gewinnen,"{'Den': 0.16, 'Kampf': 0, 'gegen': 1.0, 'Rentenalter': 0.505, '67': 0, 'w√ºrden': 0.18, 'wir': 0, 'gewinnen': 0.43}",positive,"[0.1479252, 0.006082852, 0.8459919]",,,,,,,,,,,,,,,,,,,,,,,,,,,,,,,,,,,,,positive
100.0,100.0,86.0,0.7,neutral,"@kasparsutter @BastA_BS @TonjaZuercher @FDP_Liberalen @SVPch Dass svp und fdp das Referendum gegen Erh√∂hung des Rentenalters f√ºr Frauen unterst√ºtzen, ist mir neu...",svp fdp referendum erh√∂hung rentenalters frauen unterst√ºtzen neu,"{'Dass': 0.09, 'svp': 0, 'und': 0.06, 'fdp': 0, 'das': 0.09, 'Referendum': 0.59, 'gegen': 0.96, 'Erh√∂hung': 0, 'des': 0, 'Rentenalters': 0.74, 'f√ºr': 0.28, 'Frauen': 0.23, 'unterst√ºtzen': 0.32, 'ist': 0.14, 'mir': 0.05, 'neu': 0.2, '...': 0}",neutral,"[0.67250466, 0.08286971, 0.24462563]",,,,,,,,,,,,,,,,,,,,,,,,,,,,,,,,,,,,,positive
100.0,100.0,100.0,1.0,neutral,@werniweb @BastA_BS @TonjaZuercher Den Kampf gegen Rentenalter 67 gewinnen wir. Davon bin ich √ºberzeugt!,kampf rentenalter gewinnen davon √ºberzeugen,"{'Den': 0.18, 'Kampf': 0, 'gegen': 1.0, 'Rentenalter': 0.505, '67': 0, 'gewinnen': 0.45, 'wir': 0, 'Davon': 0.095, 'bin': 0, 'ich': 0.06, '√ºberzeugt': 0.23}",positive,"[0.07546998, 0.004607679, 0.91992235]",,,,,,,,,,,,,,,,,,,,,,,,,,,,,,,,,,,,,positive
50.0,75.0,57.0,0.0,neutral,"RT @BastA_BS: Unsere Parolen f√ºr die Abstimmung vom 27. September.
#Begrenzungsinitiative #Jagdgesetz #Vaterschaftsurlaub #Steuerbonus #Kam‚Ä¶",parolen abstimmung september begrenzungsinitiative jagdgesetz vaterschaftsurlaub steuerbonus kommen,,,,"{'Unsere': 0.03, 'Parolen': 0.17, 'f√ºr': 0.03, 'die': 0.03, 'Abstimmung': 0, 'vom': 0.03, '27.': 0, 'September': 0.02, 'Begrenzungsinitiative': 0.07, 'Jagdgesetz': 0.22999999999999998, 'Vaterschaftsurlaub': 1.0, 'Steuerbonus': 0.145, 'Kam': 0, '‚Ä¶': 0}",positive,"[0.05960669, 0.007498182, 0.9328951]",,,,,,,,,,,,,,,,,,,,,,,,,,,,,,,,,,neutral
50.0,75.0,57.0,0.0,negative,"@tageswoche Wie viel w√ºrden wir einsparen, wenn Milit√§rdienst-Zeit z.B. halbiert w√ºrde? Geld f√ºr #Vaterschaftsurlaub w√§re vorhanden!",einsparen milit√§rdienst zeit z b halbieren geld vaterschaftsurlaub vorhanden,,,,"{'Wie': 0, 'viel': 0, 'w√ºrden': 0.19, 'wir': 0, 'einsparen': 0.05, 'wenn': 0.04, 'Milit√§rdienst-Zeit': 0.06, 'z.B.': 0, 'halbiert': 0, 'w√ºrde': 0.19, 'Geld': 0.28, 'f√ºr': 0.41, 'Vaterschaftsurlaub': 0.41, 'w√§re': 0.19, 'vorhanden': 0}",neutral,"[0.59843796, 0.06079575, 0.3407663]",,,,,,,,,,,,,,,,,,,,,,,,,,,,,,,,,,neutral
100.0,100.0,100.0,1.0,neutral,RT @papizeit: ü§£ Es fehlen nur noch 9'500 Unterschriften! Bitte teilen ‚ù§Ô∏è. https://t.co/VWrTar7F4e #Vaterschaftsurlaub #Initiative https://t‚Ä¶,fehlen unterschriften bitte teilen vaterschaftsurlaub initiative,,,,"{'ü§£': 0, 'Es': 0, 'fehlen': 0, 'nur': 0, 'noch': 0, ""9'500"": 0, 'Unterschriften': 0, 'Bitte': 0, 'teilen': 0, 'Ô∏è.': 0, 'Vaterschaftsurlaub': 0, 'Initiative': 0}",positive,"[0.0103809275, 0.0029550178, 0.98666406]",,,,,,,,,,,,,,,,,,,,,,,,,,,,,,,,,,positive
50.0,75.0,57.0,0.0,neutral,RT @nr_mayagraf: Gemeinsame F√ºrsorge von Beginn an!  #Vaterschaftsurlaub Initiative von https://t.co/iWTqJH0roI mit lanciert! https://t.co/‚Ä¶,gemeinsam f√ºrsorge beginn vaterschaftsurlaub initiative lanciert,,,,"{'Gemeinsame': 0, 'F√ºrsorge': 0.14, 'von': 0.07, 'Beginn': 0, 'an': 0, 'Vaterschaftsurlaub': 0.97, 'Initiative': 1.0, 'mit': 0.28, 'lanciert': 1.0}",positive,"[0.008765276, 0.0095639145, 0.98167086]",,,,,,,,,,,,,,,,,,,,,,,,,,,,,,,,,,neutral
100.0,100.0,100.0,0.85,neutral,"So eine Schnapsidee! 
Stimmrecht f√ºr alle, wird mit dem Argument bek√§mpft, dass die Menschen sich doch lieber einb√ºrgern sollen.
Aber die gleichen B√ºrgerlichen sind dann die Ersten, wenn es darum geht, die H√ºrden f√ºr Einb√ºrgerungen zu erh√∂hen.
https://t.co/DsVVqwkwpO",schnapsidee stimmrecht all argument bek√§mpfen menschen lieb einb√ºrgern sollen gleich b√ºrgerlich erst darum gehen h√ºrden einb√ºrgerungen erh√∂hen,,,,,,,"{'So': 0, 'eine': 0, 'Schnapsidee': 0.02, 'Stimmrecht': 0.27, 'f√ºr': 0.04, 'alle': 0.03, 'wird': 0, 'mit': 0.02, 'dem': 0.595, 'Argument': 0.03, 'bek√§mpft': 0, 'dass': 0.04, 'die': 0.19, 'Menschen': 0.04, 'sich': 0, 'doch': 0, 'lieber': 0.06, 'einb√ºrgern': 0.08, 'sollen': 0.03, 'Aber': 0.04, 'gleichen': 0.06, 'B√ºrgerlichen': 0, 'sind': 0.03, 'dann': 0, 'Ersten': 0.05, 'wenn': 0, 'es': 0.02, 'darum': 0, 'geht': 0, 'H√ºrden': 0, 'Einb√ºrgerungen': 0, 'zu': 1.0, 'erh√∂hen': 0}",neutral,"[0.7536682, 0.036505293, 0.20982645]",,,,,,,,,,,,,,,,,,,,,,,,,,,,,,,positive
100.0,100.0,100.0,1.0,neutral,"@BastA_BS freut sich √ºber Abstimmungs-Sieg bei #KaserneBS, #ErleichterteEinb√ºrgerung und nat√ºrlich √ºber das Nein zur #USRIII Yeah!!!",freuen abstimmungs sieg kasernebs erleichterteeinb√ºrgerung nat√ºrlich nein usriii yeah,,,,,,,"{'freut': 0.14500000000000002, 'sich': 0, '√ºber': 0, 'Abstimmungs-Sieg': 0.18, 'bei': 0.17, 'KaserneBS': 0, 'ErleichterteEinb√ºrgerung': 0.755, 'und': 0.24, 'nat√ºrlich': 0, 'das': 0, 'Nein': 0.07, 'zur': 0.05500000000000001, 'USRIII': 0.15, 'Yeah': 0.05}",positive,"[0.0015487614, 0.0015117191, 0.99693954]",,,,,,,,,,,,,,,,,,,,,,,,,,,,,,,positive
100.0,100.0,86.0,0.7,neutral,Rita Schiavi √ºber erleichterte Einb√ºrgerung f√ºr 2. und 3. Generation. Besuch bei Beksam @BastA_BS @GrueneBasel https://t.co/IyM9XWzUyB,rita schiavi erleichtern einb√ºrgerung generation besuch beksam,,,,,,,"{'Rita': 0.24, 'Schiavi': 0, '√ºber': 0, 'erleichterte': 0, 'Einb√ºrgerung': 1.0, 'f√ºr': 0.24, '2.': 0, 'und': 0.08, '3.': 0, 'Generation': 0.11, 'Besuch': 0.12, 'bei': 0, 'Beksam': 0.14}",positive,"[0.000988001, 0.0009853255, 0.99802667]",,,,,,,,,,,,,,,,,,,,,,,,,,,,,,,positive
50.0,75.0,57.0,0.0,neutral,"@EmmanuelUllmann Solange die Lohngleichheit nicht erreicht ist und die gratis Care-Arbeit, die vor allem von Frauen geleistet wird, nicht ber√ºcksichtigt wird, ist eine Erh√∂hung des Rentenalters f√ºr Frauen ein NoGo",solange lohngleichheit erreichen gratis care arbeit frauen leisten ber√ºcksichtigen erh√∂hung rentenalters frauen nogo,"{'Solange': 0, 'die': 0.39, 'Lohngleichheit': 0.075, 'nicht': 0.14, 'erreicht': 0.1, 'ist': 0.51, 'und': 0.06, 'gratis': 0.065, 'Care-Arbeit': 0.09, 'vor': 0, 'allem': 0, 'von': 0, 'Frauen': 0.1, 'geleistet': 0.06, 'wird': 0, 'ber√ºcksichtigt': 0.1175, 'eine': 0, 'Erh√∂hung': 0, 'des': 0, 'Rentenalters': 0.77, 'f√ºr': 0.07, 'ein': 0, 'NoGo': 0}",negative,"[0.064699635, 0.88643044, 0.048869867]",,,,,,,"{'Solange': 0, 'die': 0.02, 'Lohngleichheit': 0.755, 'nicht': 0.13, 'erreicht': 0.71, 'ist': 0.05, 'und': 0.42, 'gratis': 0.055, 'Care-Arbeit': 0.05500000000000001, 'vor': 0, 'allem': 0, 'von': 0, 'Frauen': 0.02, 'geleistet': 0.03, 'wird': 0, 'ber√ºcksichtigt': 0.035, 'eine': 0, 'Erh√∂hung': 0, 'des': 0, 'Rentenalters': 0.025, 'f√ºr': 0.02, 'ein': 0, 'NoGo': 0}",negative,"[0.024814814, 0.9559863, 0.019198759]",,,,,,,,,,,,,,,,,,,,,,,,,,,,neutral
100.0,100.0,86.0,0.7,neutral,@alliance_F der Jahresbericht 2017 wird pr√§sentiert. Wichtige Themen waren die Altersvorsorge und die Lohngleichheit - untrennbare Anliegen!,jahresbericht pr√§sentieren wichtig themen altersvorsorge lohngleichheit untrennbare anliegen,,,,,,,,,,"{'der': 0.08, 'Jahresbericht': 0.14500000000000002, '2017': 0, 'wird': 0, 'pr√§sentiert': 0, 'Wichtige': 0.16, 'Themen': 0, 'waren': 0, 'die': 0.08, 'Altersvorsorge': 0.1, 'und': 0.23, 'Lohngleichheit': 0.335, 'untrennbare': 1.0, 'Anliegen': 0}",positive,"[0.0016149569, 0.0016087728, 0.9967763]",,,,,,,,,,,,,,,,,,,,,,,,,,,,positive
50.0,75.0,57.0,0.0,neutral,RT @UniaSchweiz: ¬´Lohngleichheit jetzt!¬ª leuchtete heute Morgen fr√ºh am Bundeshaus. Denn zur Zeit diskutiert die vorberatende Kommission de‚Ä¶,lohngleichheit leuchten heute morgen fr√ºh bundeshaus zeit diskutieren vorberatende kommission de,,,,,,,,,,"{'¬´': 0, 'Lohngleichheit': 0, 'jetzt': 0, '¬ª': 0, 'leuchtete': 0, 'heute': 0, 'Morgen': 0, 'fr√ºh': 0, 'am': 0, 'Bundeshaus': 0, 'Denn': 0, 'zur': 0, 'Zeit': 0, 'diskutiert': 0, 'die': 0, 'vorberatende': 0, 'Kommission': 0, 'de': 0, '‚Ä¶': 0}",positive,"[0.18884228, 0.010706079, 0.80045164]",,,,,,,,,,,,,,,,,,,,,,,,,,,,neutral
50.0,75.0,57.0,0.0,neutral,RT @SibelArslanBS: #Lohngleichheit jetzt! Mit @KaelinIrene und @MazzoneLisa https://t.co/D3Wur8iDkI,lohngleichheit,,,,,,,,,,"{'Lohngleichheit': 0.76, 'jetzt': 0.56, 'Mit': 0.29, 'und': 0.28}",positive,"[0.0102756275, 0.0012045586, 0.98851985]",,,,,,,,,,,,,,,,,,,,,,,,,,,,neutral
50.0,75.0,57.0,0.0,neutral,"""""F√ºr die Erh√∂hung des Frauenrentenalters sind Ausgleichsmassnahmen vorgesehen."" Wie w√§r's mit Lohngleichheit? https://t.co/mZmZQ07qPE",erh√∂hung frauenrentenalters ausgleichsmassnahmen vorsehen w√§r s lohngleichheit,"{'F√ºr': 0.39, 'die': 0.47, 'Erh√∂hung': 1.0, 'des': 0, 'Frauenrentenalters': 0.72, 'sind': 0.25, 'Ausgleichsmassnahmen': 0.51, 'vorgesehen': 0, 'Wie': 0, ""w√§r's"": 0, 'mit': 0, 'Lohngleichheit': 0.16}",neutral,"[0.55073684, 0.15941598, 0.2898472]",,,,,,,"{'F√ºr': 0.03, 'die': 0.03, 'Erh√∂hung': 0.05, 'des': 0, 'Frauenrentenalters': 0.04, 'sind': 0.08, 'Ausgleichsmassnahmen': 0.1, 'vorgesehen': 0, 'Wie': 0, ""w√§r's"": 0, 'mit': 0, 'Lohngleichheit': 0.5}",neutral,"[0.566999, 0.008787943, 0.424213]",,,,,,,,,,,,,,,,,,,,,,,,,,,,neutral
50.0,75.0,57.0,0.0,neutral,"RT @RegulaBuehlmann: Der Entscheid der St√§nderatsmehrheit, Massnahmen f√ºr die #Lohngleichheit einmal mehr auf die lange Bank zu schieben, i‚Ä¶",entscheid st√§nderatsmehrheit massnahmen lohngleichheit mehr lang bank schieben i,,,,,,,,,,"{'Der': 0.19, 'Entscheid': 0.54, 'der': 0.19, 'St√§nderatsmehrheit': 0.22, 'Massnahmen': 0.18, 'f√ºr': 0.13, 'die': 0.19, 'Lohngleichheit': 0, 'einmal': 0.21, 'mehr': 0, 'auf': 0.27, 'lange': 0, 'Bank': 0, 'zu': 0.25, 'schieben': 0, 'i': 1.0, '‚Ä¶': 0}",neutral,"[0.6999284, 0.16772878, 0.13234285]",,,,,,,,,,,,,,,,,,,,,,,,,,,,neutral
50.0,75.0,57.0,0.0,neutral,RT @SibelArslanBS: Mit 25 gegen 19 Stimmen bei einer Enthaltung ist der St√§nderat auf das Gesch√§ft Gleichstellungsgesetz #Lohngleichheit ei‚Ä¶,stimmen enthaltung st√§nderat gesch√§ft gleichstellungsgesetz lohngleichheit ei,,,,,,,,,,"{'Mit': 0.05, '25': 0, 'gegen': 0.21, '19': 0, 'Stimmen': 0, 'bei': 0, 'einer': 0.05, 'Enthaltung': 0.21, 'ist': 0.3, 'der': 0.36, 'St√§nderat': 0.2925, 'auf': 0.56, 'das': 0, 'Gesch√§ft': 0, 'Gleichstellungsgesetz': 0.9575, 'Lohngleichheit': 0.95, 'ei': 0, '‚Ä¶': 0}",neutral,"[0.52000004, 0.03053649, 0.44946355]",,,,,,,,,,,,,,,,,,,,,,,,,,,,neutral
100.0,100.0,86.0,0.7,neutral,RT @SpFrauen: Bundesr√§tin Simonetta Sommaruga fordert im grossen Interview mit der ¬´Nordwestschweiz¬ª ¬´endlich¬ª Lohngleichheit... https://t.‚Ä¶,bundesr√§tin simonetta sommaruga fordern grossen interview nordwestschweiz endlich lohngleichheit,,,,,,,,,,"{'Bundesr√§tin': 0.18, 'Simonetta': 0.21, 'Sommaruga': 0.37, 'fordert': 1.0, 'im': 0, 'grossen': 0, 'Interview': 0.14, 'mit': 0.09, 'der': 0, '¬´': 0, 'Nordwestschweiz': 0, '¬ª': 0, 'endlich': 0, 'Lohngleichheit': 0, '...': 0}",neutral,"[0.94212496, 0.006786305, 0.051088687]",,,,,,,,,,,,,,,,,,,,,,,,,,,,positive
50.0,75.0,57.0,0.0,neutral,@RitchiSid Konsequente Umsetzung beinhaltet auch Lohngleichheit. Davon sind wir noch weit entfernt,konsequente umsetzung beinhalten lohngleichheit davon weit entfernen,,,,,,,,,,"{'Konsequente': 1.0, 'Umsetzung': 0.48, 'beinhaltet': 0, 'auch': 0.67, 'Lohngleichheit': 0.6699999999999999, 'Davon': 0.12, 'sind': 0.1, 'wir': 0, 'noch': 0.12, 'weit': 0, 'entfernt': 0}",positive,"[0.017671142, 0.0013104054, 0.9810184]",,,,,,,,,,,,,,,,,,,,,,,,,,,,neutral
50.0,75.0,57.0,0.0,negative,Marianne Meyer von @BastA_BS: H√§nde weg vom Frauenrentenalter - Lohngleichheit first! https://t.co/xtxAUNShWL,marianne meyer h√§nde frauenrentenalter lohngleichheit first,"{'Marianne': 0.18, 'Meyer': 0.07, 'von': 0, 'H√§nde': 0.93, 'weg': 0, 'vom': 1.0, 'Frauenrentenalter': 0.7825, 'Lohngleichheit': 0.28500000000000003, 'first': 0.48}",positive,"[0.003977652, 0.0014081118, 0.9946142]",,,,,,,"{'Marianne': 0.08, 'Meyer': 0.04, 'von': 0, 'H√§nde': 0.49, 'weg': 0, 'vom': 0.17, 'Frauenrentenalter': 0.16, 'Lohngleichheit': 0.78, 'first': 1.0}",positive,"[0.012555385, 0.0014839881, 0.9859606]",,,,,,,,,,,,,,,,,,,,,,,,,,,,neutral
0.0,0.0,14.0,-0.7,neutral,@SibelArslanBS wobei... gegen Blumen haben wir ja nichts - zus√§tzlich zur Lohngleichheit!,wobei blumen ja zus√§tzlich lohngleichheit,,,,,,,,,,"{'wobei': 0, '...': 0, 'gegen': 0.25, 'Blumen': 0, 'haben': 0.235, 'wir': 0, 'ja': 0, 'nichts': 0.28, 'zus√§tzlich': 0, 'zur': 0.35, 'Lohngleichheit': 0.645}",positive,"[0.0037434218, 0.00110751, 0.9951491]",,,,,,,,,,,,,,,,,,,,,,,,,,,,negative
50.0,75.0,57.0,0.0,negative,RT @gruenebern: ¬´Nein heisst Nein¬ª sagt Co-Pr√§sidentin @natalieimboden zu #STAFNein Steuersenkungen bedeuten Abbau des Service Public auf K‚Ä¶,nein heisst nein sagen co pr√§sidentin stafnein steuersenkungen bedeuten abbau service public k,,,,,,,,,,,,,"{'¬´': 0, 'Nein': 0, 'heisst': 0, '¬ª': 0, 'sagt': 0, 'Co-Pr√§sidentin': 0, 'zu': 0, 'STAFNein': 0, 'Steuersenkungen': 0, 'bedeuten': 0, 'Abbau': 0, 'des': 0, 'Service': 0, 'Public': 0, 'auf': 0, 'K': 0, '‚Ä¶': 0}",negative,"[0.36485925, 0.42934936, 0.20579135]",,,,,,,,,,,,,,,,,,,,,,,,,neutral
50.0,75.0,57.0,0.0,negative,RT @RaebsamenTimo: Geld f√ºr die AHV und pl√∂tzlich sind die Steuersenkungen f√ºr Unternehmen √† la USR 3 egal... https://t.co/jvHDXD7uMR,geld ahv pl√∂tzlich steuersenkungen unternehmen √† la usr egal,,,,,,,,,,,,,"{'Geld': 0.48, 'f√ºr': 0.49, 'die': 1.0, 'AHV': 0.61, 'und': 0.96, 'pl√∂tzlich': 1.0, 'sind': 0, 'Steuersenkungen': 0.6799999999999999, 'Unternehmen': 0, '√†': 0, 'la': 1.0, 'USR': 0.23, '3': 0, 'egal': 0.52, '...': 0}",neutral,"[0.63415575, 0.295248, 0.070596255]",,,,,,,,,,,,,,,,,,,,,,,,,neutral
50.0,75.0,57.0,0.0,neutral,BastA!: Nein zur masslosen Steuersenkung f√ºr Unternehmen! Einstimmiger Beschluss f√ºr Referendum gegen USR III  https://t.co/YWxpNgayCb,basta nein masslosen steuersenkung unternehmen einstimmig beschluss referendum usr iii,,,,,,,,,,,,,"{'BastA': 0, 'Nein': 0.38, 'zur': 0.63, 'masslosen': 0, 'Steuersenkung': 0.34, 'f√ºr': 0.08, 'Unternehmen': 0, 'Einstimmiger': 0.14, 'Beschluss': 0.11, 'Referendum': 0.11, 'gegen': 0.11, 'USR': 0, 'III': 0.05}",negative,"[0.004353015, 0.94586927, 0.04977773]",,,,,,,,,,,,,,,,,,,,,,,,,neutral
50.0,75.0,57.0,0.0,positive,"@PascalPfister @kimachtacht @wordpressdotcom Grunds√§tzlich gut, Detailfrage:  Steuersenkungen f√ºr alle, oder f√ºr alle, die es n√∂tig haben?",grunds√§tzlich gut detailfrage steuersenkungen all all n√∂tigen,,,,,,,,,,,,,"{'Grunds√§tzlich': 0.13, 'gut': 0, 'Detailfrage': 0, 'Steuersenkungen': 0.33499999999999996, 'f√ºr': 0.18, 'alle': 0.16, 'oder': 0.39, 'die': 0, 'es': 0, 'n√∂tig': 0, 'haben': 0}",positive,"[0.42873037, 0.010310261, 0.56095934]",,,,,,,,,,,,,,,,,,,,,,,,,neutral
50.0,75.0,57.0,0.0,negative,"SP will Steuersenkungen f√ºr alle? Im Ernst?  Wie w√§rs mit ""gezielte Entlastung f√ºr untere und mittlere Einkommen""? https://t.co/2DScj8B5rC",sp steuersenkungen all ernst w√§rs gezielt entlastung untere mittler einkommen,,,,,,,,,,,,,"{'SP': 0.12, 'will': 0, 'Steuersenkungen': 0.08499999999999999, 'f√ºr': 0.13, 'alle': 0.11, 'Im': 0, 'Ernst': 0, 'Wie': 0, 'w√§rs': 0.31, 'mit': 0, 'gezielte': 0.13, 'Entlastung': 0, 'untere': 0.06, 'und': 0.06, 'mittlere': 0.05, 'Einkommen': 0}",neutral,"[0.83449674, 0.06980618, 0.09569714]",,,,,,,,,,,,,,,,,,,,,,,,,neutral
50.0,75.0,57.0,0.0,neutral,RT @GrueneCH: NEIN zur STAF-Abbauspirale! üìâ Die neue Unternehmenssteuerreform verst√§rkt den sch√§dlichen Wettbewerb zwischen Kantonen und St‚Ä¶,nein staf abbauspirale neue unternehmenssteuerreform verst√§rken sch√§dlich wettbewerb kantonen st,,,,,,,,,,,,,,,,"{'NEIN': 0.03, 'zur': 0.22, 'STAF-Abbauspirale': 0.0475, 'Die': 0.42, 'neue': 0.06, 'Unternehmenssteuerreform': 0.10250000000000001, 'verst√§rkt': 0, 'den': 0.42, 'sch√§dlichen': 1.0, 'Wettbewerb': 0, 'zwischen': 0.22, 'Kantonen': 0.11, 'und': 0.05, 'St': 0.04, '‚Ä¶': 0}",negative,"[0.001353559, 0.9920379, 0.006608472]",,,,,,,,,,,,,,,,,,,,,,neutral
50.0,75.0,57.0,0.0,negative,#Mindestlohn Ja!!! Immerhin 21.- Fr. Mal sehen ob da noch was geht?,mindestlohn ja immerhin fr mal sehen gehen,,,,,,,,,,,,,,,,,,,"{'Mindestlohn': 0.76, 'Ja': 0, 'Immerhin': 0, '21.-': 0, 'Fr.': 0, 'Mal': 0, 'sehen': 0.08, 'ob': 0, 'da': 0, 'noch': 0.04, 'was': 0, 'geht': 0}",positive,"[0.40473905, 0.014417484, 0.5808435]",,,,,,,,,,,,,,,,,,,neutral
0.0,0.0,0.0,-1.0,negative,"Krasse Kampagne gegen #Mindestlohn in Basel. 
Irgendwie absurd: Da wird sehr viel Geld ausgeben, damit in Basel weiterhin Menschen nicht von einer Vollzeitstelle leben k√∂nnen. https://t.co/csN5khSjW8",krasse kampagne mindestlohn basel irgendwie absurd geld ausgeben basel weiterhin menschen vollzeitstelle leben,,,,,,,,,,,,,,,,,,,"{'Krasse': 0.48, 'Kampagne': 0.54, 'gegen': 0.7, 'Mindestlohn': 0.905, 'in': 0.04, 'Basel': 0.09, 'Irgendwie': 0.15, 'absurd': 0.58, 'Da': 0, 'wird': 0, 'sehr': 0, 'viel': 0.05, 'Geld': 0.12, 'ausgeben': 0, 'damit': 0.03, 'weiterhin': 0, 'Menschen': 0.06, 'nicht': 0, 'von': 0.05, 'einer': 0, 'Vollzeitstelle': 0.07500000000000001, 'leben': 0, 'k√∂nnen': 0}",negative,"[0.18967034, 0.6331193, 0.17721044]",,,,,,,,,,,,,,,,,,,negative
50.0,75.0,57.0,0.0,neutral,"RT @BastA_BS: Medienkonferenz #Mindestlohn 
‚ÄûEs sind nicht die Manager, die systemrelevant sind. Es sind die, die unsere B√ºros und Klassenz‚Ä¶",medienkonferenz mindestlohn manager systemrelevant b√ºros klassenz,,,,,,,,,,,,,,,,,,,"{'Medienkonferenz': 0.435, 'Mindestlohn': 0.62, '‚Äû': 0, 'Es': 0, 'sind': 0, 'nicht': 0, 'die': 0, 'Manager': 0, 'systemrelevant': 0, 'unsere': 0, 'B√ºros': 0, 'und': 0, 'Klassenz': 0, '‚Ä¶': 0}",neutral,"[0.9461775, 0.00960406, 0.04421841]",,,,,,,,,,,,,,,,,,,neutral
50.0,75.0,57.0,0.0,neutral,"@AGroeflin @BastA_BS Diese Behauptung wird reflexartig gebracht, wenn es um #Mindestlohn geht. Es hat sich jedoch gezeigt, dass faire L√∂hne nicht automatisch zu mehr Arbeitslosigkeit f√ºhren - im Gegenteil!",behauptung reflexartig bringen mindestlohn gehen jedoch zeigen faire l√∂hnen automatisch mehr arbeitslosigkeit fahren gegenteil,,,,,,,,,,,,,,,,,,,"{'Diese': 0.12, 'Behauptung': 0.39, 'wird': 0, 'reflexartig': 0.42, 'gebracht': 0, 'wenn': 0, 'es': 0.1, 'um': 0, 'Mindestlohn': 0.975, 'geht': 0, 'Es': 0.1, 'hat': 0, 'sich': 0, 'jedoch': 0.13, 'gezeigt': 0.12, 'dass': 0.1, 'faire': 0.05500000000000001, 'L√∂hne': 0.13, 'nicht': 0.03, 'automatisch': 0.07, 'zu': 0.07, 'mehr': 0.07, 'Arbeitslosigkeit': 0.15, 'f√ºhren': 0.065, 'im': 0, 'Gegenteil': 0}",neutral,"[0.8933043, 0.031056328, 0.075639345]",,,,,,,,,,,,,,,,,,,neutral
50.0,75.0,57.0,0.0,neutral,#MindestlohnJetzt Initiative f√ºr Basel-Stadt eingereicht! https://t.co/eNnQiVRTTn,mindestlohnjetzt initiative basel stadt einreichen,,,,,,,,,,,,,,,,,,,"{'MindestlohnJetzt': 0, 'Initiative': 0.26, 'f√ºr': 0.44, 'Basel-Stadt': 0.19, 'eingereicht': 0.88}",neutral,"[0.57740384, 0.39000365, 0.032592528]",,,,,,,,,,,,,,,,,,,neutral
50.0,75.0,57.0,0.0,neutral,"@LazyLadCH @Saskevbus Zum Beispiel mit der Initiative f√ºr einen #Mindestlohn, f√ºr die wir aktuell Unterschriften sammeln",beispiel initiative mindestlohn aktuell unterschriften sammeln,,,,,,,,,,,,,,,,,,,"{'Zum': 0.14, 'Beispiel': 0.19, 'mit': 0.09, 'der': 0.14, 'Initiative': 0.38, 'f√ºr': 0.22, 'einen': 0.55, 'Mindestlohn': 0.625, 'die': 0.14, 'wir': 0, 'aktuell': 0, 'Unterschriften': 0.5, 'sammeln': 0}",positive,"[0.43386477, 0.02510211, 0.5410331]",,,,,,,,,,,,,,,,,,,neutral
50.0,75.0,57.0,0.0,neutral,RT @UniaSchweiz: Die Unia und weitere Gewerkschaften k√∂nnen ihre Initiative f√ºr einen Mindestlohn von 23 Franken in Genf bereits nach drei‚Ä¶,unia weit gewerkschaften initiative mindestlohn franken genf bereits drei,,,,,,,,,,,,,,,,,,,"{'Die': 0, 'Unia': 0, 'und': 0.13, 'weitere': 0, 'Gewerkschaften': 0.17, 'k√∂nnen': 0, 'ihre': 0.21, 'Initiative': 0.98, 'f√ºr': 1.0, 'einen': 0.27, 'Mindestlohn': 0.7, 'von': 0, '23': 0, 'Franken': 0, 'in': 0.12, 'Genf': 0.11, 'bereits': 0, 'nach': 0.14, 'drei': 0.06, '‚Ä¶': 0}",positive,"[0.33096972, 0.022419458, 0.64661086]",,,,,,,,,,,,,,,,,,,neutral
50.0,75.0,57.0,0.0,neutral,https://t.co/J9zLtIgQpa So war das mit dem Mindestlohn aber nicht gemeint!,mindestlohn,,,,,,,,,,,,,,,,,,,"{'So': 0, 'war': 0, 'das': 0.47, 'mit': 0, 'dem': 0.15, 'Mindestlohn': 0.22499999999999998, 'aber': 0.28, 'nicht': 1.0, 'gemeint': 0.51}",negative,"[0.18810791, 0.80616057, 0.00573148]",,,,,,,,,,,,,,,,,,,neutral
50.0,75.0,71.0,0.175,neutral,"@andbhold @Renato_Beck @tageswoche @OttLukas_ Es herrscht Mangel an g√ºnstigen Wohnungen, die frei sind. Wer seine Wohnung verliert, findet kaum zahlbaren Ersatz! Deshalb K√ºndigungsschutz und Abbruchschutz ausbauen!",herrschen mangel g√ºnstig wohnungen frei wer wohnung verlieren finden kaum zahlbaren ersatz deshalb k√ºndigungsschutz abbruchschutz ausbauen,,,,,,,,,,,,,,,,,,,,,,"{'Es': 0.05, 'herrscht': 0, 'Mangel': 0, 'an': 0, 'g√ºnstigen': 0.08, 'Wohnungen': 0.1, 'die': 0, 'frei': 0, 'sind': 0.03, 'Wer': 0, 'seine': 0, 'Wohnung': 0.09, 'verliert': 0, 'findet': 0, 'kaum': 0, 'zahlbaren': 0.18, 'Ersatz': 0.09, 'Deshalb': 0.46, 'K√ºndigungsschutz': 0.5525, 'und': 0.27, 'Abbruchschutz': 0.37, 'ausbauen': 0}",positive,"[0.001648617, 0.0017328354, 0.9966185]",,,,,,,,,,,,,,,,neutral
100.0,100.0,100.0,1.0,neutral,"Andreas Appenzeller, Pr√§sident ADEV, zeigt: #Atomausstieg ist wirtschaftlich durchaus  sinnvoll. Erneuerbare Energien sind die Zukunft https://t.co/TlmZ3pA6Ab",andreas appenzeller pr√§sident adev zeigen atomausstieg wirtschaftlich durchaus sinnvoll erneuerbare energien zukunft,,,,,,,,,,,,,,,,,,,,,,,,,"{'Andreas': 0.07, 'Appenzeller': 0.09, 'Pr√§sident': 0.11, 'ADEV': 0, 'zeigt': 0, 'Atomausstieg': 0, 'ist': 0, 'wirtschaftlich': 0, 'durchaus': 0, 'sinnvoll': 0, 'Erneuerbare': 1.0, 'Energien': 0.73, 'sind': 1.0, 'die': 0.59, 'Zukunft': 0.98}",positive,"[0.0015545815, 0.0013138107, 0.9971316]",,,,,,,,,,,,,positive
100.0,100.0,86.0,0.7,neutral,RT @friedlharald: Tagung Gesellschaft im digitalen Zeitalter hat begonnen. Das wird anregend. #Digitalisierung. @GrueneBasel @grueneBL @Bas‚Ä¶,tagung gesellschaft digital zeitalter beginnen anregen digitalisierung,,,,,,,,,,,,,,,,,,,,,,,,,,,,"{'Tagung': 0, 'Gesellschaft': 0.05, 'im': 0, 'digitalen': 0.08, 'Zeitalter': 0.04, 'hat': 0, 'begonnen': 0, 'Das': 0.05, 'wird': 0, 'anregend': 0.32, 'Digitalisierung': 1.0, '‚Ä¶': 0}",positive,"[0.0046678763, 0.0015534034, 0.99377865]",,,,,,,,,,positive
50.0,75.0,57.0,0.0,neutral,RT @GrueneBasel: N√§chste Woche diskutieren wir √ºber #Digitalisierung. Jetzt hier zur Tagung anmelden: https://t.co/5Uy913pDk5 #catcontent h‚Ä¶,n√§chst woche diskutieren digitalisierung tagung anmelden catcontent h,,,,,,,,,,,,,,,,,,,,,,,,,,,,"{'N√§chste': 0.35, 'Woche': 0.28, 'diskutieren': 0, 'wir': 0, '√ºber': 0, 'Digitalisierung': 0, 'Jetzt': 0.3, 'hier': 0, 'zur': 0.17, 'Tagung': 0, 'anmelden': 0, 'catcontent': 0.16, 'h': 0.06, '‚Ä¶': 0}",neutral,"[0.8293256, 0.0042125643, 0.1664618]",,,,,,,,,,neutral
50.0,75.0,57.0,0.0,neutral,RT @GrueneCH: Digitalisierung als weites Feld - die Gr√ºnen haben mit @anderageru Antworten gesucht. #Gr√ºneDebatte17 https://t.co/MVFQ60w43p,digitalisierung weit feld gr√ºn antworten suchen gr√ºnedebatte17,,,,,,,,,,,,,,,,,,,,,,,,,,,,"{'Digitalisierung': 0, 'als': 0.56, 'weites': 0, 'Feld': 0.14, 'die': 0.07, 'Gr√ºnen': 0.12, 'haben': 0, 'mit': 0, 'Antworten': 0, 'gesucht': 0.53, 'Gr√ºneDebatte17': 0}",neutral,"[0.87462795, 0.015082692, 0.11028939]",,,,,,,,,,neutral
50.0,75.0,57.0,0.0,neutral,RT @roman_gugger: #Digitalisierung bei #GrueneDebatte17 der @GrueneCH https://t.co/0hptZLZ1WF,digitalisierung gruenedebatte17,,,,,,,,,,,,,,,,,,,,,,,,,,,,"{'Digitalisierung': 1.0, 'bei': 0.3, 'GrueneDebatte17': 0.42, 'der': 0}",positive,"[0.4401988, 0.0070477305, 0.5527535]",,,,,,,,,,neutral
50.0,75.0,57.0,0.0,positive,@PascalPfister #Entwicklungshilfe,entwicklungshilfe,,,,,,,,,,,,,,,,,,,,,,,,,,,,,,,{'Entwicklungshilfe': 0.6599999999999999},positive,"[0.00578402, 0.0024221097, 0.9917938]",,,,,,,neutral
50.0,75.0,57.0,0.0,neutral,"@aninaineichen @kleisli BS zahlt 20 Mio j√§hrlich, damit BL die Steuern nicht erh√∂hen muss #EntwicklungshilfeBL",bs zahlen mio j√§hrlich bl steuern erh√∂hen entwicklungshilfebl,,,,,,,,,,,,,,,,,,,,,,,,,,,,,,,"{'BS': 0.12, 'zahlt': 0.09, '20': 0, 'Mio': 0, 'j√§hrlich': 0, 'damit': 0.06, 'BL': 0.1, 'die': 0, 'Steuern': 0, 'nicht': 0, 'erh√∂hen': 0, 'muss': 0.06, 'EntwicklungshilfeBL': 0.1}",neutral,"[0.40897503, 0.386634, 0.20439103]",,,,,,,neutral
50.0,75.0,57.0,0.0,neutral,"RT @grabmacherjoggi: Heute, vor 122 Jahre, kam Basels √ñffentlicher Verkehr in der Moderne an     #baslerverkehrsbetriebe  #dr√§mmli https://‚Ä¶",heute jahre kommen basels √∂ffentlich verkehr modern baslerverkehrsbetriebe dr√§mmli,,,,,,,,,,,,,,,,,,,,,,,,,,,,,,,,,,"{'Heute': 0.11, 'vor': 0, '122': 0, 'Jahre': 0.06, 'kam': 1.0, 'Basels': 0.06, '√ñffentlicher': 0.08, 'Verkehr': 0, 'in': 0.09, 'der': 0.05, 'Moderne': 0.08, 'an': 0, 'baslerverkehrsbetriebe': 0.63, 'dr√§mmli': 0}",neutral,"[0.7292343, 0.08900528, 0.18176049]",,,,neutral
50.0,75.0,57.0,0.0,neutral,BastA!: Der √∂ffentliche Verkehr muss √∂ffentlich bleiben https://t.co/VNBzGqXHrp,basta √∂ffentlich verkehr √∂ffentlich bleiben,,,,,,,,,,,,,,,,,,,,,,,,,,,,,,,,,,"{'BastA': 0, 'Der': 0, '√∂ffentliche': 0.66, 'Verkehr': 0, 'muss': 0, '√∂ffentlich': 0, 'bleiben': 1.0}",positive,"[0.20306186, 0.03587448, 0.76106364]",,,,neutral
50.0,75.0,57.0,0.0,neutral,"Das Gleiche gibt es am 30.3. auch auf Deutsch: Webinar der FachFrauen Umwelt zusammen mit den VKMB ""Wie geht pestizidfreie Landwirtschaft"" https://t.co/gPASzMdLcJ https://t.co/bcKdFlxAh6",gleich geben deutschen webinar fachfrauen umwelt zusammen vkmb gehen pestizidfreie landwirtschaft,,,,,,,,,,,,,,,,,,,,,,,,,,,,,,,,,,,,,"{'Das': 0.05, 'Gleiche': 0.01, 'gibt': 0, 'es': 0, 'am': 0, '30.3.': 0, 'auch': 0.01, 'auf': 0.01, 'Deutsch': 0, 'Webinar': 0.06, 'der': 0.05, 'FachFrauen': 0, 'Umwelt': 0, 'zusammen': 0.03, 'mit': 0.03, 'den': 0.05, 'VKMB': 0.1, 'Wie': 0, 'geht': 0, 'pestizidfreie': 0, 'Landwirtschaft': 1.0}",neutral,"[0.845753, 0.017779052, 0.1364679]",neutral
50.0,75.0,57.0,0.0,neutral,"RT @greenpeacebasel: Es braucht eine krisenfeste, resiliente Landwirtschaft. Eine Landwirtschaft in den H√§nden von B√§uerinnen und Bauern, d‚Ä¶",brauchen krisenfest resiliente landwirtschaft landwirtschaft h√§nden b√§uerinnen bauern d,,,,,,,,,,,,,,,,,,,,,,,,,,,,,,,,,,,,,"{'Es': 0.2, 'braucht': 0, 'eine': 0, 'krisenfeste': 0, 'resiliente': 0.2, 'Landwirtschaft': 0.68, 'Eine': 0, 'in': 1.0, 'den': 0.28, 'H√§nden': 1.0, 'von': 0, 'B√§uerinnen': 0, 'und': 0, 'Bauern': 0.23, 'd': 0.15, '‚Ä¶': 0}",positive,"[0.046417806, 0.009050839, 0.9445314]",neutral
0.0,0.0,0.0,-1.0,neutral,19.5.2018 Basel. An den March against Syngenta! Eine andere Welt ist m√∂glich. Eine andere Landwirtschaft ist n√∂tig! https://t.co/vyCUtKeVLB,basel march against syngenta welt m√∂glich landwirtschaft n√∂tigen,,,,,,,,,,,,,,,,,,,,,,,,,,,,,,,,,,,,,"{'19.5.2018': 0, 'Basel': 0.32, 'An': 0, 'den': 0.12, 'March': 0.17, 'against': 0.16, 'Syngenta': 0.4, 'Eine': 0, 'andere': 0, 'Welt': 0.58, 'ist': 0.37, 'm√∂glich': 0.19, 'Landwirtschaft': 1.0, 'n√∂tig': 0}",positive,"[0.011979904, 0.004271082, 0.98374903]",negative
0.0,0.0,0.0,-1.0,negative,RT @nr_mayagraf: Welch unverantwortlicher Entscheid des #Bundesrates #Agroscope kaputt zu sparen. F√ºr eine √∂kolgische Landwirtschaft u die‚Ä¶,welch unverantwortlich entscheid bundesrates agroscope kaputt sparen √∂kolgische landwirtschaft u,,,,,,,,,,,,,,,,,,,,,,,,,,,,,,,,,,,,,"{'Welch': 0, 'unverantwortlicher': 0.38, 'Entscheid': 0.2, 'des': 0, 'Bundesrates': 0, 'Agroscope': 0.24, 'kaputt': 0.3, 'zu': 0.13, 'sparen': 0.55, 'F√ºr': 1.0, 'eine': 0, '√∂kolgische': 0.76, 'Landwirtschaft': 0.71, 'u': 0, 'die': 0.29, '‚Ä¶': 0}",positive,"[0.1348196, 0.05937219, 0.80580825]",negative
