answer_five,answer_four,answer_seven,polarity,sentiment_gs,tweet,tweet_tokens,absa_token_weights_3421,absa_sentiment_3421,absa_scores_3421,absa_token_weights_3434,absa_sentiment_3434,absa_scores_3434,absa_token_weights_3436,absa_sentiment_3436,absa_scores_3436,absa_token_weights_3450,absa_sentiment_3450,absa_scores_3450,absa_token_weights_3467,absa_sentiment_3467,absa_scores_3467,absa_token_weights_3478,absa_sentiment_3478,absa_scores_3478,absa_token_weights_3479,absa_sentiment_3479,absa_scores_3479,sentiment_tb
50.0,75.0,57.0,0.0,neutral,RT @natalieimboden: #Pr√§mienschock 2016 bei Krankenkassenpr√§mien in Sicht! #Pr√§mienverbilligungen http://t.co/BRrWRnQQcM @gruenebern http:/‚Ä¶,pr√§mienschock krankenkassenpr√§mien sicht pr√§mienverbilligungen http,"{'Pr√§mienschock': 0.295, '2016': 0, 'bei': 0, 'Krankenkassenpr√§mien': 0.09, 'in': 0.07, 'Sicht': 0, 'Pr√§mienverbilligungen': 0.67, 'http': 1.0, ':/': 0, '‚Ä¶': 0}",positive,"[0.026214933, 0.0043918565, 0.9693932]",,,,,,,,,,,,,,,,,,,neutral
100.0,100.0,100.0,1.0,negative,RT @gruenebern: Delegation @GrueneCH @gruenebern ist startklar f√ºr Demo #Lohngleichheit. Wir sind viele - wir sind w√ºtend! #enough18 https:‚Ä¶,delegation startklar demo lohngleichheit w√ºten enough18 https,,,,"{'Delegation': 0.15, 'ist': 0.1, 'startklar': 0.15, 'f√ºr': 0.25, 'Demo': 1.0, 'Lohngleichheit': 0.675, 'Wir': 0.06, 'sind': 0.06, 'viele': 0, 'wir': 0, 'w√ºtend': 0, 'enough18': 0.24, 'https': 0.24, '‚Ä¶': 0}",positive,"[0.19192968, 0.01199991, 0.7960704]",,,,,,,,,,,,,,,,positive
50.0,75.0,57.0,0.0,neutral,Auch die @GrueneKoeniz sammeln gegen Steuersenkungen f√ºr Grosskonzerne und Sozialabbau @GrueneKoeniz https://t.co/u2KJFLnnbk,sammeln steuersenkungen grosskonzerne sozialabbau,,,,,,,"{'Auch': 0.26, 'die': 0, 'sammeln': 1.0, 'gegen': 1.0, 'Steuersenkungen': 0.22499999999999998, 'f√ºr': 0.24, 'Grosskonzerne': 0, 'und': 0.08, 'Sozialabbau': 0.1}",neutral,"[0.87604207, 0.036927603, 0.08703038]",,,,,,,,,,,,,neutral
50.0,75.0,57.0,0.0,negative,RT @gruenebern: SP und Gr√ºne ergreifen Referendum gegen Steuersenkungen https://t.co/HgFuEACxPm,sp gr√ºne ergreifen referendum steuersenkungen,,,,,,,"{'SP': 0.04, 'und': 0.1, 'Gr√ºne': 0, 'ergreifen': 0, 'Referendum': 1.0, 'gegen': 1.0, 'Steuersenkungen': 0.33499999999999996}",neutral,"[0.88083535, 0.008785986, 0.11037866]",,,,,,,,,,,,,neutral
50.0,75.0,57.0,0.0,neutral,RT @gruenebern: Der Countdown l√§uft! Jetzt auf erneuerbare Energien umschalten! https://t.co/jBXiJ5cWjK,countdown laufen erneuerbare energien umschalten,,,,,,,,,,"{'Der': 0.22, 'Countdown': 0.32, 'l√§uft': 0.38, 'Jetzt': 0.78, 'auf': 0, 'erneuerbare': 0.73, 'Energien': 0.46, 'umschalten': 1.0}",positive,"[0.022494342, 0.0026407754, 0.9748649]",,,,,,,,,,neutral
100.0,100.0,86.0,0.7,neutral,RT @swissolar_d: Das  Berner #Energiegesetz f√∂rdert erneuerbare Energien und reduziert unsere  Abh√§ngigkeit vom Ausland. Bernerinnen und Be‚Ä¶,berner energiegesetz f√∂rdern erneuerbare energien reduzieren abh√§ngigkeit ausland bernerinnen be,,,,,,,,,,"{'Das': 0.13, 'Berner': 0, 'Energiegesetz': 0.375, 'f√∂rdert': 1.0, 'erneuerbare': 1.0, 'Energien': 0.24, 'und': 0.21, 'reduziert': 0, 'unsere': 0.1, 'Abh√§ngigkeit': 0, 'vom': 0.13, 'Ausland': 0, 'Bernerinnen': 0.08, 'Be': 0, '‚Ä¶': 0}",positive,"[0.0015619018, 0.0014955669, 0.99694246]",,,,,,,,,,positive
50.0,75.0,57.0,0.0,neutral,RT @AEE_SUISSE: Schweizer Wirtschaft profitiert von erneuerbaren Energien und von energieeffizientem Bauen. Bundesamt f√ºr Statistik best√§ti‚Ä¶,schweizer wirtschaft profitieren erneuerbaren energien energieeffizientem bauen bundesamt statistik best√§ti,,,,,,,,,,"{'Schweizer': 0.09, 'Wirtschaft': 0, 'profitiert': 0.16, 'von': 0.18, 'erneuerbaren': 1.0, 'Energien': 1.0, 'und': 0.34, 'energieeffizientem': 0.17, 'Bauen': 0, 'Bundesamt': 0.07, 'f√ºr': 0, 'Statistik': 0, 'best√§ti': 0, '‚Ä¶': 0}",positive,"[0.0010281686, 0.0011333295, 0.99783856]",,,,,,,,,,neutral
50.0,75.0,57.0,0.0,neutral,"RT @gruenebern: Good Green News zum Jahresende! üåé üåç üå±: Forschung üß™ @unibern im Bereich Klimaschutz, nachhaltige Entwicklung, Umweltschutz,‚Ä¶",good green news jahresende forschung bereich klimaschutz nachhaltig entwicklung umweltschutz,,,,,,,,,,,,,"{'Good': 0.05, 'Green': 0.05, 'News': 0.07, 'zum': 0.15, 'Jahresende': 0.105, 'Forschung': 0.47, 'üß™': 0, 'im': 0, 'Bereich': 0, 'Klimaschutz': 0, 'nachhaltige': 0, 'Entwicklung': 0, 'Umweltschutz': 0, '‚Ä¶': 0}",positive,"[0.0018883677, 0.0010776189, 0.99703395]",,,,,,,neutral
50.0,75.0,57.0,0.0,neutral,"RT @verkehrsclub: Dr. med. Peter K√§lin, Pr√§sident √Ñrztinnen und √Ñrzte f√ºr Umweltschutz.
 üí•Jetzt Petition unterschreiben: https://t.co/6W3lp‚Ä¶",dr med peter k√§lin pr√§sident √§rztinnen √§rzte umweltschutz petition unterschreiben,,,,,,,,,,,,,"{'Dr.': 0, 'med': 0, 'Peter': 0.11, 'K√§lin': 0, 'Pr√§sident': 0.13, '√Ñrztinnen': 0.06, 'und': 0, '√Ñrzte': 0.06, 'f√ºr': 0.13, 'Umweltschutz': 0.08499999999999999, 'Jetzt': 0.9, 'Petition': 1.0, 'unterschreiben': 0.8}",positive,"[0.09211771, 0.0069994084, 0.9008829]",,,,,,,neutral
50.0,75.0,57.0,0.0,neutral,"(Fast) null Umweltschutz, null Sozialstaat, null √ñffnung - #SVP nominiert unw√§hlbare f√ºr Kollegialbeh√∂rden @Vimentis https://t.co/friIV5kADm",fast nullen umweltschutz nullen sozialstaat nullen √∂ffnung svp nominieren unw√§hlbare kollegialbeh√∂rden,,,,,,,,,,,,,"{'Fast': 0, 'null': 0, 'Umweltschutz': 0.5599999999999999, 'Sozialstaat': 0.05, '√ñffnung': 0, 'SVP': 0, 'nominiert': 0, 'unw√§hlbare': 0.11, 'f√ºr': 0.06, 'Kollegialbeh√∂rden': 0.06}",negative,"[0.0013698861, 0.98874646, 0.0098836925]",,,,,,,neutral
100.0,100.0,86.0,0.7,neutral,"RT @gruenebern: Landschaft sch√ºtzen, √ñffentlichen Verkehr st√§rken. DV Gr√ºne Kanton Bern unterst√ºtzen einstimmig das #Tram Bern-Ostermundige‚Ä¶",landschaft sch√ºtzen √∂ffentlich verkehr st√§rken dv gr√ºne kanton bern unterst√ºtzen einstimmig tram bern ostermundige,,,,,,,,,,,,,,,,"{'Landschaft': 0.2, 'sch√ºtzen': 0, '√ñffentlichen': 0.21, 'Verkehr': 0, 'st√§rken': 0, 'DV': 0.48, 'Gr√ºne': 0.23, 'Kanton': 0.24, 'Bern': 0.2, 'unterst√ºtzen': 1.0, 'einstimmig': 0.96, 'das': 0, 'Tram': 0.57, 'Bern-Ostermundige': 0, '‚Ä¶': 0}",positive,"[0.2964377, 0.27119723, 0.4323651]",,,,positive
100.0,100.0,86.0,0.7,neutral,"RT @Kilian_Baumann: Sich an die Folgen des Klimawandels anzupassen ist wichtig, gerade f√ºr die Landwirtschaft. Doch die Ursachen bek√§mpfen‚Ä¶",folgen klimawandels anpassen wichtig gerade landwirtschaft ursachen bek√§mpfen,,,,,,,,,,,,,,,,,,,"{'Sich': 0, 'an': 0, 'die': 0.02, 'Folgen': 0, 'des': 0, 'Klimawandels': 0.065, 'anzupassen': 0, 'ist': 0.11, 'wichtig': 0.16, 'gerade': 0, 'f√ºr': 0.07, 'Landwirtschaft': 0.19, 'Doch': 0.1, 'Ursachen': 0.04, 'bek√§mpfen': 0.12, '‚Ä¶': 0}",positive,"[0.030090667, 0.0039880252, 0.9659213]",positive
