answer_five,answer_four,answer_seven,polarity,sentiment_gs,tweet,tweet_tokens,absa_token_weights_3389,absa_sentiment_3389,absa_scores_3389,absa_token_weights_3414,absa_sentiment_3414,absa_scores_3414,absa_token_weights_3417,absa_sentiment_3417,absa_scores_3417,absa_token_weights_3419,absa_sentiment_3419,absa_scores_3419,absa_token_weights_3431,absa_sentiment_3431,absa_scores_3431,absa_token_weights_3466,absa_sentiment_3466,absa_scores_3466,absa_token_weights_3475,absa_sentiment_3475,absa_scores_3475,absa_token_weights_3477,absa_sentiment_3477,absa_scores_3477,sentiment_tb
75.0,75.0,86.0,0.4666666666666666,neutral,"Genau, @raphaelabirrer: Zwei Wochen sind zu wenig! ""Zwei Wochen Auszeit f√ºr V√§ter muten nur symbolisch an. Zwei Wochen werden weder die M√ºtter nachhaltig entlasten noch die langfristige Kinderbetreuungszeit der V√§ter erh√∂hen."" @papizeit https://t.co/dv4cPbZXq4 via @tagesanzeiger",genau zwei wochen wenig zwei wochen auszeit v√§ter muten symbolisch zwei wochen weder m√ºtter nachhaltig entlasten langfristig kinderbetreuungszeit v√§ter erh√∂hen via,"{'Genau': 0, 'Zwei': 0.04, 'Wochen': 0.04, 'sind': 0.47, 'zu': 0, 'wenig': 0, 'Auszeit': 0.02, 'f√ºr': 0.02, 'V√§ter': 0.02, 'muten': 0, 'nur': 0.08, 'symbolisch': 0.06, 'an': 0, 'werden': 0.07, 'weder': 0.05, 'die': 0.02, 'M√ºtter': 0.02, 'nachhaltig': 0, 'entlasten': 0, 'noch': 0, 'langfristige': 0.025, 'Kinderbetreuungszeit': 0.060000000000000005, 'der': 0.02, 'erh√∂hen': 0, 'via': 0.06}",negative,"[0.037150513, 0.9247852, 0.03806428]",,,,,,,,,,,,,,,,,,,,,,positive
100.0,100.0,100.0,1.0,positive,"RT @inahed: Wow, Tolles Programm beim @denkfest. ich hab mich angemeldet. Thematisch passende Kinderbetreuung gibts auch :-) https://t.co/a‚Ä¶",wow toll programm beim anmelden thematisch passend kinderbetreuung gibts,"{'Wow': 0.1, 'Tolles': 0.16, 'Programm': 0.08, 'beim': 0.05, 'ich': 0.06, 'hab': 0, 'mich': 0, 'angemeldet': 0, 'Thematisch': 0.81, 'passende': 0, 'Kinderbetreuung': 1.0, 'gibts': 0, 'auch': 0.13}",positive,"[0.0016783769, 0.0012277354, 0.9970939]",,,,,,,,,,,,,,,,,,,,,,positive
50.0,75.0,57.0,0.0,negative,RT @maennerch: üéâ Die Schweiz hat klar und deutlich entschieden: Der #Vaterschaftsurlaub ist Tatsache. Wir sind nicht mehr europ√§isches Schl‚Ä¶,schweiz klaren deutlich entscheiden vaterschaftsurlaub tatsache mehr europ√§isch schl,,,,"{'Die': 0.09, 'Schweiz': 0.1, 'hat': 0, 'klar': 0.09, 'und': 0, 'deutlich': 0.09, 'entschieden': 0, 'Der': 0.09, 'Vaterschaftsurlaub': 0.56, 'ist': 0.34, 'Tatsache': 0.57, 'Wir': 0.11, 'sind': 0.06, 'nicht': 0, 'mehr': 0, 'europ√§isches': 0.09, 'Schl': 0.11, '‚Ä¶': 0}",neutral,"[0.60261005, 0.07107538, 0.3263145]",,,,,,,,,,,,,,,,,,,neutral
100.0,100.0,100.0,1.0,neutral,RT @maennerch: Patti Basler sagt es: Die 10 Tage #Vaterschaftsurlaub sind ein guter Anfang in Richtung #Gleichstellung und fortschrittliche‚Ä¶,patti basler sagen tage vaterschaftsurlaub gut anfang richtung gleichstellung fortschrittliche,,,,"{'Patti': 0.11, 'Basler': 0.12, 'sagt': 0.11, 'es': 0, 'Die': 0.27, 'Tage': 0.25, 'Vaterschaftsurlaub': 0.71, 'sind': 0.27, 'ein': 0, 'guter': 0, 'Anfang': 0, 'in': 0, 'Richtung': 0, 'Gleichstellung': 0.11, 'und': 0.09, 'fortschrittliche': 0.11, '‚Ä¶': 0}",positive,"[0.0045070117, 0.0025971197, 0.9928959]",,,,,,,,,,,,,,,,,,,positive
50.0,75.0,57.0,0.0,neutral,"RT @maennerch: Nur noch eine Woche bis zur Abstimmung!

Mach es wie CRIMER und stimme JA zum #Vaterschaftsurlaub (Vorlage 4). alliance F un‚Ä¶",woche abstimmung mach crimer stimme ja vaterschaftsurlaub vorlage alliance f un,,,,"{'Nur': 0, 'noch': 0, 'eine': 0, 'Woche': 0.05, 'bis': 0.05, 'zur': 0.225, 'Abstimmung': 0, 'Mach': 0, 'es': 0, 'wie': 0, 'CRIMER': 0.14, 'und': 0.07, 'stimme': 0, 'JA': 0.07, 'zum': 0.225, 'Vaterschaftsurlaub': 0.7, 'Vorlage': 0.19, 'alliance': 0.1, 'F': 0.11, 'un': 0.03, '‚Ä¶': 0}",positive,"[0.008133133, 0.0034508354, 0.9884161]",,,,,,,,,,,,,,,,,,,neutral
100.0,100.0,100.0,1.0,neutral,"Jetzt den Schlussspurt durchziehen - f√ºr ein klares Zeichen, dass es nach dem JA zum #Vaterschaftsurlaub progressiv weitergehen MUSS. @papizeit https://t.co/uaogJzt1Fz",schlussspurt durchziehen klar zeichen ja vaterschaftsurlaub progressiv weitergehen,,,,"{'Jetzt': 0.04, 'den': 0.05, 'Schlussspurt': 0.08499999999999999, 'durchziehen': 0, 'f√ºr': 0.04, 'ein': 0, 'klares': 0.06, 'Zeichen': 0.17, 'dass': 0.13, 'es': 0, 'nach': 0.19, 'dem': 0.26, 'JA': 0, 'zum': 0.26, 'Vaterschaftsurlaub': 0.54, 'progressiv': 0, 'weitergehen': 0, 'MUSS': 0.47}",positive,"[0.44731593, 0.094694056, 0.45799005]",,,,,,,,,,,,,,,,,,,positive
100.0,100.0,86.0,0.7,positive,"@IKEA_CH (danke!!) liefert die Anleitung - so einfach war die Umsetzung noch nie!
‚û°Ô∏è Am 27. September: JA zum #Vaterschaftsurlaub. https://t.co/nSiQkhOb2Z",danke liefern anleitung einfach umsetzung nie september ja vaterschaftsurlaub,,,,"{'danke': 0.05, 'liefert': 0, 'die': 0.06, 'Anleitung': 0, 'so': 0.05, 'einfach': 0, 'war': 0, 'Umsetzung': 0.1, 'noch': 0, 'nie': 0, 'Ô∏è': 0, 'Am': 0, '27.': 0, 'September': 0, 'JA': 0, 'zum': 0, 'Vaterschaftsurlaub': 0}",positive,"[0.0017257117, 0.0011292207, 0.9971451]",,,,,,,,,,,,,,,,,,,positive
100.0,100.0,100.0,1.0,neutral,RT @maennerch: üë¥Viele Grossv√§ter h√§tten gerne einen #Vaterschaftsurlaub gehabt. Deshalb wissen sie: ¬´Fr√ºher war nicht alles besser.¬ª Und m√∂‚Ä¶,grossv√§ter gerne vaterschaftsurlaub deshalb wissen fr√ºh gut m√∂,,,,"{'Viele': 0, 'Grossv√§ter': 0.2, 'h√§tten': 0.14, 'gerne': 0, 'einen': 0.93, 'Vaterschaftsurlaub': 0.9, 'gehabt': 0.4, 'Deshalb': 0, 'wissen': 0.08, 'sie': 0, '¬´': 0, 'Fr√ºher': 0, 'war': 0, 'nicht': 0, 'alles': 0, 'besser': 0, '¬ª': 0, 'Und': 0, 'm√∂': 0, '‚Ä¶': 0}",positive,"[0.004597683, 0.0020620965, 0.9933402]",,,,,,,,,,,,,,,,,,,positive
50.0,75.0,57.0,0.0,neutral,"¬´Es w√§re schon lange an der Zeit ‚Äì das ist f√ºr mich die Botschaft¬ª, so das Urteil von Umfrageleiter @LucasLeemann. Genau! Es ist Zeit f√ºr diesen ersten Schritt. Am 27. September: JA zum Vaterschaftsurlaub. @maennerch https://t.co/o71UxF24UV",schon lang zeit botschaft urteil umfrageleiter genau zeit erst schritt september ja vaterschaftsurlaub,,,,"{'¬´': 0, 'Es': 0, 'w√§re': 0, 'schon': 0, 'lange': 0, 'an': 0, 'der': 0, 'Zeit': 0, '‚Äì': 0, 'das': 0, 'ist': 0, 'f√ºr': 0, 'mich': 0, 'die': 0, 'Botschaft': 0, '¬ª': 0, 'so': 0, 'Urteil': 0, 'von': 0, 'Umfrageleiter': 0, 'Genau': 0, 'diesen': 0, 'ersten': 0, 'Schritt': 0, 'Am': 0, '27.': 0, 'September': 0, 'JA': 0, 'zum': 0, 'Vaterschaftsurlaub': 0}",positive,"[0.062351093, 0.0025506252, 0.9350983]",,,,,,,,,,,,,,,,,,,neutral
50.0,75.0,57.0,0.0,neutral,"""Genau deshalb, weil es sich nicht alle Firmen leisten k√∂nnen, muss der Vaterschaftsurlaub kollektiv finanziert werden."" Unternehmer @hannesgassert mit einem der vielen Argumente daf√ºr, weshalb es Zeit ist f√ºr diesen ersten Schritt. @maennerch @papizeit https://t.co/7AF1pDmVwS",genau deshalb all firmen leisten vaterschaftsurlaub kollektiv finanzieren unternehmer argumente daf√ºr weshalb zeit erst schritt,,,,"{'Genau': 0, 'deshalb': 0, 'weil': 0.52, 'es': 0, 'sich': 0, 'nicht': 0.15, 'alle': 0, 'Firmen': 0.14, 'leisten': 0.1, 'k√∂nnen': 0.05, 'muss': 0.02, 'der': 0.05, 'Vaterschaftsurlaub': 0.265, 'kollektiv': 0, 'finanziert': 0.15, 'werden': 0, 'Unternehmer': 0, 'mit': 0.08, 'einem': 0.05, 'vielen': 0.08, 'Argumente': 0, 'daf√ºr': 0, 'weshalb': 0, 'Zeit': 0.03, 'ist': 0, 'f√ºr': 0, 'diesen': 0, 'ersten': 0.03, 'Schritt': 0.05}",neutral,"[0.41460308, 0.30975863, 0.27563834]",,,,,,,,,,,,,,,,,,,neutral
50.0,75.0,57.0,0.0,neutral,"RT @guelshaaa: Es geht um zwei Wochen! ES GEHT UM ZWEI WOCHEN VATERSCHAFTSURLAUB! Wie kann nur ein einziger Mensch dagegen sein? 
Drei Woch‚Ä¶",gehen zwei wochen gehen zwei wochen vaterschaftsurlaub einzig mensch dagegen drei woch,,,,"{'Es': 0, 'geht': 0, 'um': 1.0, 'zwei': 0.45, 'Wochen': 0.1, 'ES': 0, 'GEHT': 0, 'UM': 1.0, 'ZWEI': 0.45, 'WOCHEN': 0.1, 'VATERSCHAFTSURLAUB': 0.7, 'Wie': 0, 'kann': 0.36, 'nur': 0, 'ein': 0.11, 'einziger': 0.11, 'Mensch': 0, 'dagegen': 0, 'sein': 0, 'Drei': 0.06, 'Woch': 0, '‚Ä¶': 0}",neutral,"[0.7877242, 0.1001259, 0.11214986]",,,,,,,,,,,,,,,,,,,neutral
100.0,100.0,86.0,0.7,neutral,"Seit gestern umso wichtiger: ""Vaterschaftsurlaub oder Elternzeit sind wichtig f√ºr die Gleichstellung. Diese ist in der Schweiz noch lange nicht erreicht. Wir wollen nicht l√§nger vertr√∂stet werden."" Danke, @minlimarti! @spzuerich https://t.co/g9IoKwQdKQ",seit gestern umso wichtig vaterschaftsurlaub elternzeit wichtig gleichstellung schweiz lang erreichen lang vertr√∂sten danke,,,,"{'Seit': 0.08, 'gestern': 0.11, 'umso': 0.0575, 'wichtiger': 0.445, 'Vaterschaftsurlaub': 0.745, 'oder': 1.0, 'Elternzeit': 0.635, 'sind': 0.5, 'wichtig': 0.84, 'f√ºr': 0.15, 'die': 0.06, 'Gleichstellung': 0.25, 'Diese': 0.07, 'ist': 0, 'in': 0.04, 'der': 0.06, 'Schweiz': 0.04, 'noch': 0, 'lange': 0, 'nicht': 0.07, 'erreicht': 0.06, 'Wir': 0.05, 'wollen': 0.03, 'l√§nger': 0.05, 'vertr√∂stet': 0, 'werden': 0, 'Danke': 0.09}",positive,"[0.05591311, 0.0107613625, 0.9333256]",,,,,,,,,,,,,,,,,,,positive
50.0,75.0,57.0,0.0,neutral,Heute im Nationalrat: Eine der letzten Gelegenheiten der Legislatur f√ºr eine halbwegs fortschrittliche L√∂sung. 4 Wochen Vaterschaftsurlaub sind das gleichstellungspolitische Minimum. Es braucht ein JA zur Initiative f√ºr einen #Vaterschaftsurlaub. @papizeit @maennerch @spschweiz,heute nationalrat letzt gelegenheiten legislatur halbwegs fortschrittliche l√∂sung wochen vaterschaftsurlaub gleichstellungspolitische minimum brauchen ja initiative vaterschaftsurlaub,,,,"{'Heute': 0.03, 'im': 0, 'Nationalrat': 0.03, 'Eine': 0.02, 'der': 0.07, 'letzten': 0.03, 'Gelegenheiten': 0.03, 'Legislatur': 0.03, 'f√ºr': 0.16, 'eine': 0.02, 'halbwegs': 0.02, 'fortschrittliche': 0.05, 'L√∂sung': 0.03, 'Wochen': 0.06, 'Vaterschaftsurlaub': 0.32, 'sind': 0.05, 'das': 0, 'gleichstellungspolitische': 0.04, 'Minimum': 0.07, 'Es': 0, 'braucht': 0, 'ein': 0.02, 'JA': 0, 'zur': 0.065, 'Initiative': 0.11, 'einen': 0.28}",positive,"[0.2668805, 0.010569164, 0.72255033]",,,,,,,,,,,,,,,,,,,neutral
50.0,75.0,57.0,0.0,neutral,Es bleibt dabei: Fortschrittliche L√∂sungen haben im jetzigen Parlament keine Chance. Es braucht  am 20. Oktober neue Mehrheiten in Bern - und in der Volksabstimmung ein deutliches JA zu 4 Wochen Vaterschaftsurlaub. @maennerch @papizeit https://t.co/ms3ezeENjE via @tagesanzeiger,bleiben dabei fortschrittliche l√∂sungen jetzig parlament chance brauchen oktober neue mehrheiten bern volksabstimmung deutlich ja wochen vaterschaftsurlaub via,,,,"{'Es': 0, 'bleibt': 0.05, 'dabei': 0, 'Fortschrittliche': 0.05, 'L√∂sungen': 0.04, 'haben': 0.21500000000000002, 'im': 0, 'jetzigen': 0, 'Parlament': 0.04, 'keine': 0, 'Chance': 0.03, 'braucht': 0, 'am': 0, '20.': 0, 'Oktober': 0.05, 'neue': 0.05, 'Mehrheiten': 0.11, 'in': 0.08, 'Bern': 0.05, 'und': 0.28, 'der': 0.05, 'Volksabstimmung': 0.13, 'ein': 0, 'deutliches': 1.0, 'JA': 0.28, 'zu': 0.4, 'Wochen': 0.31, 'Vaterschaftsurlaub': 0.38, 'via': 0.11}",neutral,"[0.6403509, 0.038431846, 0.3212173]",,,,,,,,,,,,,,,,,,,neutral
50.0,75.0,57.0,0.0,neutral,"RT @hannesgassert: @spschweiz @papizeit Als Mitgr√ºnder eines Unternehmens, das seit √ºber zehn Jahren vier Wochen #Vaterschaftsurlaub gibt,‚Ä¶",mitgr√ºnder unternehmens seit zehn jahren vier wochen vaterschaftsurlaub geben,,,,"{'Als': 0, 'Mitgr√ºnder': 0, 'eines': 0, 'Unternehmens': 0.17, 'das': 0.07, 'seit': 0, '√ºber': 0.06, 'zehn': 0.09, 'Jahren': 0.13, 'vier': 0.19, 'Wochen': 0.3, 'Vaterschaftsurlaub': 0.38, 'gibt': 0, '‚Ä¶': 0}",neutral,"[0.96364826, 0.014576299, 0.021775516]",,,,,,,,,,,,,,,,,,,neutral
50.0,75.0,57.0,0.0,negative,"Der Gegenvorschlag mit nur 2 Wochen Vaterschaftsurlaub ist in jeder Hinsicht ungen√ºgend. Vier Wochen sind das Minimum, um gleichstellungspolitisch etwas in Ganz zu setzen. Danke deshalb an @adrianwuethrich f√ºr sein klares Statement im heutigen @tagesanzeiger. @papizeit @spschweiz https://t.co/VHAMLXHcUu",gegenvorschlag wochen vaterschaftsurlaub jed hinsicht ungen√ºgend vier wochen minimum gleichstellungspolitisch ganz setzen danke deshalb klar statement heutig,,,,"{'Der': 0.07, 'Gegenvorschlag': 0.26, 'mit': 0.15, 'nur': 0.62, 'Wochen': 0.09, 'Vaterschaftsurlaub': 0.81, 'ist': 0.79, 'in': 0.04, 'jeder': 0, 'Hinsicht': 0.23, 'ungen√ºgend': 1.0, 'Vier': 0.07, 'sind': 0.09, 'das': 0, 'Minimum': 0.15, 'um': 0, 'gleichstellungspolitisch': 0.095, 'etwas': 0.08, 'Ganz': 0, 'zu': 0.05, 'setzen': 0, 'Danke': 0, 'deshalb': 0.05, 'an': 0, 'f√ºr': 0.05, 'sein': 0, 'klares': 0.06, 'Statement': 0.09, 'im': 0, 'heutigen': 0.06}",negative,"[0.12612449, 0.71716595, 0.15670958]",,,,,,,,,,,,,,,,,,,neutral
100.0,100.0,100.0,1.0,neutral,RT @nmasshardt: Indirekte Kosten von Milit√§rangeh√∂rigen? Interessiert niemanden. Indirekte Kosten des Vaterschaftsurlaubs? F√ºrs KMU-Forum e‚Ä¶,indirekte kosten milit√§rangeh√∂rigen interessieren niemand indirekte kosten vaterschaftsurlaubs f√ºrs kmu forum e,,,,"{'Indirekte': 0, 'Kosten': 0.44, 'von': 0, 'Milit√§rangeh√∂rigen': 0.08, 'Interessiert': 0, 'niemanden': 0.16, 'des': 0, 'Vaterschaftsurlaubs': 0.66, 'F√ºrs': 0.85, 'KMU-Forum': 0, 'e': 0.18, '‚Ä¶': 0}",neutral,"[0.8093553, 0.06777676, 0.12286792]",,,,,,,,,,,,,,,,,,,positive
100.0,100.0,100.0,1.0,neutral,"Wir schreiben das Jahr 2019! Gut kommt der Herbst - mit hoffentlich neuen Mehrheiten f√ºr eine fortschrittlichere Schweiz. @maennerch
Bundesrat lehnt l√§ngeren Vaterschaftsurlaub ab https://t.co/2agkTMd1hW via @tagesanzeiger",schreiben jahr gut kommen herbst hoffentlich neu mehrheiten fortschrittlich schweiz bundesrat lehnen lang vaterschaftsurlaub ab via,,,,"{'Wir': 0, 'schreiben': 0, 'das': 0, 'Jahr': 0.07, 'Gut': 0, 'kommt': 0, 'der': 0.03, 'Herbst': 0, 'mit': 0.04, 'hoffentlich': 0.07, 'neuen': 0.08, 'Mehrheiten': 0.09, 'f√ºr': 0.04, 'eine': 0, 'fortschrittlichere': 0.04, 'Schweiz': 0.1, 'Bundesrat': 0.44, 'lehnt': 1.0, 'l√§ngeren': 0.79, 'Vaterschaftsurlaub': 0.615, 'ab': 0, 'via': 0.21}",negative,"[0.46464553, 0.46757302, 0.06778139]",,,,,,,,,,,,,,,,,,,positive
50.0,75.0,57.0,0.0,neutral,RT @NataschaWey: Hier k√∂nnte ein Emp√∂rungstweet √ºber die Ablehnung des Vaterschaftsurlaubs durch den Bundesrat stehen. Aber ganz im Ernst:‚Ä¶,emp√∂rungstweet ablehnung vaterschaftsurlaubs bundesrat stehen ganz ernst,,,,"{'Hier': 0.11, 'k√∂nnte': 0.1, 'ein': 0, 'Emp√∂rungstweet': 0.38, '√ºber': 0, 'die': 0.11, 'Ablehnung': 1.0, 'des': 0, 'Vaterschaftsurlaubs': 0.635, 'durch': 0, 'den': 0.11, 'Bundesrat': 0.34, 'stehen': 0, 'Aber': 0.1, 'ganz': 0, 'im': 0, 'Ernst': 0, '‚Ä¶': 0}",negative,"[0.0056983205, 0.98628205, 0.008019608]",,,,,,,,,,,,,,,,,,,neutral
75.0,100.0,86.0,0.5,positive,Vaterschaftsurlaub in der Stadt Z√ºrich: @minlimarti und ich sind √ºberzeugt: Drei Wochen sind zu wenig.  https://t.co/3MATpnMxVI,vaterschaftsurlaub stadt z√ºrich √ºberzeugen drei wochen wenig,,,,"{'Vaterschaftsurlaub': 1.0, 'in': 0.45, 'der': 0.14, 'Stadt': 0.32, 'Z√ºrich': 0, 'und': 0.25, 'ich': 0.1, 'sind': 0.13, '√ºberzeugt': 0.24, 'Drei': 0.04, 'Wochen': 0.26, 'zu': 0, 'wenig': 0}",neutral,"[0.718911, 0.056306522, 0.2247825]",,,,,,,,,,,,,,,,,,,positive
100.0,100.0,100.0,1.0,neutral,RT @sp_aarau: Grossartig! Angestellte der Stadt #Aarau erhalten in Zukunft 20 Tage Vaterschaftsurlaub @papizeit,grossartig angestellt stadt aarau erhalten zukunft tage vaterschaftsurlaub,,,,"{'Grossartig': 0.53, 'Angestellte': 0, 'der': 0.08, 'Stadt': 0.11, 'Aarau': 0.17, 'erhalten': 1.0, 'in': 0.15, 'Zukunft': 0.4, 'Tage': 0.79, 'Vaterschaftsurlaub': 0.535}",neutral,"[0.5278351, 0.012973777, 0.45919123]",,,,,,,,,,,,,,,,,,,positive
0.0,0.0,0.0,-1.0,negative,RT @floegli: 1 Mrd. f√ºr Olympiakandidatur Sion ok. 420 Mio. pro Jahr f√ºr Vaterschaftsurlaub zu teuer. Sonderbare Weltanschauungen im Bundes‚Ä¶,mrd olympiakandidatur sion ok mio pro jahr vaterschaftsurlaub teuer sonderbare weltanschauungen bundes,,,,"{'Mrd.': 0.25, 'f√ºr': 1.0, 'Olympiakandidatur': 0.085, 'Sion': 0.07, 'ok': 0.08, 'Mio.': 0, 'pro': 0, 'Jahr': 0.31, 'Vaterschaftsurlaub': 0.63, 'zu': 0, 'teuer': 1.0, 'Sonderbare': 0, 'Weltanschauungen': 0.16, 'im': 0, 'Bundes': 0.04, '‚Ä¶': 0}",negative,"[0.0038533183, 0.97990763, 0.01623902]",,,,,,,,,,,,,,,,,,,negative
100.0,100.0,86.0,0.7,negative,"Gleichzeitigkeit ist eben oft entlarvend. Jetzt muss das Parlament Farbe bekennen
 4 Wochen sind das Minimum! #vaterschaftsurlaub @maennerch https://t.co/1vHitKORuc",gleichzeitigkeit eben oft entlarven parlament farbe bekennen wochen minimum vaterschaftsurlaub,,,,"{'Gleichzeitigkeit': 0, 'ist': 0.05, 'eben': 0, 'oft': 0, 'entlarvend': 0, 'Jetzt': 0.07, 'muss': 0.04, 'das': 0, 'Parlament': 0.06, 'Farbe': 0, 'bekennen': 0, 'Wochen': 0.09, 'sind': 0.09, 'Minimum': 0.26, 'vaterschaftsurlaub': 0.66}",positive,"[0.041299004, 0.0109722, 0.94772875]",,,,,,,,,,,,,,,,,,,positive
25.0,25.0,28.0,-0.2333333333333333,neutral,"Die, die in Bern das Mietrecht aush√∂len wollen und in Z√ºrich als ""Top5"" den preisg√ºnstigen Wohnungsbau bek√§mpfen, das sind die gleichen, oder? @spzuerich @JayBadran Sich gegen √ºberrissene Mieten zu wehren, k√∂nnte bald schwieriger werden - https://t.co/FeFLxPQ6Je via @watson_news",bern mietrecht aush√∂len z√ºrich top5 preisg√ºnstig wohnungsbau bek√§mpfen gleich √ºberrissene mieten wehren bald schwierig via,,,,,,,"{'Die': 0.02, 'die': 0.02, 'in': 0.07, 'Bern': 0.02, 'das': 0, 'Mietrecht': 0.08, 'aush√∂len': 0, 'wollen': 0.02, 'und': 0.02, 'Z√ºrich': 0, 'als': 0, 'Top5': 0, 'den': 0.02, 'preisg√ºnstigen': 0, 'Wohnungsbau': 0.57, 'bek√§mpfen': 0, 'sind': 0.07, 'gleichen': 0.05, 'oder': 0, 'Sich': 0, 'gegen': 0.04, '√ºberrissene': 0, 'Mieten': 0, 'zu': 0.02, 'wehren': 0, 'k√∂nnte': 0.02, 'bald': 0, 'schwieriger': 0.04, 'werden': 0, 'via': 0.04}",positive,"[0.13310431, 0.28205532, 0.5848403]",,,,,,,,,,,,,,,,neutral
50.0,75.0,57.0,0.0,neutral,RT @just_ethics: Gegen #widerspruchsl√∂sung spricht sich mitten in die laufende Debatte √ºber Einwilligungsmodelle bei #Organspende hinein de‚Ä¶,widerspruchsl√∂sung sprechen mitten laufend debatte einwilligungsmodelle organspende hinein de,,,,,,,,,,"{'Gegen': 0, 'widerspruchsl√∂sung': 0, 'spricht': 0, 'sich': 0, 'mitten': 0.2725, 'in': 0.41, 'die': 0.14, 'laufende': 0.12, 'Debatte': 0.29, '√ºber': 0, 'Einwilligungsmodelle': 0.14500000000000002, 'bei': 0, 'Organspende': 0.16, 'hinein': 0, 'de': 0, '‚Ä¶': 0}",neutral,"[0.9664531, 0.016373875, 0.017173031]",,,,,,,,,,,,,neutral
50.0,75.0,57.0,0.0,neutral,RT @nekcne: Die NEK ver√∂ffentlicht heute ihre Stellungnahme zur Organspende: https://t.co/yfXgBNFZPJ Zur Medienmitteilung: https://t.co/P2S‚Ä¶,nek ver√∂ffentlichen heute stellungnahme organspende medienmitteilung,,,,,,,,,,"{'Die': 0.11, 'NEK': 0.12, 'ver√∂ffentlicht': 0, 'heute': 0.29, 'ihre': 0, 'Stellungnahme': 0, 'zur': 0.11, 'Organspende': 0.585, 'Zur': 0.11, 'Medienmitteilung': 0.16499999999999998}",neutral,"[0.9564354, 0.0039622257, 0.039602473]",,,,,,,,,,,,,neutral
50.0,75.0,57.0,0.0,neutral,"Genau: sowohl als auch, wie so oft. ""Erstens: das Stimm- und Wahlrecht f√ºr Ausl√§nderinnen und Ausl√§nder, die eine gewisse Zeit in der Schweiz leben .... Zweitens: die Vereinfachung und Erleichterung der Einb√ºrgerung."" @crls__ bringt es auf den Punkt. https://t.co/sBPu21HvcZ",genau sowohl oft erstens stimm wahlrecht ausl√§nderinnen ausl√§nder gewi√ü zeit schweiz leben zweitens vereinfachung erleichterung einb√ºrgerung bringen punkt,,,,,,,,,,,,,"{'Genau': 0, 'sowohl': 0.01, 'als': 0.01, 'auch': 0, 'wie': 0, 'so': 0.01, 'oft': 0, 'Erstens': 0.04, 'das': 0, 'Stimm-': 0, 'und': 0.38, 'Wahlrecht': 0, 'f√ºr': 0.03, 'Ausl√§nderinnen': 0, 'Ausl√§nder': 0.08, 'die': 0.03, 'eine': 0, 'gewisse': 0.05, 'Zeit': 0.03, 'in': 0.02, 'der': 0.03, 'Schweiz': 0.03, 'leben': 0, '....': 0, 'Zweitens': 0, 'Vereinfachung': 1.0, 'Erleichterung': 0, 'Einb√ºrgerung': 0.53, 'bringt': 0, 'es': 0, 'auf': 0, 'den': 0.03, 'Punkt': 0.35}",positive,"[0.0025707935, 0.0012124684, 0.9962167]",,,,,,,,,,neutral
100.0,100.0,100.0,1.0,neutral,RT @annajobin: Heute Abend halte ich in #Bern ein Inputreferat zum Thema Freiheit &amp; Digitalisierung. Spoiler alert: Werde u.a. die Themen #‚Ä¶,heute abend halte bern inputreferat thema freiheit amp digitalisierung spoiler alert u a themen,,,,,,,,,,,,,,,,"{'Heute': 0, 'Abend': 0, 'halte': 0, 'ich': 0.05, 'in': 0.16, 'Bern': 0.08, 'ein': 0, 'Inputreferat': 0, 'zum': 0.05, 'Thema': 0, 'Freiheit': 0.36, 'amp': 0.69, 'Digitalisierung': 1.0, 'Spoiler': 0.09, 'alert': 0.06, 'Werde': 0, 'u.a.': 0, 'die': 0.05, 'Themen': 0, '‚Ä¶': 0}",positive,"[0.25833365, 0.0072843423, 0.73438203]",,,,,,,positive
100.0,100.0,100.0,1.0,neutral,"RT @DorotheaBaur: Interessiert an #Digitalisierung und #Ethik? Gemeinsam mit @jdstrub, @johanrochel etc. unterrichte ich am 27./28. Nov. an‚Ä¶",interessieren digitalisierung ethik gemeinsam etc unterrichte nov,,,,,,,,,,,,,,,,"{'Interessiert': 0.15, 'an': 0, 'Digitalisierung': 0, 'und': 0.09, 'Ethik': 0.09, 'Gemeinsam': 0.09, 'mit': 0.06, 'etc.': 0, 'unterrichte': 0.6, 'ich': 0.22, 'am': 0, '27./28.': 0, 'Nov.': 0, '‚Ä¶': 0}",neutral,"[0.9668197, 0.0033387612, 0.029841557]",,,,,,,positive
100.0,100.0,100.0,1.0,negative,"RT @Lea_St1: ""Die Bundesverwaltung bekommt einen ¬´Mr.‚ÄÖDigitalisierung¬ª"".  Inhaltlich a priori ja gute Neuigkeiten, aber warum zur H√∂lle wir‚Ä¶",bundesverwaltung bekommen mr digitalisierung inhaltlich a priori ja gut neuigkeiten warum h√∂lle,,,,,,,,,,,,,,,,"{'Die': 0.32, 'Bundesverwaltung': 0.055, 'bekommt': 0, 'einen': 0.08, '¬´': 0, 'Mr.': 0, 'Digitalisierung': 0, '¬ª': 0, 'Inhaltlich': 0, 'a': 0, 'priori': 0, 'ja': 0, 'gute': 0, 'Neuigkeiten': 0, 'aber': 0, 'warum': 0, 'zur': 0, 'H√∂lle': 0, 'wir': 0, '‚Ä¶': 0}",neutral,"[0.50745016, 0.06656296, 0.42598683]",,,,,,,positive
100.0,100.0,100.0,1.0,neutral,RT @NZahn42: Ab Sonntag bei ‚Å¶@srfkultur‚Å© : das Gespr√§ch zwischen Prof. Straubhaar und mir zu Digitalisierung wunderbar moderiert von ‚Å¶@Barb‚Ä¶,ab sonntag gespr√§ch prof straubhaar digitalisierung wunderbar moderieren,,,,,,,,,,,,,,,,"{'Ab': 0, 'Sonntag': 0.03, 'bei': 0.01, '\u2066\u2069': 0, 'das': 0, 'Gespr√§ch': 0, 'zwischen': 0, 'Prof.': 0, 'Straubhaar': 0, 'und': 0, 'mir': 0, 'zu': 0, 'Digitalisierung': 0, 'wunderbar': 0, 'moderiert': 0, 'von': 0, '\u2066': 0, '‚Ä¶': 0}",positive,"[0.0006144925, 0.0009934077, 0.99839205]",,,,,,,positive
0.0,0.0,0.0,-1.0,neutral,"RT @staatslabor: Ist Sozialpartnerschaft durch die Digitalisierung gef√§hrdet? F√ºr @tagblatt_ch spricht vieles daf√ºr, dass Sozialpartner und‚Ä¶",sozialpartnerschaft digitalisierung gef√§hrden sprechen daf√ºr sozialpartner,,,,,,,,,,,,,,,,"{'Ist': 0.06, 'Sozialpartnerschaft': 0.14, 'durch': 0, 'die': 0, 'Digitalisierung': 0, 'gef√§hrdet': 1.0, 'F√ºr': 0, 'spricht': 0, 'vieles': 0.08, 'daf√ºr': 0, 'dass': 0.11, 'Sozialpartner': 0.035, 'und': 0.06, '‚Ä¶': 0}",neutral,"[0.5006356, 0.0745676, 0.42479685]",,,,,,,negative
100.0,100.0,100.0,1.0,neutral,"RT @byland: Wow! Was f√ºr eine Sternstunde! Da h√§tte man liebend gerne noch weiter zugeh√∂rt. Top G√§ste am Stammtisch zur ""Digitalisierung"" -‚Ä¶",wow sternstunde lieben gerne weit zuh√∂ren top g√§ste stammtisch digitalisierung,,,,,,,,,,,,,,,,"{'Wow': 0.05, 'Was': 0, 'f√ºr': 0.49, 'eine': 0.03, 'Sternstunde': 0.055, 'Da': 0, 'h√§tte': 0, 'man': 0, 'liebend': 0, 'gerne': 0, 'noch': 0, 'weiter': 0.04, 'zugeh√∂rt': 0, 'Top': 0.19, 'G√§ste': 0.21, 'am': 0, 'Stammtisch': 0.16, 'zur': 0.045, 'Digitalisierung': 0, '‚Ä¶': 0}",positive,"[0.1736645, 0.003880238, 0.8224553]",,,,,,,positive
100.0,100.0,86.0,0.7,neutral,Innovation in der Politik: St√§dte und Gemeinden k√∂nnen eine Vorreiterrolle √ºbernehmen. Und die Digitalisierung sozial gestalten. @spzuerich @staatslabor @maximilianstern https://t.co/Kt4cGerPfU,innovation politik st√§dte gemeinden vorreiterrolle √ºbernehmen digitalisierung sozial gestalten,,,,,,,,,,,,,,,,"{'Innovation': 0.21, 'in': 0.13, 'der': 0, 'Politik': 0, 'St√§dte': 0.08, 'und': 1.0, 'Gemeinden': 0.14, 'k√∂nnen': 0, 'eine': 0, 'Vorreiterrolle': 0.28, '√ºbernehmen': 0.46, 'Und': 1.0, 'die': 0, 'Digitalisierung': 0, 'sozial': 0, 'gestalten': 0}",positive,"[0.00653983, 0.008805856, 0.9846543]",,,,,,,positive
100.0,100.0,86.0,0.7,neutral,Wichtiges von @PetBlun zum Megathema unserer Zeit: Digitalisierung und Freiheit sind nicht in jedem Fall Zwillinge. @johanrochel https://t.co/DhpEklMtbr,wichtig megathema zeit digitalisierung freiheit jed fall zwillinge,,,,,,,,,,,,,,,,"{'Wichtiges': 0.14, 'von': 0, 'zum': 0.1, 'Megathema': 0, 'unserer': 0.08, 'Zeit': 0.08, 'Digitalisierung': 0, 'und': 1.0, 'Freiheit': 0.5, 'sind': 0.44, 'nicht': 0.57, 'in': 0, 'jedem': 0, 'Fall': 0, 'Zwillinge': 0.79}",positive,"[0.032314982, 0.005182693, 0.9625023]",,,,,,,positive
50.0,75.0,57.0,0.0,neutral,"@PhilippKutter @sven_zurich Und ein Hochrisikospiel f√ºr Bildung, Forschung und Innovation.",hochrisikospiel bildung forschung innovation,,,,,,,,,,,,,,,,,,,"{'Und': 0.6, 'ein': 0, 'Hochrisikospiel': 0, 'f√ºr': 0.43, 'Bildung': 1.0, 'Forschung': 0.44, 'und': 0.6, 'Innovation': 0.51}",positive,"[0.0010706977, 0.0010867345, 0.99784255]",,,,neutral
100.0,100.0,100.0,0.85,neutral,"Hat er das WIRKLICH so gesagt: ""...sagt Parmelin, es habe nun seit √ºber 20 Jahren die gleiche Partei dieses Departement gef√ºhrt...""? Entlarvend. Hoffen wir, dass er im WBF pers√∂nlich f√ºhrt, sonst sieht es f√ºr Bildung, Forschung und Innovation d√ºster aus. https://t.co/Q2ucPeSn0O",wirklich sagen sagen parmelin seit jahren gleich partei departement f√ºhren entlarven hoffen wbf pers√∂nlich f√ºhren sehen bildung forschung innovation d√ºster,,,,,,,,,,,,,,,,,,,"{'Hat': 0, 'er': 0, 'das': 0.03, 'WIRKLICH': 0.04, 'so': 0, 'gesagt': 0, '...': 0, 'sagt': 0.03, 'Parmelin': 0.04, 'es': 0, 'habe': 0, 'nun': 0, 'seit': 0, '√ºber': 0.02, 'Jahren': 0.03, 'die': 0.05, 'gleiche': 0.02, 'Partei': 0.05, 'dieses': 0.01, 'Departement': 0.03, 'gef√ºhrt': 0, 'Entlarvend': 0.02, 'Hoffen': 0.06, 'wir': 0, 'dass': 0.03, 'im': 0, 'WBF': 0.04, 'pers√∂nlich': 0.06, 'f√ºhrt': 0.07, 'sonst': 0.48, 'sieht': 0, 'f√ºr': 0.49, 'Bildung': 1.0, 'Forschung': 0.62, 'und': 0.76, 'Innovation': 0.43, 'd√ºster': 0, 'aus': 0}",positive,"[0.11540457, 0.08818962, 0.79640585]",,,,positive
75.0,75.0,86.0,0.4666666666666666,neutral,"""Man m√ºsse dem Fussverkehr und Mikromobilen wie Velos und E-Trottis einen bedeutend h√∂heren Stellenwert einr√§umen in der Strassenplanung."" Mobilit√§tsforscher Thomas Sauter-Servaes zum notwendigen Umdenken f√ºr mehr Sicherheit im st√§dtischen Strassenverkehr. https://t.co/uGh7PeobPI",m√ºssen fussverkehr mikromobilen velos e trottis bedeuten hoch stellenwert einr√§umen strassenplanung mobilit√§tsforscher thomas sauter servaes notwendig umdenken mehr sicherheit st√§dtisch strassenverkehr,,,,,,,,,,,,,,,,,,,,,,"{'Man': 0, 'm√ºsse': 0, 'dem': 0.03, 'Fussverkehr': 0.585, 'und': 0.07, 'Mikromobilen': 0, 'wie': 0, 'Velos': 0, 'E-Trottis': 0, 'einen': 0.03, 'bedeutend': 0, 'h√∂heren': 0.05, 'Stellenwert': 0, 'einr√§umen': 0, 'in': 0.05, 'der': 0.03, 'Strassenplanung': 0.18, 'Mobilit√§tsforscher': 0.08499999999999999, 'Thomas': 0.05, 'Sauter-Servaes': 0, 'zum': 0.03, 'notwendigen': 0.04, 'Umdenken': 0, 'f√ºr': 0.03, 'mehr': 0.04, 'Sicherheit': 0.19, 'im': 0, 'st√§dtischen': 0.14, 'Strassenverkehr': 0.21500000000000002}",neutral,"[0.4443558, 0.20873694, 0.34690726]",positive
