answer_five,answer_four,answer_seven,polarity,sentiment_gs,tweet,tweet_tokens,absa_token_weights_3392,absa_sentiment_3392,absa_scores_3392,absa_token_weights_3412,absa_sentiment_3412,absa_scores_3412,absa_token_weights_3414,absa_sentiment_3414,absa_scores_3414,absa_token_weights_3431,absa_sentiment_3431,absa_scores_3431,absa_token_weights_3435,absa_sentiment_3435,absa_scores_3435,absa_token_weights_3436,absa_sentiment_3436,absa_scores_3436,absa_token_weights_3450,absa_sentiment_3450,absa_scores_3450,absa_token_weights_3465,absa_sentiment_3465,absa_scores_3465,absa_token_weights_3466,absa_sentiment_3466,absa_scores_3466,absa_token_weights_3467,absa_sentiment_3467,absa_scores_3467,absa_token_weights_3468,absa_sentiment_3468,absa_scores_3468,absa_token_weights_3476,absa_sentiment_3476,absa_scores_3476,absa_token_weights_3478,absa_sentiment_3478,absa_scores_3478,absa_token_weights_3479,absa_sentiment_3479,absa_scores_3479,sentiment_tb
50.0,75.0,57.0,0.0,neutral,@huberfe Aufgepasst! Cannabis ist kein Broccoli!,aufgepasst cannabis broccoli,"{'Aufgepasst': 0.175, 'Cannabis': 0.54, 'ist': 0.58, 'kein': 0, 'Broccoli': 1.0}",neutral,"[0.7961905, 0.17512953, 0.028679969]",,,,,,,,,,,,,,,,,,,,,,,,,,,,,,,,,,,,,,,,neutral
0.0,0.0,0.0,-0.7999999999999999,neutral,"@Doc_57 @MAStrackZi Warum sollen sich Konsument:innen Cannabis aus dem kriminellen Milleu kaufen, wenn sie es legal in L√§den kaufen k√∂nnen?",warum sollen konsument innen cannabis kriminell milleu kaufen legal l√§den kaufen,"{'Warum': 1.0, 'sollen': 1.0, 'sich': 0, 'Konsument': 0, 'innen': 0, 'Cannabis': 0.22, 'aus': 0, 'dem': 0.06, 'kriminellen': 0.16, 'Milleu': 0.11, 'kaufen': 0.04, 'wenn': 0, 'sie': 0, 'es': 0, 'legal': 0, 'in': 0.03, 'L√§den': 0.03, 'k√∂nnen': 0}",neutral,"[0.6281852, 0.3554849, 0.016329873]",,,,,,,,,,,,,,,,,,,,,,,,,,,,,,,,,,,,,,,,negative
50.0,75.0,57.0,0.0,neutral,"@Doc_57 @MAStrackZi H√§? Wenn Cannabis legal wird, wird doch das tats√§chlich weniger",h√§ cannabis legal tats√§chlich wenig,"{'H√§': 0, 'Wenn': 0.39, 'Cannabis': 0.47, 'legal': 0.44, 'wird': 1.0, 'doch': 0, 'das': 0, 'tats√§chlich': 0, 'weniger': 0}",neutral,"[0.73282814, 0.19585404, 0.071317814]",,,,,,,,,,,,,,,,,,,,,,,,,,,,,,,,,,,,,,,,neutral
75.0,75.0,71.0,0.3333333333333333,negative,"@jonasstreule Habe ich nicht gesagt. Du musst nicht gendern. 

Aber *wenn* du genderst, was ich gut f√§nde, dann musst du das auch nur dort, wo es auch Sinn macht.

Burka-, Minarett-, Cannabisverbot schon vergessen? Da steht die SVP klar dahinter.",sagen musst gendern genderst gut finden musst sinn burka minarett cannabisverbot schon vergessen stehen svp klaren dahinter,"{'Habe': 0.02, 'ich': 0.05, 'nicht': 0.01, 'gesagt': 0, 'Du': 0, 'musst': 0.025, 'gendern': 0, 'Aber': 0.04, 'wenn': 0.1, 'du': 0, 'genderst': 0, 'was': 0, 'gut': 0, 'f√§nde': 0, 'dann': 0.17, 'das': 0.02, 'auch': 0, 'nur': 0.05, 'dort': 0, 'wo': 0.03, 'es': 0.02, 'Sinn': 0, 'macht': 0, 'Burka-': 0, 'Minarett-': 0, 'Cannabisverbot': 1.0, 'schon': 0, 'vergessen': 0, 'Da': 0, 'steht': 0, 'die': 0.03, 'SVP': 0, 'klar': 0, 'dahinter': 0.04}",neutral,"[0.8174308, 0.023572626, 0.15899657]",,,,,,,,,,,,,,,,,,,,,,,,,,,,,,,,,,,,,,,,positive
50.0,75.0,57.0,0.0,neutral,"@WohlgensingerN @MFrauchigerSVP Von mir aus, aber ich w√ºrde  behaupten, dass ein Cannabisverbot fast genau so wenig sozialad√§quat ist wie ein Alkoholverbot",behaupten cannabisverbot fast genau wenig sozialad√§quat alkoholverbot,"{'Von': 0, 'mir': 0.1, 'aus': 0, 'aber': 0.16, 'ich': 0.06, 'w√ºrde': 0.1, 'behaupten': 0, 'dass': 0.16, 'ein': 0, 'Cannabisverbot': 1.0, 'fast': 0, 'genau': 0.06, 'so': 0, 'wenig': 0, 'sozialad√§quat': 0.22, 'ist': 0.28, 'wie': 0, 'Alkoholverbot': 0.325}",neutral,"[0.5501062, 0.08259702, 0.36729676]",,,,,,,,,,,,,,,,,,,,,,,,,,,,,,,,,,,,,,,,neutral
100.0,100.0,86.0,0.7,neutral,"@MFrauchigerSVP Bei der Betreuungsarbeit gibt es grosse L√ºcken zwischen Geschlechtern Kann die SP teilweise verstehen.

Bin aber f√ºr eine Rentenaltererh√∂hung",betreuungsarbeit geben grosse l√ºcken geschlechtern sp teilweise verstehen rentenaltererh√∂hung,,,,"{'Bei': 0, 'der': 0.28, 'Betreuungsarbeit': 0.175, 'gibt': 0.07, 'es': 0, 'grosse': 0, 'L√ºcken': 0.24, 'zwischen': 0.13, 'Geschlechtern': 0, 'Kann': 0.05, 'die': 0.28, 'SP': 0.06, 'teilweise': 0, 'verstehen': 0.12, 'Bin': 0, 'aber': 0.19, 'f√ºr': 0, 'eine': 0, 'Rentenaltererh√∂hung': 0.94}",positive,"[0.018716624, 0.005608342, 0.97567505]",,,,,,,,,,,,,,,,,,,,,,,,,,,,,,,,,,,,,positive
75.0,75.0,71.0,0.3333333333333333,negative,"@AdrianAulbach @andreaskyriacou @MFrauchigerSVP @amadedotch @FDP_Liberalen Ich wollte damit nicht sagen, dass man den Vaterschaftsurlaub ablehnen soll mit diesem Argument, aber ich denke, dass die Elternzeit enorm besser ist als seperater Urlaub. Ob 8 Wochen f√ºr die Frau reserviert sein m√ºssen, naja keine Ahnung, ganz ehrlich.",sagen vaterschaftsurlaub ablehnen argument denken elternzeit enorm gut seperater urlaub wochen frau reservieren m√ºssen naja ahnung ganz ehrlich,,,,,,,"{'Ich': 0.02, 'wollte': 0, 'damit': 0.02, 'nicht': 0, 'sagen': 0.065, 'dass': 0.04, 'man': 0, 'den': 0.03, 'Vaterschaftsurlaub': 0.525, 'ablehnen': 0, 'soll': 0, 'mit': 0.15, 'diesem': 0.11, 'Argument': 0.27, 'aber': 0.05, 'ich': 0.02, 'denke': 0.03, 'die': 0.03, 'Elternzeit': 0.05, 'enorm': 0, 'besser': 0.07, 'ist': 0.03, 'als': 0, 'seperater': 0, 'Urlaub': 0, 'Ob': 0, 'Wochen': 0.07, 'f√ºr': 0.04, 'Frau': 0, 'reserviert': 0.08, 'sein': 0, 'm√ºssen': 0.02, 'naja': 0.02, 'keine': 0, 'Ahnung': 0.02, 'ganz': 0, 'ehrlich': 0}",neutral,"[0.44741258, 0.22664227, 0.32594517]",,,,,,,,,,,,,,,,,,,,,,,,,,,,,,,,,,positive
100.0,100.0,100.0,0.85,negative,"@Globi53397640 @narimoldi Der Beitrag ist absolut relativ klein, aber es ist schon eine Prinzipienfrage, ob ein Vaterschaftsurlaub sinnvoll ist oder nicht. Ich finde ja, @narimoldi findet nein.",beitrag absolut relativ klein schon prinzipienfrage vaterschaftsurlaub sinnvoll finden ja finden nein,,,,,,,"{'Der': 0.03, 'Beitrag': 0.04, 'ist': 0.04, 'absolut': 0.03, 'relativ': 0, 'klein': 0, 'aber': 0.08, 'es': 0.04, 'schon': 0, 'eine': 0, 'Prinzipienfrage': 0.1625, 'ob': 0, 'ein': 0, 'Vaterschaftsurlaub': 0.835, 'sinnvoll': 0, 'oder': 1.0, 'nicht': 1.0, 'Ich': 0.02, 'finde': 0, 'ja': 0, 'findet': 0, 'nein': 0.05}",neutral,"[0.5924064, 0.13657635, 0.27101728]",,,,,,,,,,,,,,,,,,,,,,,,,,,,,,,,,,positive
50.0,75.0,57.0,0.0,negative,"@AleHaeu @LeroyBaechtold @jglpCH Naja, also man k√∂nnte Vaterschaftsurlaub auch als ""M√§nnererziehung"" umdeuten. Aber das ist nicht mein Politikverst√§ndnis",naja vaterschaftsurlaub m√§nnererziehung umdeuten politikverst√§ndnis,,,,,,,"{'Naja': 1.0, 'also': 0.41, 'man': 0, 'k√∂nnte': 0.45, 'Vaterschaftsurlaub': 0.635, 'auch': 0.41, 'als': 0.19, 'M√§nnererziehung': 0, 'umdeuten': 0, 'Aber': 0.24, 'das': 0.08, 'ist': 0.06, 'nicht': 0.08, 'mein': 0.09, 'Politikverst√§ndnis': 0.1}",negative,"[0.43983072, 0.54151994, 0.018649336]",,,,,,,,,,,,,,,,,,,,,,,,,,,,,,,,,,neutral
50.0,75.0,57.0,0.0,negative,"RT @thomasreiss: @JohLeut @MFrauchigerSVP Einen Vaterschaftsurlaub wollt ihr nicht, weils ein paar hundert Millionen kostet. Steuererleicht‚Ä¶",vaterschaftsurlaub weils paar hundert millionen kosten steuererleicht,,,,,,,"{'Einen': 0.03, 'Vaterschaftsurlaub': 0.25, 'wollt': 0.21, 'ihr': 0, 'nicht': 0, 'weils': 0.15, 'ein': 0, 'paar': 0, 'hundert': 0.06, 'Millionen': 0, 'kostet': 0.08, 'Steuererleicht': 0.15000000000000002, '‚Ä¶': 0}",negative,"[0.09327419, 0.8531612, 0.053564545]",,,,,,,,,,,,,,,,,,,,,,,,,,,,,,,,,,neutral
50.0,75.0,57.0,0.0,neutral,"@rudolf_mohler Ich bin f√ºr einen Vaterschaftsurlaub, gegen K√ºrzungen bei der Sozialhilfe und f√ºr Nachhilfegutscheine. Ich gebs ja zu...",vaterschaftsurlaub k√ºrzungen sozialhilfe nachhilfegutscheine gebs ja,,,,,,,"{'Ich': 0.03, 'bin': 0, 'f√ºr': 0.16, 'einen': 0, 'Vaterschaftsurlaub': 0.38, 'gegen': 1.0, 'K√ºrzungen': 1.0, 'bei': 0, 'der': 0, 'Sozialhilfe': 0.2, 'und': 0.34, 'Nachhilfegutscheine': 0.19, 'gebs': 0, 'ja': 0.34, 'zu': 0, '...': 0}",positive,"[0.1467, 0.025713403, 0.8275866]",,,,,,,,,,,,,,,,,,,,,,,,,,,,,,,,,,neutral
50.0,75.0,57.0,0.0,neutral,"@David40045105 @MartinCJanssen @sonjakobert Das ""Schweizer Volk"" ist keine ""ethnische Nation"", sondern eine ""politische Nation"". Wer Schweizer*in ist, entscheidet nicht die ausschliesslich die Abstammung, sondern ein auch ein Einb√ºrgerungsverfahren.",schweizer volk ethnisch nation politische nation wer schweizer entscheiden ausschliesslich abstammung einb√ºrgerungsverfahren,,,,,,,,,,"{'Das': 0.69, 'Schweizer': 0.22, 'Volk': 0.04, 'ist': 0.14, 'keine': 0, 'ethnische': 0.07, 'Nation': 0.07, 'sondern': 0.32, 'eine': 0, 'politische': 0.1, 'Wer': 0.33, 'Schweizer*in': 0.22, 'entscheidet': 0, 'nicht': 0.31, 'die': 0.69, 'ausschliesslich': 0, 'Abstammung': 0, 'ein': 0, 'auch': 0.24, 'Einb√ºrgerungsverfahren': 1.0}",neutral,"[0.9240456, 0.0029343388, 0.07302009]",,,,,,,,,,,,,,,,,,,,,,,,,,,,,,,neutral
100.0,100.0,100.0,1.0,negative,"@Dave63680744 @CHKI86 @MarcoMinuz @RealRubenPhilip Wo habe ich gesagt, dass es kein Problem sei? Wenn aber jemand eingeb√ºrgert wurde, ist diese Person Schweizer*in. Punkt.
Man kann sich lange √ºber Einwanderung oder Einb√ºrgerung unterhalten/streiten, aber wer Schweizer*in ist das, fertig.",sagen problem jemand einb√ºrgern person schweizer punkt lang einwanderung einb√ºrgerung unterhalten streiten wer schweizer fertigen,,,,,,,,,,"{'Wo': 0.01, 'habe': 0, 'ich': 0.01, 'gesagt': 0, 'dass': 0.02, 'es': 0.02, 'kein': 0, 'Problem': 0.01, 'sei': 0, 'Wenn': 0, 'aber': 0.27, 'jemand': 0.02, 'eingeb√ºrgert': 0.02, 'wurde': 0, 'ist': 0.02, 'diese': 0, 'Person': 0.03, 'Schweizer*in': 0.03, 'Punkt': 0, 'Man': 0, 'kann': 0.07, 'sich': 0, 'lange': 0.04, '√ºber': 0, 'Einwanderung': 0.35, 'oder': 1.0, 'Einb√ºrgerung': 1.0, 'unterhalten': 0, 'streiten': 0, 'wer': 0.06, 'das': 0.02, 'fertig': 0}",neutral,"[0.9897508, 0.0037670382, 0.0064822217]",,,,,,,,,,,,,,,,,,,,,,,,,,,,,,,positive
50.0,75.0,57.0,0.0,neutral,"@gregorischmid @andreaskyriacou @nggalai @uelifisch @adfichter @glp_sg Und ihre Position zu Ehe√∂ffnung und Sterbehilfe ist der Grund daf√ºr, weswegen wir auf einen Nationalratssitz verzichten sollen? Wir werden den Sitz zusammen mit SP und Gr√ºne nicht machen.",position ehe√∂ffnung sterbehilfe grund daf√ºr weswegen nationalratssitz verzichten sollen sitzen zusammen sp gr√ºne,,,,,,,,,,,,,"{'Und': 0.03, 'ihre': 0, 'Position': 0.17, 'zu': 0, 'Ehe√∂ffnung': 1.0, 'und': 0.03, 'Sterbehilfe': 1.0, 'ist': 0.05, 'der': 0.02, 'Grund': 0, 'daf√ºr': 0, 'weswegen': 0.03, 'wir': 0, 'auf': 0.36, 'einen': 0.02, 'Nationalratssitz': 0, 'verzichten': 0, 'sollen': 0.02, 'Wir': 0.02, 'werden': 0.02, 'den': 0.02, 'Sitz': 0.07, 'zusammen': 0.03, 'mit': 0.02, 'SP': 0.04, 'Gr√ºne': 0, 'nicht': 0.02, 'machen': 0}",neutral,"[0.8476057, 0.088447794, 0.06394641]",,,,,,,,,,,,,,,,,,,,,,,,,,,,neutral
0.0,0.0,0.0,-0.85,neutral,"@adfichter @gregorischmid Das Wahlsystem zwingt kleine Parteien dazu ideologische Zugest√§ndisse zu machen. Und die EVP wegen ihrer Position zu #ehef√ºralle, Sterbehilfe und Co. jetzt derart auszuschliessen ist derart √ºbertrieben.",wahlsystem zwingen kleine parteien ideologische zugest√§ndisse evp wegen position ehef√ºralle sterbehilfe co derart auszuschliessen derart √ºbertreiben,,,,,,,,,,,,,"{'Das': 0.09, 'Wahlsystem': 0.13, 'zwingt': 0.05, 'kleine': 0.03, 'Parteien': 0.07, 'dazu': 0.07, 'ideologische': 0.08, 'Zugest√§ndisse': 0.07, 'zu': 0.07, 'machen': 0, 'Und': 0.27, 'die': 0.09, 'EVP': 0, 'wegen': 0.02, 'ihrer': 0.04, 'Position': 0.07, 'ehef√ºralle': 0, 'Sterbehilfe': 1.0, 'und': 0.27, 'Co.': 0, 'jetzt': 0.07, 'derart': 0.14, 'auszuschliessen': 0.17, 'ist': 0.1, '√ºbertrieben': 0.22}",neutral,"[0.8269093, 0.14776915, 0.025321491]",,,,,,,,,,,,,,,,,,,,,,,,,,,,negative
50.0,75.0,57.0,0.0,neutral,"@MarcRudisuli Ich bin f√ºr Steuersenkungen immer zu haben, aber dieser Steuerabzug zementiert das traditionelle Familienbild und torpediert so das eigentliche Ziel der Vorlage.",steuersenkungen immer steuerabzug zementieren traditionell familienbild torpedieren eigentlich ziel vorlage,,,,,,,,,,,,,,,,"{'Ich': 0.23, 'bin': 0, 'f√ºr': 1.0, 'Steuersenkungen': 0.52, 'immer': 0.36, 'zu': 0, 'haben': 0, 'aber': 0.24, 'dieser': 0.15, 'Steuerabzug': 0.08499999999999999, 'zementiert': 0, 'das': 0, 'traditionelle': 0.04, 'Familienbild': 0.05, 'und': 0.04, 'torpediert': 0, 'so': 0, 'eigentliche': 0.03, 'Ziel': 0.07, 'der': 0.04, 'Vorlage': 0}",positive,"[0.4730945, 0.013301554, 0.513604]",,,,,,,,,,,,,,,,,,,,,,,,,neutral
100.0,100.0,100.0,0.7999999999999999,neutral,"@MFrauchigerSVP Wenn 85% der Eltern nicht profitieren und nur die 15% der reichsten Eltern, dann macht das nicht so Sinn. Steuersenkungen sind fast immer eine gute Idee, aber sicher nicht so.",eltern profitieren reich eltern sinn steuersenkungen fast immer gut idee sichern,,,,,,,,,,,,,,,,"{'Wenn': 0, 'der': 0.01, 'Eltern': 0.03, 'nicht': 1.0, 'profitieren': 0.03, 'und': 0.02, 'nur': 0.04, 'die': 0.01, 'reichsten': 0.02, 'dann': 0, 'macht': 0, 'das': 0.57, 'so': 0, 'Sinn': 0, 'Steuersenkungen': 0.4, 'sind': 0.19, 'fast': 0, 'immer': 0.55, 'eine': 0, 'gute': 0, 'Idee': 0, 'aber': 1.0, 'sicher': 0}",positive,"[0.23844846, 0.33602366, 0.42552793]",,,,,,,,,,,,,,,,,,,,,,,,,positive
50.0,75.0,57.0,0.0,neutral,"RT @jglp_sg: Die Welt entwickelt sich weiter, ob mit oder ohne uns. Innovation ist gefordert! 

Unser Vorstoss zu erneuerbaren Energiequell‚Ä¶",welt entwickeln weit innovation fordern vorstoss erneuerbaren energiequell,,,,,,,,,,,,,,,,,,,"{'Die': 0.05, 'Welt': 0.06, 'entwickelt': 0, 'sich': 0, 'weiter': 0, 'ob': 0, 'mit': 0.05, 'oder': 0.07, 'ohne': 0.04, 'uns': 0.03, 'Innovation': 0.11, 'ist': 0.09, 'gefordert': 0.11, 'Unser': 1.0, 'Vorstoss': 0, 'zu': 0, 'erneuerbaren': 0.3, 'Energiequell': 0.11, '‚Ä¶': 0}",positive,"[0.025283875, 0.00560738, 0.9691087]",,,,,,,,,,,,,,,,,,,,,,neutral
100.0,100.0,100.0,1.0,neutral,"@HuslerLaurenz @RuediNoser Nuklearenergie, weil Erneuerbare subventioniert werden. Selten so gelacht.",nuklearenergie erneuerbare subventioniert selten lachen,,,,,,,,,,,,,,,,,,,"{'Nuklearenergie': 0.635, 'weil': 1.0, 'Erneuerbare': 0, 'subventioniert': 0.52, 'werden': 0, 'Selten': 0.55, 'so': 0.07, 'gelacht': 0.36}",neutral,"[0.4959237, 0.39926735, 0.10480893]",,,,,,,,,,,,,,,,,,,,,,positive
100.0,100.0,86.0,0.7,neutral,"RT @bastiengirod: 6. Bez√ºglich Erneuerbare Energien ist der grosse Vorteil, dass die Lastkurve von K√ºhlger√§ten mit Produktion von Solar √ºbe‚Ä¶",bez√ºglich erneuerbare energien grosse vorteil lastkurve k√ºhlger√§ten produktion solar √ºben,,,,,,,,,,,,,,,,,,,"{'6.': 0, 'Bez√ºglich': 0.05, 'Erneuerbare': 1.0, 'Energien': 1.0, 'ist': 0.04, 'der': 0.06, 'grosse': 0, 'Vorteil': 0.19, 'dass': 0.05, 'die': 0.06, 'Lastkurve': 0.09, 'von': 0, 'K√ºhlger√§ten': 0, 'mit': 0.05, 'Produktion': 0.11, 'Solar': 0.16, '√ºbe': 0, '‚Ä¶': 0}",positive,"[0.0041519757, 0.001720198, 0.99412787]",,,,,,,,,,,,,,,,,,,,,,positive
50.0,75.0,57.0,0.0,neutral,"@ErdnussSir Die Frage in der Pr√ºfung lautete √ºbrigens: ""Was sind die Argumente f√ºr Hayek, die Marktwirtschaft als 'Spiel' zu verstehen?""",fragen pr√ºfung lauten √ºbrigens argumente hayek marktwirtschaft spiel verstehen,,,,,,,,,,,,,,,,,,,,,,"{'Die': 0.59, 'Frage': 0, 'in': 0.04, 'der': 0.59, 'Pr√ºfung': 0, 'lautete': 0, '√ºbrigens': 0.19249999999999998, 'Was': 0.12, 'sind': 0.14, 'die': 0.59, 'Argumente': 0.87, 'f√ºr': 0.42, 'Hayek': 0.37, 'Marktwirtschaft': 0.7, 'als': 1.0, 'Spiel': 0.45, 'zu': 0.81, 'verstehen': 0.905}",neutral,"[0.8268834, 0.044226184, 0.12889042]",,,,,,,,,,,,,,,,,,,neutral
75.0,100.0,86.0,0.5,positive,"Es ist wie in der Marktwirtschaft, nur weil man viel leistet (und das habe ich, immerhin den ganzen Wahlkampf der Partei gestemmt) bekommt nachher als Ergebnis nicht unbedingt mehr. ¬Ø\_(„ÉÑ)_/¬Ø

Manchmal schwierig zu akzeptieren, aber so ist es eben.",marktwirtschaft leisten immerhin ganz wahlkampf partei stemmen bekommen nachher ergebnis unbedingt mehr „ÉÑ manchmal schwierig akzeptieren eben,,,,,,,,,,,,,,,,,,,,,,"{'Es': 0.01, 'ist': 0.01, 'wie': 0, 'in': 1.0, 'der': 0.01, 'Marktwirtschaft': 0.315, 'nur': 0, 'weil': 0.07, 'man': 0, 'viel': 0.034999999999999996, 'leistet': 0, 'und': 0.02, 'das': 0.01, 'habe': 0, 'ich': 0.02, 'immerhin': 0.015, 'den': 0.01, 'ganzen': 0.01, 'Wahlkampf': 0.02, 'Partei': 0.01, 'gestemmt': 0, 'bekommt': 0, 'nachher': 0, 'als': 0.01, 'Ergebnis': 0.02, 'nicht': 0, 'unbedingt': 0.01, 'mehr': 0.02, '¬Ø\\_(„ÉÑ)_/¬Ø': 0, 'Manchmal': 0.505, 'schwierig': 0.03, 'zu': 0.01, 'akzeptieren': 0.03, 'aber': 0.01, 'so': 0, 'es': 0.01, 'eben': 0}",positive,"[0.010531625, 0.0033213263, 0.9861471]",,,,,,,,,,,,,,,,,,,positive
100.0,100.0,100.0,0.9,neutral,"@EnzFelix @marcel_baur @JusoSchweiz @jevp_ch ""Es ist wie in der freien Marktwirtschaft, die Gl√ºck jedem verspricht, der ihre Ordnung ‚Äì freiwillig ‚Äì akzeptiert.""

Antikapitalismus in der NZZ üòÇ",frei marktwirtschaft gl√ºck jed versprechen ordnung freiwillig akzeptieren antikapitalismus nzz,,,,,,,,,,,,,,,,,,,,,,"{'Es': 0, 'ist': 0, 'wie': 0, 'in': 0, 'der': 0, 'freien': 1.0, 'Marktwirtschaft': 0.675, 'die': 0.04, 'Gl√ºck': 0.12, 'jedem': 0, 'verspricht': 0.16, 'ihre': 0, 'Ordnung': 0.07, '‚Äì': 0, 'freiwillig': 0, 'akzeptiert': 0, 'Antikapitalismus': 0, 'NZZ': 0}",positive,"[0.0020249358, 0.0013365692, 0.99663854]",,,,,,,,,,,,,,,,,,,positive
50.0,75.0,57.0,0.0,neutral,"Auf Papier kann ich ja noch nachvollziehen, aber einen Screenshot per Mail verschickt und dann ausgedruckt, jesses.
#Digitalisierung https://t.co/Nt09iXzauK",papier ja nachvollziehen screenshot per mail verschicken ausdrucken jesses digitalisierung,,,,,,,,,,,,,,,,,,,,,,,,,"{'Auf': 0.05, 'Papier': 0.09, 'kann': 0.04, 'ich': 0.03, 'ja': 0.04, 'noch': 0.04, 'nachvollziehen': 0, 'aber': 0.05, 'einen': 0.05, 'Screenshot': 0.13, 'per': 0, 'Mail': 0, 'verschickt': 0.05, 'und': 0.04, 'dann': 0.05, 'ausgedruckt': 0.075, 'jesses': 0.22, 'Digitalisierung': 1.0}",neutral,"[0.8690026, 0.009279306, 0.12171818]",,,,,,,,,,,,,,,,neutral
100.0,100.0,100.0,1.0,neutral,Ich habe mich sehr auf diesen Podcast gefreut. Unbedingt anh√∂ren. Liberalismus und Umweltschutz geh√∂ren zusammen! https://t.co/xkKPS1fbJ4,podcast freuen unbedingt anh√∂ren liberalismus umweltschutz geh√∂ren zusammen,,,,,,,,,,,,,,,,,,,,,,,,,,,,"{'Ich': 0.06, 'habe': 0, 'mich': 0, 'sehr': 0, 'auf': 0, 'diesen': 0.05, 'Podcast': 0.26, 'gefreut': 0, 'Unbedingt': 0, 'anh√∂ren': 0.33, 'Liberalismus': 1.0, 'und': 0.52, 'Umweltschutz': 0.76, 'geh√∂ren': 0.37, 'zusammen': 0.34}",positive,"[0.0013982604, 0.0011052693, 0.9974964]",,,,,,,,,,,,,positive
100.0,100.0,100.0,1.0,neutral,"@haeslii_f @MullerAltermatt @Jungfreisinnige @upschweiz @FDP_Liberalen Ich bin kein Gentechnik-Gegner, aber das klassische Umweltschutz-Millieu wirst du damit schlicht nicht √ºberzeugen.",gentechnik gegner klassische umweltschutz millieu schleichen √ºberzeugen,,,,,,,,,,,,,,,,,,,,,,,,,,,,"{'Ich': 0.07, 'bin': 0, 'kein': 0, 'Gentechnik-Gegner': 0, 'aber': 0.08, 'das': 0, 'klassische': 1.0, 'Umweltschutz-Millieu': 0.785, 'wirst': 0.06, 'du': 0, 'damit': 0, 'schlicht': 0, 'nicht': 0.4, '√ºberzeugen': 0.43}",positive,"[0.29997417, 0.20064881, 0.49937695]",,,,,,,,,,,,,positive
50.0,75.0,57.0,0.0,neutral,"@AlainS1991 Ja, werden wir ja immer wieder. Was jetzt f√ºr Optionen auf dem Tisch liegen: EU-Beitritt, EWR-Beitritt, Unternehmensteuern senken. Alles mit dabei. So sollte es doch sein :)",ja ja immer optionen tisch liegen eu beitreten ewr beitreten unternehmensteuern senken dabei sollen,,,,,,,,,,,,,,,,,,,,,,,,,,,,,,,"{'Ja': 0.03, 'werden': 0.05, 'wir': 0, 'ja': 0.03, 'immer': 0, 'wieder': 0.04, 'Was': 0, 'jetzt': 0.05, 'f√ºr': 0, 'Optionen': 0.1, 'auf': 0.02, 'dem': 0.03, 'Tisch': 0.03, 'liegen': 0, 'EU-Beitritt': 0.03, 'EWR-Beitritt': 0.04, 'Unternehmensteuern': 0.04, 'senken': 0, 'Alles': 0.16, 'mit': 0, 'dabei': 0.2, 'So': 0, 'sollte': 0.27, 'es': 0, 'doch': 0, 'sein': 0}",neutral,"[0.6551451, 0.15054885, 0.19430603]",,,,,,,,,,neutral
0.0,0.0,0.0,-1.0,neutral,"@AlainS1991 @nomesnebs Das Argument ""EWR-Beitritt ist EU-Beitritt"", war schon damals falsch. Die meisten EWR-Mitglieder sind seither nicht der EU beigetreten. Aus verschiedenen Gr√ºnden.",argument ewr beitreten eu beitreten schon damals falsch meist ewr mitglieder seither eu beitreten verschieden gr√ºnden,,,,,,,,,,,,,,,,,,,,,,,,,,,,,,,"{'Das': 0.08, 'Argument': 0.16, 'EWR-Beitritt': 0.08, 'ist': 0.04, 'EU-Beitritt': 0.09, 'war': 0, 'schon': 0, 'damals': 0.05, 'falsch': 0.21, 'Die': 0.08, 'meisten': 0.25, 'EWR-Mitglieder': 0.1, 'sind': 0, 'seither': 0.26, 'nicht': 0.21, 'der': 0.08, 'EU': 0, 'beigetreten': 0.08, 'Aus': 0, 'verschiedenen': 0, 'Gr√ºnden': 0}",neutral,"[0.6082706, 0.38590518, 0.0058242134]",,,,,,,,,,negative
100.0,100.0,86.0,0.7,neutral,"@MFrauchigerSVP Wenn du die Guillotinenklausel scheisse findest, solltest du dich f√ºr ein Rahmenabkommen stark machen.

Den Seich mit ""faktischer EU-Beitritt"" hat man schon beim EWR erz√§hlt. üôÉ",guillotinenklausel scheisse finden sollen rahmenabkommen stark seich faktisch eu beitreten schon beim ewr erz√§hlen,,,,,,,,,,,,,,,,,,,,,,,,,,,,,,,"{'Wenn': 0, 'du': 0, 'die': 0.04, 'Guillotinenklausel': 0, 'scheisse': 0, 'findest': 0, 'solltest': 0.38, 'dich': 0.11, 'f√ºr': 0.04, 'ein': 0, 'Rahmenabkommen': 0.035, 'stark': 0, 'machen': 0, 'Den': 0.04, 'Seich': 0, 'mit': 0, 'faktischer': 0, 'EU-Beitritt': 0.105, 'hat': 0, 'man': 0, 'schon': 0, 'beim': 0.05500000000000001, 'EWR': 0, 'erz√§hlt': 0.52}",neutral,"[0.74421835, 0.24032529, 0.015456405]",,,,,,,,,,positive
100.0,100.0,100.0,1.0,neutral,"@SamBu95 @Swizzly_Zero Die Gr√ºnliberalen sind jetzt nicht unbedingt explizit f√ºr einen EU-Beitritt, aber auch nicht wirklich dagegen...",gr√ºnliberalen unbedingt explizit eu beitreten wirklich dagegen,,,,,,,,,,,,,,,,,,,,,,,,,,,,,,,"{'Die': 0.04, 'Gr√ºnliberalen': 0.15000000000000002, 'sind': 0.18, 'jetzt': 0, 'nicht': 0.19, 'unbedingt': 0.15, 'explizit': 0, 'f√ºr': 0, 'einen': 0, 'EU-Beitritt': 0.13, 'aber': 0.18, 'auch': 0, 'wirklich': 0.31, 'dagegen': 0.04, '...': 0}",neutral,"[0.5207027, 0.40511805, 0.07417919]",,,,,,,,,,positive
0.0,0.0,0.0,-1.0,neutral,"RT @MllerSRF: Eric Nussbaumer @enussbi ist neuer Pr√§sident der Nebs @nomesnebs. Ist es weltfremd, von einem EU-Beitritt zu sprechen, wenn n‚Ä¶",eric nussbaumer neu pr√§sident nebs weltfremd eu beitreten sprechen n,,,,,,,,,,,,,,,,,,,,,,,,,,,,,,,"{'Eric': 0.05, 'Nussbaumer': 0.12, 'ist': 1.0, 'neuer': 0, 'Pr√§sident': 0.13, 'der': 0.04, 'Nebs': 0.08, 'Ist': 1.0, 'es': 1.0, 'weltfremd': 1.0, 'von': 0, 'einem': 0, 'EU-Beitritt': 0.06, 'zu': 0.4, 'sprechen': 0.35, 'wenn': 0.18, 'n': 0.09, '‚Ä¶': 0}",positive,"[0.32650167, 0.026812667, 0.6466857]",,,,,,,,,,negative
100.0,100.0,100.0,1.0,negative,"@MBattiger @AlainS1991 So ein Quatsch, schau mal nach, wie ein Schiedsgericht funktioniert.

Und: Mit dem Rahmenabkommen bekommt die Schweiz auch eine institutionalisierte M√∂glichkeit an der Vernehmlassung f√ºr neue Vorschriften in der EU teilzunehmen. Ein Beitritt w√§re noch besser, richtig.",quatsch schau mal schiedsgericht funktionieren rahmenabkommen bekommen schweiz institutionalisiere m√∂glichkeit vernehmlassung neue vorschriften eu teilnehmen beitreten gut richtig,,,,,,,,,,,,,,,,,,,,,,,,,,,,,,,"{'So': 0, 'ein': 0, 'Quatsch': 0, 'schau': 0, 'mal': 0, 'nach': 0, 'wie': 0.11, 'Schiedsgericht': 0.06, 'funktioniert': 0, 'Und': 0.06, 'Mit': 0.08, 'dem': 0.115, 'Rahmenabkommen': 0.07500000000000001, 'bekommt': 0, 'die': 0.09, 'Schweiz': 0.24, 'auch': 0.31, 'eine': 0, 'institutionalisierte': 0.2, 'M√∂glichkeit': 0.33, 'an': 0.29, 'der': 0.09, 'Vernehmlassung': 0.07, 'f√ºr': 0.12, 'neue': 0.11, 'Vorschriften': 0.11, 'in': 0.09, 'EU': 0, 'teilzunehmen': 0.14, 'Ein': 0, 'Beitritt': 0, 'w√§re': 0.52, 'noch': 0, 'besser': 1.0, 'richtig': 0}",positive,"[0.34752658, 0.25707123, 0.39540216]",,,,,,,,,,positive
100.0,100.0,86.0,0.7,neutral,"@narimoldi Einverstanden, dass wir bei der sozialen Wohlfahrt ansetzen m√ºssen, aber das rechtfertigt eine Erh√∂hung √ºber die Teuerung hinaus nicht per se.",einverstanden sozial wohlfahrt ansetzen m√ºssen rechtfertigen erh√∂hung teuerung hinaus per se,,,,,,,,,,,,,,,,,,,,,,,,,,,,,,,,,,"{'Einverstanden': 0, 'dass': 0.05, 'wir': 0, 'bei': 0, 'der': 0, 'sozialen': 1.0, 'Wohlfahrt': 1.0, 'ansetzen': 0.17, 'm√ºssen': 0.08499999999999999, 'aber': 0.11, 'das': 0.05, 'rechtfertigt': 0, 'eine': 0, 'Erh√∂hung': 0.06, '√ºber': 0, 'die': 0, 'Teuerung': 0.27, 'hinaus': 0, 'nicht': 0.04, 'per': 0.07, 'se': 0.05}",positive,"[0.40024135, 0.040873934, 0.5588847]",,,,,,,positive
50.0,75.0,57.0,0.0,neutral,Verstehe ich nicht. Inwiefern gef√§hrdet ein guter √∂ffentlicher Verkehr den Reichtum der oberen Zehntausend? https://t.co/QgrAVrlsyV,verstehen inwiefern gef√§hrden gut √∂ffentlich verkehr reichtum ober zehntausend,,,,,,,,,,,,,,,,,,,,,,,,,,,,,,,,,,,,,"{'Verstehe': 0.19, 'ich': 0.06, 'nicht': 0.16, 'Inwiefern': 0, 'gef√§hrdet': 0, 'ein': 0, 'guter': 0, '√∂ffentlicher': 0.45, 'Verkehr': 0, 'den': 0.07, 'Reichtum': 0.19, 'der': 0.07, 'oberen': 0, 'Zehntausend': 0.09}",positive,"[0.03619222, 0.12478914, 0.83901864]",,,,neutral
25.0,0.0,14.0,-0.5,neutral,tl;dr: Der Tierschutz war zu Kompromissen bereit. Die Landwirtschaft pokert auf gar keine Konzessionen. Schade! https://t.co/iKlBU8EqW2,tlr tierschutz kompromissen bereiten landwirtschaft pokern gar konzessionen schaden,,,,,,,,,,,,,,,,,,,,,,,,,,,,,,,,,,,,,,,,"{'tlr': 0.39, 'Der': 0, 'Tierschutz': 0.32999999999999996, 'war': 0, 'zu': 0.14, 'Kompromissen': 0.44, 'bereit': 0, 'Die': 0, 'Landwirtschaft': 0.37, 'pokert': 0, 'auf': 0.14, 'gar': 0, 'keine': 0, 'Konzessionen': 0.33, 'Schade': 0}",positive,"[0.008983349, 0.0036036333, 0.98741305]",negative
0.0,0.0,0.0,-0.9,negative,"RT @jglp_sg: J√§hrlich verenden in der Schweiz tausende Rehkitze qualvoll, indem sie durch landwirtschaftliche Maschinen t√∂dlich verletzt we‚Ä¶",j√§hrlich verenden schweiz tausende rehkitze qualvoll landwirtschaftliche maschinen t√∂dlich verletzen we,,,,,,,,,,,,,,,,,,,,,,,,,,,,,,,,,,,,,,,,"{'J√§hrlich': 0, 'verenden': 0.11, 'in': 0.09, 'der': 0, 'Schweiz': 0.36, 'tausende': 0.13, 'Rehkitze': 0, 'qualvoll': 0, 'indem': 0.38, 'sie': 0, 'durch': 0, 'landwirtschaftliche': 1.0, 'Maschinen': 1.0, 't√∂dlich': 0, 'verletzt': 0.54, 'we': 0, '‚Ä¶': 0}",positive,"[0.14106406, 0.35316113, 0.50577486]",negative
100.0,100.0,86.0,0.7,neutral,"@Fuss_Florian @wanner_fabio Warum zum Teufel ist es ""illiberal"" Landwirtschaftsbetriebe zu subventionieren die Pestizide einsetzen und ""liberal"" andere Betriebe zu subventionieren?",warum teufel illiberal landwirtschaftsbetriebe subventionieren pestizide einsetzen liberal betreiben subventionieren,,,,,,,,,,,,,,,,,,,,,,,,,,,,,,,,,,,,,,,,"{'Warum': 1.0, 'zum': 0.175, 'Teufel': 0, 'ist': 0.73, 'es': 0.73, 'illiberal': 0.41, 'Landwirtschaftsbetriebe': 0.03, 'zu': 0.05, 'subventionieren': 0.11, 'die': 0.3, 'Pestizide': 0.05, 'einsetzen': 0, 'und': 0.05, 'liberal': 0.06, 'andere': 0, 'Betriebe': 0}",negative,"[0.40319538, 0.49843973, 0.09836489]",positive
100.0,100.0,100.0,0.85,neutral,RT @andibisig: Eine intensive Landwirtschaft mit hohem Pestizideinsatz ist nicht mehr tragbar. Bei Messungen an 14 B√§chen stellte der @kant‚Ä¶,intensive landwirtschaft hoch pestizideinsatz mehr tragbar messungen b√§chen stellen,,,,,,,,,,,,,,,,,,,,,,,,,,,,,,,,,,,,,,,,"{'Eine': 0, 'intensive': 1.0, 'Landwirtschaft': 1.0, 'mit': 0.31, 'hohem': 0.16, 'Pestizideinsatz': 0.12, 'ist': 0.48, 'nicht': 0, 'mehr': 0, 'tragbar': 0, 'Bei': 0, 'Messungen': 0.21, 'an': 0, 'B√§chen': 0.1, 'stellte': 0, 'der': 0.06, '‚Ä¶': 0}",negative,"[0.03971618, 0.82132363, 0.13896021]",positive
50.0,75.0,57.0,0.0,neutral,"RT @grunliberale: ""Der Bund gibt viel Geld aus f√ºr die #Landwirtschaft. Die pflanzliche Produktion erzeugt pro Fl√§che mehr Kalo¬≠rien als di‚Ä¶",bund geben geld landwirtschaft pflanzliche produktion erzeugen pro fl√§che mehr kalo rien di,,,,,,,,,,,,,,,,,,,,,,,,,,,,,,,,,,,,,,,,"{'Der': 0.07, 'Bund': 0, 'gibt': 0, 'viel': 0.125, 'Geld': 0.19, 'aus': 0, 'f√ºr': 0, 'die': 0.07, 'Landwirtschaft': 1.0, 'Die': 0.07, 'pflanzliche': 0, 'Produktion': 0.14, 'erzeugt': 0, 'pro': 0, 'Fl√§che': 0, 'mehr': 0.05, 'Kalo\xadrien': 0, 'als': 0, 'di': 0, '‚Ä¶': 0}",neutral,"[0.85649127, 0.031741433, 0.11176738]",neutral
50.0,75.0,57.0,0.0,neutral,@wanner_fabio @MFrauchigerSVP @Kilian_Baumann Absatzsteigerung f√ºr Landwirtschaft,absatzsteigerung landwirtschaft,,,,,,,,,,,,,,,,,,,,,,,,,,,,,,,,,,,,,,,,"{'Absatzsteigerung': 0.7075, 'f√ºr': 0.31, 'Landwirtschaft': 0.59}",negative,"[0.15863171, 0.4895563, 0.35181203]",neutral
100.0,100.0,86.0,0.7,neutral,"Danke f√ºr diesen Vorstoss @Juerg_Grossen. Wenn der Bund die Landwirtschaft f√∂rdert, dann sollte es die pflanzliche Landwirtschaft sein!

https://t.co/zbi5z2fAAm @SentienceInfo",danke vorstoss bund landwirtschaft f√∂rdern sollen pflanzliche landwirtschaft,,,,,,,,,,,,,,,,,,,,,,,,,,,,,,,,,,,,,,,,"{'Danke': 0.15, 'f√ºr': 0.07, 'diesen': 0.12, 'Vorstoss': 0.15, 'Wenn': 0, 'der': 0.22, 'Bund': 0, 'die': 0.22, 'Landwirtschaft': 0.24, 'f√∂rdert': 1.0, 'dann': 0.2, 'sollte': 0.22, 'es': 0, 'pflanzliche': 0, 'sein': 0}",positive,"[0.11136004, 0.016444406, 0.8721956]",positive
0.0,0.0,14.0,-0.7,neutral,RT @viktorgiacobbo: F√ºr die Artikelserie √ºber Tierqu√§lerei in Schweizer Landwirtschaftsbetrieben auch mal ein dickes Lob f√ºr den @tagesanze‚Ä¶,artikelserie tierqu√§lerei schweizer landwirtschaftsbetrieben mal dick lob,,,,,,,,,,,,,,,,,,,,,,,,,,,,,,,,,,,,,,,,"{'F√ºr': 0.77, 'die': 1.0, 'Artikelserie': 0.19, '√ºber': 0, 'Tierqu√§lerei': 0.64, 'in': 0.31, 'Schweizer': 0.22, 'Landwirtschaftsbetrieben': 0.42, 'auch': 0, 'mal': 0, 'ein': 0, 'dickes': 0, 'Lob': 0, 'f√ºr': 0.77, 'den': 1.0, '‚Ä¶': 0}",positive,"[0.011658473, 0.0087987585, 0.97954273]",negative
50.0,75.0,57.0,0.0,negative,"@mayla_be @SandroBrotz @SRF @tiana_moser @grunliberale Ich meine einfach, die Mengen sind enorm in der Landwirtschaft und ich will Bauern da auch nichts unterstellen, so funktioniert Landwirtschaft schon seit Jahrzehnten.",einfach mengen enorm landwirtschaft bauern unterstellen funktionieren landwirtschaft schon seit jahrzehnten,,,,,,,,,,,,,,,,,,,,,,,,,,,,,,,,,,,,,,,,"{'Ich': 0.11, 'meine': 0, 'einfach': 0, 'die': 0.2, 'Mengen': 0, 'sind': 0.44, 'enorm': 1.0, 'in': 0.55, 'der': 0.2, 'Landwirtschaft': 0.11, 'und': 0.29, 'ich': 0.11, 'will': 0, 'Bauern': 0.13, 'da': 0, 'auch': 0, 'nichts': 0, 'unterstellen': 0.15, 'so': 0, 'funktioniert': 0.04, 'schon': 0, 'seit': 0, 'Jahrzehnten': 0.1}",positive,"[0.0038750921, 0.0018969129, 0.994228]",neutral
