answer_five,answer_four,answer_seven,polarity,sentiment_gs,tweet,tweet_tokens,absa_token_weights_3389,absa_sentiment_3389,absa_scores_3389,absa_token_weights_3392,absa_sentiment_3392,absa_scores_3392,absa_token_weights_3412,absa_sentiment_3412,absa_scores_3412,absa_token_weights_3414,absa_sentiment_3414,absa_scores_3414,absa_token_weights_3459,absa_sentiment_3459,absa_scores_3459,absa_token_weights_3466,absa_sentiment_3466,absa_scores_3466,absa_token_weights_3467,absa_sentiment_3467,absa_scores_3467,absa_token_weights_3474,absa_sentiment_3474,absa_scores_3474,absa_token_weights_3478,absa_sentiment_3478,absa_scores_3478,absa_token_weights_3479,absa_sentiment_3479,absa_scores_3479,sentiment_tb
50.0,75.0,57.0,0.0,neutral,"@kuenzler @narimoldi @StettlerRoger @minlimarti @init7 @watson_news Wieso nennt man das eigentlich #Vaterschaftsurlaub oder #Papizeit? Eigentlich ist das #Elterndienst oder #Kinderbetreuungszeit.
Sagt ein Papi.

Es heisst ja auch nicht #Milit√§rurlaub oder #Zivilzeit",wieso nennen eigentlich vaterschaftsurlaub papizeit eigentlich elterndienst kinderbetreuungszeit sagen papi heisst ja milit√§rurlaub zivilzeit,"{'Wieso': 0, 'nennt': 0, 'man': 0, 'das': 0, 'eigentlich': 0.09, 'Vaterschaftsurlaub': 0.06, 'oder': 0.06, 'Papizeit': 0.060000000000000005, 'Eigentlich': 0.09, 'ist': 0.21, 'Elterndienst': 0.135, 'Kinderbetreuungszeit': 0.525, 'Sagt': 0.22, 'ein': 0, 'Papi': 0.16, 'Es': 0.21, 'heisst': 0.16, 'ja': 0, 'auch': 0, 'nicht': 0, 'Milit√§rurlaub': 0.09, 'Zivilzeit': 0.060000000000000005}",neutral,"[0.8466648, 0.13601278, 0.017322436]",,,,,,,"{'Wieso': 0, 'nennt': 0, 'man': 0, 'das': 0, 'eigentlich': 0.05, 'Vaterschaftsurlaub': 1.0, 'oder': 0.19, 'Papizeit': 0.1, 'Eigentlich': 0.05, 'ist': 0.08, 'Elterndienst': 0.03, 'Kinderbetreuungszeit': 0.11000000000000001, 'Sagt': 0.18, 'ein': 0, 'Papi': 0.06, 'Es': 0.08, 'heisst': 0.095, 'ja': 0, 'auch': 0, 'nicht': 0, 'Milit√§rurlaub': 0.585, 'Zivilzeit': 0.175}",neutral,"[0.8653532, 0.1096656, 0.024981221]",,,,,,,,,,,,,,,,,,,neutral
100.0,100.0,100.0,1.0,negative,"Ich verstehe nicht, wieso alle √ºber #Vaterschaftsurlaub diskutieren, wenn es eher ein #Vaterschaftsdienst ist.
Dito #Elternzeit, die doch eine #Kinderbetreuungszeit ist.
#KeineFerien #KeineErholung
Passt doch mal das Wording an liebe @NZZ @20min @tagesanzeiger @Blickch",verstehen wieso all vaterschaftsurlaub diskutieren eher vaterschaftsdienst dito elternzeit kinderbetreuungszeit keineferien keineerholung passt mal wording lieb,"{'Ich': 0.04, 'verstehe': 0.07, 'nicht': 0, 'wieso': 0, 'alle': 0.06, '√ºber': 0, 'Vaterschaftsurlaub': 0.16, 'diskutieren': 0, 'wenn': 0, 'es': 0.06, 'eher': 0, 'ein': 0, 'Vaterschaftsdienst': 0.09, 'ist': 0.06, 'Dito': 0, 'Elternzeit': 0.15000000000000002, 'die': 0.21, 'doch': 0, 'eine': 0, 'Kinderbetreuungszeit': 0.39499999999999996, 'KeineFerien': 0.2, 'KeineErholung': 0.2, 'Passt': 0, 'mal': 0, 'das': 0, 'Wording': 0.99, 'an': 0, 'liebe': 1.0}",positive,"[0.3141988, 0.10296593, 0.58283526]",,,,,,,"{'Ich': 0.05, 'verstehe': 0.14, 'nicht': 0, 'wieso': 0, 'alle': 0.17, '√ºber': 0, 'Vaterschaftsurlaub': 0.03, 'diskutieren': 0, 'wenn': 0, 'es': 0.02, 'eher': 0, 'ein': 0, 'Vaterschaftsdienst': 0.1, 'ist': 0.02, 'Dito': 0, 'Elternzeit': 0.035, 'die': 0.03, 'doch': 0, 'eine': 0, 'Kinderbetreuungszeit': 0.05, 'KeineFerien': 0.03, 'KeineErholung': 0.03, 'Passt': 0, 'mal': 0, 'das': 0, 'Wording': 0.04, 'an': 0, 'liebe': 0.06}",positive,"[0.31706238, 0.29014584, 0.3927918]",,,,,,,,,,,,,,,,,,,positive
50.0,75.0,57.0,0.0,neutral,"RT @Piratenpartei: Anzahl der Todesf√§lle in Deutschland durch:

üç∫ ca. 75.000

üö¨ ca. 125.000

üíä ca. 1.000

ü•¶ 0

#IAmCannabis #LegalizeIt #PI‚Ä¶",anzahl todesf√§lle deutschland ca ca ca iamcannabis legalizeit pi,,,,"{'Anzahl': 0, 'der': 0, 'Todesf√§lle': 0.12, 'in': 0.03, 'Deutschland': 0.06, 'durch': 0, 'ca.': 0, '75.000': 0, '125.000': 0, '1.000': 0, 'ü•¶': 0, 'IAmCannabis': 0, 'LegalizeIt': 0, 'PI': 0, '‚Ä¶': 0}",neutral,"[0.89255834, 0.07796489, 0.029476715]",,,,,,,,,,,,,,,,,,,,,,,,,neutral
50.0,75.0,57.0,0.0,neutral,RT @LangstrumpfPipo: @kathrinbertschy Cannabis-Pilotversuche? #LegalizeIt https://t.co/bs6R355e2T,cannabis pilotversuche legalizeit,,,,"{'Cannabis-Pilotversuche': 0.6725, 'LegalizeIt': 0.78}",neutral,"[0.9824587, 0.0038502445, 0.013691012]",,,,,,,,,,,,,,,,,,,,,,,,,neutral
50.0,75.0,57.0,0.0,neutral,RT @ppaargau: Die Piratenpartei nimmt auch w√§hrend #WahlCH19 an Vernehmlassung zur √Ñnderung #Bet√§ububgsmittelgesetz #Cannabis #CBD #THC tei‚Ä¶,piratenpartei nehmen wahlch19 vernehmlassung √§nderung bet√§ububgsmittelgesetz cannabis cbd thc tei,,,,"{'Die': 0.3, 'Piratenpartei': 0.24000000000000002, 'nimmt': 0.05, 'auch': 0.07, 'w√§hrend': 0, 'WahlCH19': 0, 'an': 0, 'Vernehmlassung': 0.18, 'zur': 0.25, '√Ñnderung': 0, 'Bet√§ububgsmittelgesetz': 0.605, 'Cannabis': 1.0, 'CBD': 0.57, 'THC': 0.35, 'tei': 0, '‚Ä¶': 0}",neutral,"[0.90982544, 0.013884424, 0.076290056]",,,,,,,,,,,,,,,,,,,,,,,,,neutral
25.0,25.0,28.0,-0.3333333333333333,negative,"Muss man wirklich kiffen oder darf man auch einen Kuchen backen oder Tee kochen? 
Weniger Schlagzeile w√§re manchmal mehr... 
@ppsde #cannabis https://t.co/EOzkQln7Xb",wirklich kiffen d√ºrfen kuchen backen tee kochen wenig schlagzeile manchmal mehr cannabis,,,,"{'Muss': 0, 'man': 0, 'wirklich': 0.06, 'kiffen': 0.05, 'oder': 0.07, 'darf': 0, 'auch': 0, 'einen': 0.03, 'Kuchen': 0.06, 'backen': 0.07, 'Tee': 0, 'kochen': 0, 'Weniger': 0, 'Schlagzeile': 0.32, 'w√§re': 0.1, 'manchmal': 0.09, 'mehr': 0.27, '...': 0, 'cannabis': 1.0}",positive,"[0.21259049, 0.021627916, 0.76578164]",,,,,,,,,,,,,,,,,,,,,,,,,negative
50.0,75.0,57.0,0.0,neutral,"@haeslii_f @AlainS1991 @alain_berset @BAG_OFSP_UFSP Wahrscheinlich wegen dem Schweizer Volk, siehe https://t.co/QuHg5bditA

√Ñhnlich unverst√§ndliche Entscheide gabs auch beim #Cannabis oder sogar mehrfach beim #Frauenstimmrecht 

#SoTicktDieSchweiz",wahrscheinlich wegen schweizer volk siehe √§hnlich unverst√§ndliche entscheide gabs beim cannabis sogar mehrfach beim frauenstimmrecht soticktdieschweiz,,,,"{'Wahrscheinlich': 0.03, 'wegen': 0.02, 'dem': 0.03, 'Schweizer': 0.05, 'Volk': 0.05, 'siehe': 0, '√Ñhnlich': 0, 'unverst√§ndliche': 0.22, 'Entscheide': 0, 'gabs': 0.04, 'auch': 0, 'beim': 0.03, 'Cannabis': 1.0, 'oder': 0.28, 'sogar': 0.11, 'mehrfach': 0, 'Frauenstimmrecht': 0, 'SoTicktDieSchweiz': 0}",neutral,"[0.5748941, 0.40405017, 0.021055777]",,,,,,,,,,,,,,,,,,,,,,,,,neutral
100.0,100.0,86.0,0.7,neutral,"RT @rudolf_mohler: Statt Deals zu schliessen, muss √ºber ein h√∂heres #Rentenalter geredet werden ‚Äì f√ºr Frauen und M√§nner. https://t.co/2CCN4‚Ä¶",statt deals schliessen hoch rentenalter reden frauen m√§nner,,,,,,,"{'Statt': 0.14, 'Deals': 0.13, 'zu': 0.19, 'schliessen': 0, 'muss': 0.19, '√ºber': 0, 'ein': 0, 'h√∂heres': 0.25, 'Rentenalter': 0.42, 'geredet': 0, 'werden': 0, '‚Äì': 0, 'f√ºr': 0, 'Frauen': 0, 'und': 0, 'M√§nner': 0}",neutral,"[0.7279854, 0.019187571, 0.2528271]",,,,,,,,,,,,,,,,,,,,,,positive
50.0,75.0,57.0,0.0,neutral,"@kuenzler @narimoldi @StettlerRoger @minlimarti @init7 @watson_news Wieso nennt man das eigentlich #Vaterschaftsurlaub oder #Papizeit? Eigentlich ist das #Elterndienst oder #Kinderbetreuungszeit.
Sagt ein Papi.

Es heisst ja auch nicht #Milit√§rurlaub oder #Zivilzeit",wieso nennen eigentlich vaterschaftsurlaub papizeit eigentlich elterndienst kinderbetreuungszeit sagen papi heisst ja milit√§rurlaub zivilzeit,"{'Wieso': 0, 'nennt': 0, 'man': 0, 'das': 0, 'eigentlich': 0.09, 'Vaterschaftsurlaub': 0.06, 'oder': 0.06, 'Papizeit': 0.060000000000000005, 'Eigentlich': 0.09, 'ist': 0.21, 'Elterndienst': 0.135, 'Kinderbetreuungszeit': 0.525, 'Sagt': 0.22, 'ein': 0, 'Papi': 0.16, 'Es': 0.21, 'heisst': 0.16, 'ja': 0, 'auch': 0, 'nicht': 0, 'Milit√§rurlaub': 0.09, 'Zivilzeit': 0.060000000000000005}",neutral,"[0.8466648, 0.13601278, 0.017322436]",,,,,,,"{'Wieso': 0, 'nennt': 0, 'man': 0, 'das': 0, 'eigentlich': 0.05, 'Vaterschaftsurlaub': 1.0, 'oder': 0.19, 'Papizeit': 0.1, 'Eigentlich': 0.05, 'ist': 0.08, 'Elterndienst': 0.03, 'Kinderbetreuungszeit': 0.11000000000000001, 'Sagt': 0.18, 'ein': 0, 'Papi': 0.06, 'Es': 0.08, 'heisst': 0.095, 'ja': 0, 'auch': 0, 'nicht': 0, 'Milit√§rurlaub': 0.585, 'Zivilzeit': 0.175}",neutral,"[0.8653532, 0.1096656, 0.024981221]",,,,,,,,,,,,,,,,,,,neutral
100.0,100.0,100.0,1.0,negative,"Ich verstehe nicht, wieso alle √ºber #Vaterschaftsurlaub diskutieren, wenn es eher ein #Vaterschaftsdienst ist.
Dito #Elternzeit, die doch eine #Kinderbetreuungszeit ist.
#KeineFerien #KeineErholung
Passt doch mal das Wording an liebe @NZZ @20min @tagesanzeiger @Blickch",verstehen wieso all vaterschaftsurlaub diskutieren eher vaterschaftsdienst dito elternzeit kinderbetreuungszeit keineferien keineerholung passt mal wording lieb,"{'Ich': 0.04, 'verstehe': 0.07, 'nicht': 0, 'wieso': 0, 'alle': 0.06, '√ºber': 0, 'Vaterschaftsurlaub': 0.16, 'diskutieren': 0, 'wenn': 0, 'es': 0.06, 'eher': 0, 'ein': 0, 'Vaterschaftsdienst': 0.09, 'ist': 0.06, 'Dito': 0, 'Elternzeit': 0.15000000000000002, 'die': 0.21, 'doch': 0, 'eine': 0, 'Kinderbetreuungszeit': 0.39499999999999996, 'KeineFerien': 0.2, 'KeineErholung': 0.2, 'Passt': 0, 'mal': 0, 'das': 0, 'Wording': 0.99, 'an': 0, 'liebe': 1.0}",positive,"[0.3141988, 0.10296593, 0.58283526]",,,,,,,"{'Ich': 0.05, 'verstehe': 0.14, 'nicht': 0, 'wieso': 0, 'alle': 0.17, '√ºber': 0, 'Vaterschaftsurlaub': 0.03, 'diskutieren': 0, 'wenn': 0, 'es': 0.02, 'eher': 0, 'ein': 0, 'Vaterschaftsdienst': 0.1, 'ist': 0.02, 'Dito': 0, 'Elternzeit': 0.035, 'die': 0.03, 'doch': 0, 'eine': 0, 'Kinderbetreuungszeit': 0.05, 'KeineFerien': 0.03, 'KeineErholung': 0.03, 'Passt': 0, 'mal': 0, 'das': 0, 'Wording': 0.04, 'an': 0, 'liebe': 0.06}",positive,"[0.31706238, 0.29014584, 0.3927918]",,,,,,,,,,,,,,,,,,,positive
100.0,100.0,86.0,0.7,negative,RT @NicoRadio: Ein 4-w√∂chiger #Vaterschaftsurlaub w√ºrde laut Bundesrat die Firmen vor zu grosse organisatorische Herausforderungen stellen.‚Ä¶,w√∂chiger vaterschaftsurlaub laut bundesrat firmen grosse organisatorische herausforderungen stellen,,,,,,,,,,"{'Ein': 0.35, '4-w√∂chiger': 0.3, 'Vaterschaftsurlaub': 0.87, 'w√ºrde': 0.39, 'laut': 0.12, 'Bundesrat': 0.11, 'die': 0.08, 'Firmen': 0.21, 'vor': 0, 'zu': 0.09, 'grosse': 0, 'organisatorische': 0.13, 'Herausforderungen': 0.12, 'stellen': 0, '‚Ä¶': 0}",negative,"[0.31771228, 0.60467464, 0.077612996]",,,,,,,,,,,,,,,,,,,positive
50.0,75.0,57.0,0.0,neutral,"RT @ppsde: Unsere Vernehmlassungsantwort zur Neuausrichtung von E-Voting.
tl;dr Keine Experimente mit unserer Basisdemokratie und dabei noc‚Ä¶",vernehmlassungsantwort neuausrichtung e voting tlr experimente basisdemokratie dabei noc,,,,,,,,,,,,,"{'Unsere': 0.18, 'Vernehmlassungsantwort': 0.12000000000000001, 'zur': 0.04, 'Neuausrichtung': 0.18, 'von': 0, 'E-Voting': 0, 'tlr': 0.64, 'Keine': 0, 'Experimente': 0, 'mit': 0.2, 'unserer': 0.18, 'Basisdemokratie': 0.12, 'und': 0.12, 'dabei': 0, 'noc': 0, '‚Ä¶': 0}",neutral,"[0.565403, 0.09074155, 0.3438555]",,,,,,,,,,,,,,,,neutral
50.0,75.0,57.0,0.0,neutral,"RT @LangstrumpfPipo: E-Voting ‚Äì Ein Lagebericht @JorgoA 
https://t.co/gmPp0DcSLQ https://t.co/eUAbHALGW2",e voting lagebericht,,,,,,,,,,,,,"{'E-Voting': 0, '‚Äì': 0, 'Ein': 0, 'Lagebericht': 0}",neutral,"[0.6432521, 0.055834085, 0.3009138]",,,,,,,,,,,,,,,,neutral
100.0,100.0,100.0,0.85,neutral,"Mit E-Voting zur Entertainment-Demokratie, der Artikel ist ab heute online: https://t.co/DVnNxvUnsY
19:45 Uhr gibt es den passenden Vortrag dazu am @digiges_ch #Winterkongress.
Darum jetzt die Initiative unterst√ºtzen auf https://t.co/VAjjddgYF4
@eVoteMoratorium",e voting entertainment demokratie artikel ab heute online uhr geben passend vortrag winterkongress darum initiative unterst√ºtzen,,,,,,,,,,,,,"{'Mit': 1.0, 'E-Voting': 0, 'zur': 0.03, 'Entertainment-Demokratie': 0.245, 'der': 0.03, 'Artikel': 0.23, 'ist': 0.16, 'ab': 0, 'heute': 0.09, 'online': 0.22, '19:45': 0, 'Uhr': 0, 'gibt': 0, 'es': 0.16, 'den': 0.03, 'passenden': 0, 'Vortrag': 0, 'dazu': 0, 'am': 0, 'Winterkongress': 0.025, 'Darum': 0, 'jetzt': 0.18, 'die': 0.03, 'Initiative': 0.07, 'unterst√ºtzen': 0.12, 'auf': 0}",neutral,"[0.6350718, 0.05684541, 0.3080827]",,,,,,,,,,,,,,,,positive
50.0,75.0,57.0,0.0,neutral,"RT @CCC_CH: @NZZ Cybervoting - was @CyberMyri / @ETH in @swissinfo_de sagt:

""Es geht beim E-Voting nicht nur um Technologie. Wenn jemand g‚Ä¶",cybervoting sagen gehen beim e voting technologie jemand g,,,,,,,,,,,,,"{'Cybervoting': 0.18, 'was': 0, 'in': 0.07, 'sagt': 0.06, 'Es': 0.07, 'geht': 0, 'beim': 0, 'E-Voting': 0, 'nicht': 0.07, 'nur': 0, 'um': 0, 'Technologie': 0.2, 'Wenn': 0, 'jemand': 1.0, 'g': 1.0, '‚Ä¶': 0}",neutral,"[0.8741665, 0.046554964, 0.07927862]",,,,,,,,,,,,,,,,neutral
100.0,100.0,100.0,1.0,neutral,"RT @eVoteMoratorium: ¬´Letztlich bietet die Volksinitiative f√ºr ein E-Voting-Moratorium die beste Garantie, dass keine unsicheren und intran‚Ä¶",letztlich bieten volksinitiative e voting moratorium gut garantie unsicher intran,,,,,,,,,,,,,"{'¬´': 0, 'Letztlich': 0, 'bietet': 0, 'die': 0, 'Volksinitiative': 0, 'f√ºr': 0, 'ein': 0, 'E-Voting-Moratorium': 0, 'beste': 0, 'Garantie': 0, 'dass': 0, 'keine': 0, 'unsicheren': 0, 'und': 0, 'intran': 0, '‚Ä¶': 0}",positive,"[0.18856215, 0.20811114, 0.6033267]",,,,,,,,,,,,,,,,positive
100.0,100.0,86.0,0.7,neutral,"RT @yvohofer: Nun ist es offiziell: Die eidgen√∂ssische Jugendsession 2019 unterst√ºtzt die Volksinitiative f√ºr ein E-Voting-Moratorium!
Das‚Ä¶",offiziell eidgen√∂ssische jugendsession unterst√ºtzen volksinitiative e voting moratorium,,,,,,,,,,,,,"{'Nun': 0, 'ist': 0.08, 'es': 0.08, 'offiziell': 0, 'Die': 1.0, 'eidgen√∂ssische': 0.07, 'Jugendsession': 0.075, 'unterst√ºtzt': 0.57, 'die': 1.0, 'Volksinitiative': 0.1, 'f√ºr': 0.08, 'ein': 0, 'E-Voting-Moratorium': 0, 'Das': 1.0, '‚Ä¶': 0}",positive,"[0.35985434, 0.068648666, 0.57149696]",,,,,,,,,,,,,,,,positive
0.0,0.0,14.0,-0.7,neutral,"@MatthiasEngel09 weiter: ""... Hilfsmittel der Sehbehinderten auf die Abstimmungsunterlagen abgleichen. ¬´Solange die Unterlagen von Gemeinde zu Gemeinde verschieden sind, ist das aber nicht m√∂glich¬ª ... Dass es eine solche analoge Alternative zum E-Voting gibt, zeigt ein Blick ins Ausland.",weit hilfsmittel sehbehinderten abstimmungsunterlagen abgleichen solange unterlagen gemeinden gemeinden verscheiden m√∂glich analoge alternative e voting geben zeigen blick ausland,,,,,,,,,,,,,"{'weiter': 0.05, '...': 0, 'Hilfsmittel': 0.04, 'der': 0.12, 'Sehbehinderten': 0.075, 'auf': 0, 'die': 0, 'Abstimmungsunterlagen': 0.585, 'abgleichen': 0.07, '¬´': 0, 'Solange': 0, 'Unterlagen': 0, 'von': 0, 'Gemeinde': 0, 'zu': 0, 'verschieden': 0, 'sind': 0, 'ist': 0, 'das': 0, 'aber': 0, 'nicht': 0, 'm√∂glich': 0, '¬ª': 0, 'Dass': 0, 'es': 0, 'eine': 0, 'solche': 0, 'analoge': 0, 'Alternative': 0, 'zum': 0, 'E-Voting': 0, 'gibt': 0, 'zeigt': 0, 'ein': 0, 'Blick': 0, 'ins': 0, 'Ausland': 0}",neutral,"[0.6286272, 0.33440512, 0.036967687]",,,,,,,,,,,,,,,,negative
0.0,0.0,0.0,-1.0,negative,"RT @LangstrumpfPipo: ""Nicht einmal die hitzigen Debatten um ¬´Upload-Filter¬ª, die Probleme rund ums E-Voting oder die Einf√ºhrung einer E-ID‚Ä¶",hitzig debatten upload filter probleme rund ums e voting einf√ºhrung e id,,,,,,,,,,,,,"{'Nicht': 1.0, 'einmal': 0, 'die': 0, 'hitzigen': 0.28, 'Debatten': 0.22999999999999998, 'um': 0, '¬´': 0, 'Upload-Filter': 0, '¬ª': 0, 'Probleme': 0, 'rund': 0, 'ums': 0, 'E-Voting': 0, 'oder': 0, 'Einf√ºhrung': 0, 'einer': 0, 'E-ID': 0, '‚Ä¶': 0}",negative,"[0.38701844, 0.588924, 0.02405756]",,,,,,,,,,,,,,,,negative
100.0,100.0,100.0,0.85,neutral,"E-Voting-Stimmen sind anonyme Daten: eine menschliche Handschrift fehlt. Man vertraut nur den Algorithmen.
https://t.co/eO1Oqmy4Mp
Darum jetzt das @eVoteMoratorium unterst√ºtzen.",e voting stimmen anonym daten menschliche handschrift fehlen vertrauen algorithmen darum unterst√ºtzen,,,,,,,,,,,,,"{'E-Voting-Stimmen': 0.27, 'sind': 0.17, 'anonyme': 0.3, 'Daten': 0.49, 'eine': 0, 'menschliche': 0.16, 'Handschrift': 0.2, 'fehlt': 0.12, 'Man': 0, 'vertraut': 0, 'nur': 0.18, 'den': 0.19, 'Algorithmen': 0.47, 'Darum': 0, 'jetzt': 1.0, 'das': 0, 'unterst√ºtzen': 1.0}",neutral,"[0.4510713, 0.34287035, 0.20605843]",,,,,,,,,,,,,,,,positive
50.0,75.0,57.0,0.0,negative,"RT @dbrgn: Die Abschlussberichte zum einzig verbleibenden E-Voting-System der Schweiz sind da. Es ist ein Desaster.

https://t.co/mWqur1gKL‚Ä¶",abschlussberichte einzig verbleibend e voting system schweiz desaster,,,,,,,,,,,,,"{'Die': 0.08, 'Abschlussberichte': 0.17500000000000002, 'zum': 0.08, 'einzig': 0.11, 'verbleibenden': 0.12, 'E-Voting-System': 0, 'der': 0.08, 'Schweiz': 0.17, 'sind': 0.12, 'da': 0, 'Es': 0, 'ist': 0, 'ein': 0, 'Desaster': 1.0}",negative,"[0.008301294, 0.98497146, 0.006727191]",,,,,,,,,,,,,,,,neutral
100.0,100.0,86.0,0.7,neutral,"RT @zac1967: Freude herrscht! Nationalrat unterst√ºtzt meine Motion ""E-Versand statt E-Voting"" https://t.co/jglErd1bDV",freude herrschen nationalrat unterst√ºtzen motion e versand statt e voting,,,,,,,,,,,,,"{'Freude': 0.13, 'herrscht': 0.11, 'Nationalrat': 0.075, 'unterst√ºtzt': 0.29, 'meine': 0.09, 'Motion': 0.17, 'E-Versand': 0, 'statt': 0.18, 'E-Voting': 0}",positive,"[0.1734431, 0.04808357, 0.7784734]",,,,,,,,,,,,,,,,positive
50.0,75.0,57.0,0.0,negative,"RT @bitcoinschweiz: E-Voting Schweiz: Projekt ist eine grosse Blackbox ‚Äì Keine umfassende Audits ‚Äì Volksinitiative fordert Stopp!
https://t‚Ä¶",e voting schweiz projekt grosse blackbox umfassend audits volksinitiative fordern stopp,,,,,,,,,,,,,"{'E-Voting': 0, 'Schweiz': 0.12, 'Projekt': 0.18, 'ist': 0.2, 'eine': 0, 'grosse': 0, 'Blackbox': 0, '‚Äì': 0, 'Keine': 0, 'umfassende': 0, 'Audits': 0, 'Volksinitiative': 0, 'fordert': 0, 'Stopp': 0}",negative,"[0.22474156, 0.6729099, 0.10234851]",,,,,,,,,,,,,,,,neutral
50.0,75.0,57.0,0.0,neutral,"RT @CCC_CH: Cybervoting - @Mayor_Arnold / @CVP_PDC zum @eVoteMoratorium:

""Ich war bis vor kurzem der Meinung, das E-Voting-Moratorium sei‚Ä¶",cybervoting kurz meinung e voting moratorium,,,,,,,,,,,,,"{'Cybervoting': 0.11, 'zum': 0.27, 'Ich': 0.08, 'war': 0, 'bis': 0.21, 'vor': 0, 'kurzem': 0.2, 'der': 0.27, 'Meinung': 1.0, 'das': 1.0, 'E-Voting-Moratorium': 0, 'sei': 0, '‚Ä¶': 0}",negative,"[0.2879949, 0.69550437, 0.016500778]",,,,,,,,,,,,,,,,neutral
50.0,75.0,57.0,0.0,negative,"RT @CCC_CH: Cybervoting - #echoderzeit vom @SRF mit 3min-Audiopodcast: E-Voting der @postschweiz gescheitert. https://t.co/loveAEbgru

#Cyb‚Ä¶",cybervoting echoderzeit 3min audiopodcast e voting scheitern cyb,,,,,,,,,,,,,"{'Cybervoting': 0.31, 'echoderzeit': 0.23, 'vom': 0.12, 'mit': 0.08, '3min-Audiopodcast': 0, 'E-Voting': 0, 'der': 0, 'gescheitert': 1.0, 'Cyb': 0.17, '‚Ä¶': 0}",negative,"[0.3120606, 0.5198256, 0.16811377]",,,,,,,,,,,,,,,,neutral
50.0,75.0,57.0,0.0,neutral,"@PiratenBS_BL Die Piratenpartei f√ºhrt deshalb seit einiger Zeit eine (leider noch  unvollst√§ndige) Liste der verf√ºgbaren E-Voting-Source-Codes und  Sicherungskopien. 
https://t.co/KRObg7h19b

#EVoting @eVoteMoratorium",piratenpartei f√ºhren deshalb seit zeit leider unvollst√§ndig liste verf√ºgbar e voting source codes sicherungskopien evoting,,,,,,,,,,,,,"{'Die': 0.06, 'Piratenpartei': 0.07500000000000001, 'f√ºhrt': 0, 'deshalb': 0.07, 'seit': 0, 'einiger': 0.07, 'Zeit': 0.07, 'eine': 0, 'leider': 0.05, 'noch': 0.02, 'unvollst√§ndige': 0.07, 'Liste': 0, 'der': 0.06, 'verf√ºgbaren': 0.1, 'E-Voting-Source-Codes': 0, 'und': 0.09, 'Sicherungskopien': 0.11499999999999999, 'EVoting': 0.94}",neutral,"[0.48655856, 0.42810985, 0.085331544]",,,,,,,,,,,,,,,,neutral
100.0,100.0,100.0,0.85,neutral,RT @eVoteMoratorium: ¬´Ich unterst√ºtze die Schweizer Initiative f√ºr ein E-Voting-Moratorium. Die Schweizer B√ºrger m√ºssen bessere Prozesse ve‚Ä¶,unterst√ºtzen schweizer initiative e voting moratorium schweizer b√ºrger m√ºssen gut prozesse ve,,,,,,,,,,,,,"{'¬´': 0, 'Ich': 0, 'unterst√ºtze': 0, 'die': 0, 'Schweizer': 0, 'Initiative': 0, 'f√ºr': 0, 'ein': 0, 'E-Voting-Moratorium': 0, 'Die': 0, 'B√ºrger': 0, 'm√ºssen': 0, 'bessere': 0, 'Prozesse': 0, 've': 0, '‚Ä¶': 0}",negative,"[0.29678884, 0.54121006, 0.16200106]",,,,,,,,,,,,,,,,positive
0.0,0.0,0.0,-1.0,negative,RT @watson_news: Schlechte Nachrichten f√ºr die Post: N√§chste kritische Sicherheitsl√ºcke beim E-Voting entdeckt. https://t.co/cW5ZOJPEsi,schlecht nachrichten post n√§chst kritisch sicherheitsl√ºcke beim e voting entdecken,,,,,,,,,,,,,"{'Schlechte': 0.69, 'Nachrichten': 0, 'f√ºr': 0.25, 'die': 0.18, 'Post': 0.86, 'N√§chste': 0.8, 'kritische': 0.42, 'Sicherheitsl√ºcke': 0.17, 'beim': 0.18, 'E-Voting': 0, 'entdeckt': 0.4}",negative,"[0.030662125, 0.96248245, 0.006855447]",,,,,,,,,,,,,,,,negative
50.0,75.0,57.0,0.0,neutral,RT @eVoteMoratorium: Hackerin entdeckt neue L√ºcke im Post-E-Voting  https://t.co/gWBY3WYF1J #eVoting https://t.co/gg2X85KyFG,hackerin entdecken neue l√ºcke post e voting evoting,,,,,,,,,,,,,"{'Hackerin': 0, 'entdeckt': 0, 'neue': 0.12, 'L√ºcke': 0.21, 'im': 0, 'Post-E-Voting': 0, 'eVoting': 1.0}",negative,"[0.33340988, 0.64467835, 0.021911798]",,,,,,,,,,,,,,,,neutral
100.0,100.0,100.0,1.0,neutral,"RT @CCC_CH: Cybervoting - Volker Birk (@blog_fdik_org) im #TopTalk von TELE-TOP (@diisteletop):
""[D]ass es uns Experten beim E-Voting √ºberh‚Ä¶",cybervoting volker birk toptalk tele top d ass experten beim e voting √ºberh,,,,,,,,,,,,,"{'Cybervoting': 0.16, 'Volker': 0.09, 'Birk': 0.06, 'im': 0, 'TopTalk': 0.11, 'von': 0.09, 'TELE-TOP': 0, '):': 0, 'D': 0.18, 'ass': 0, 'es': 0, 'uns': 0.21, 'Experten': 0.34, 'beim': 0.05, 'E-Voting': 0, '√ºberh': 0, '‚Ä¶': 0}",neutral,"[0.749856, 0.210179, 0.039965037]",,,,,,,,,,,,,,,,positive
50.0,75.0,57.0,0.0,neutral,RT @wecollectCH: @eVoteMoratorium Sammelstart E-Voting Moratorium in Luzern. #eVoting. ‚ñ∂Ô∏è PDF https://t.co/alAJ3BxlxN ‚ñ∂Ô∏è Online unterschrei‚Ä¶,sammelstart e voting moratorium luzern evoting pdf online unterschrei,,,,,,,,,,,,,"{'Sammelstart': 0.105, 'E-Voting': 0, 'Moratorium': 0.2, 'in': 0.06, 'Luzern': 0, 'eVoting': 0.27, '‚ñ∂': 0, 'Ô∏è': 0, 'PDF': 0, 'Online': 0, 'unterschrei': 0, '‚Ä¶': 0}",neutral,"[0.9508009, 0.026500676, 0.0226985]",,,,,,,,,,,,,,,,neutral
0.0,0.0,14.0,-0.7,neutral,"@urshafner1 @eVoteMoratorium @HansruediWidmer Aber das E-Banking haben Sie dann schon im Griff, oder?
Beim E-Voting mit Stimmgeheimnis w√§re die Technik noch um Einiges komplizierter ... Lesen Sie mal die Argumente oder fragen Sie Experten. https://t.co/PZ2dncImrj https://t.co/gFXDhL7fNz",e banking schon griff beim e voting stimmgeheimnis technik kompliziert lesen mal argumente fragen experten,,,,,,,,,,,,,"{'Aber': 0.15, 'das': 0, 'E-Banking': 0, 'haben': 0.05, 'Sie': 0, 'dann': 0, 'schon': 0, 'im': 0, 'Griff': 0, 'oder': 0.11, 'Beim': 0.04, 'E-Voting': 0, 'mit': 0.34, 'Stimmgeheimnis': 0.32, 'w√§re': 1.0, 'die': 0.04, 'Technik': 0.31, 'noch': 0, 'um': 0.06, 'Einiges': 0.06, 'komplizierter': 0.215, '...': 0, 'Lesen': 0.12, 'mal': 0, 'Argumente': 0.06, 'fragen': 0, 'Experten': 0.08}",negative,"[0.17206085, 0.8048791, 0.023060013]",,,,,,,,,,,,,,,,negative
50.0,75.0,57.0,0.0,neutral,"RT @dbrgn: https://t.co/C9Nddr5ATa zur üá®üá≠-E-Voting-Backdoor: https://t.co/sLddr3l5uA

""Den konkreten Fehler wird der Hersteller des Systems‚Ä¶",e voting backdoor konkret fehler hersteller systems,,,,,,,,,,,,,"{'zur': 0.225, 'üá®': 0, 'üá≠': 0, '-E-Voting-Backdoor': 0, 'Den': 0, 'konkreten': 0, 'Fehler': 0, 'wird': 0, 'der': 0, 'Hersteller': 0, 'des': 0, 'Systems': 0, '‚Ä¶': 0}",negative,"[0.1888283, 0.7976281, 0.013543555]",,,,,,,,,,,,,,,,neutral
100.0,100.0,100.0,1.0,neutral,"RT @martinsteiger: @zurichlive @bglaettli Damit kann man E-Voting in einer Demokratie, die diesen Namen verdienen und vertrauensw√ºrdig sein‚Ä¶",e voting demokratie namen verdienen vertrauensw√ºrdig,,,,,,,,,,,,,"{'Damit': 0.07, 'kann': 0.07, 'man': 0, 'E-Voting': 0, 'in': 0.07, 'einer': 0, 'Demokratie': 0.16, 'die': 0.05, 'diesen': 0, 'Namen': 0, 'verdienen': 0, 'und': 0.09, 'vertrauensw√ºrdig': 0.15, 'sein': 0, '‚Ä¶': 0}",negative,"[0.3580742, 0.41080856, 0.23111726]",,,,,,,,,,,,,,,,positive
0.0,0.0,0.0,-1.0,neutral,"@postschweiz @narimoldi @SarahJamieLewis Solange die @postschweiz nicht komplett alle alten und aktuellen E-Voting-Systeme offenlegt, und nicht nur ein Teil des Codes pr√ºfen l√§sst, ist so ziemlich jede Behauptung diesbez√ºglich unglaubw√ºrdig. 
Am Samstag beginnt √ºbrigens die Unterschriftensammlung f√ºrs @eVoteMoratorium",solange komplett all alt aktuell e voting systeme offenlegen teil codes pr√ºfen l√§sst ziemlich jed behauptung diesbez√ºglich unglaubw√ºrdig samstag beginnen √ºbrigens unterschriftensammlung f√ºrs,,,,,,,,,,,,,"{'Solange': 0, 'die': 0.12, 'nicht': 0.03, 'komplett': 0.04, 'alle': 0, 'alten': 0.06, 'und': 0.04, 'aktuellen': 0.08, 'E-Voting-Systeme': 0.08, 'offenlegt': 0, 'nur': 0.04, 'ein': 0, 'Teil': 0.04, 'des': 0, 'Codes': 0, 'pr√ºfen': 0, 'l√§sst': 0, 'ist': 0.05, 'so': 0, 'ziemlich': 0.045, 'jede': 0.05, 'Behauptung': 0.21, 'diesbez√ºglich': 0.0675, 'unglaubw√ºrdig': 0.16, 'Am': 0, 'Samstag': 1.0, 'beginnt': 0, '√ºbrigens': 0.12, 'Unterschriftensammlung': 0.20750000000000002, 'f√ºrs': 0.11}",negative,"[0.22148468, 0.7649074, 0.013607973]",,,,,,,,,,,,,,,,negative
75.0,75.0,71.0,0.35,neutral,"@wagner_che @CH_eGov @eVoteMoratorium @fgrueter Gefunden ... hat aber Interpretationsspielraum bei solchen Fragestellungen https://t.co/RKaZsOuLPU 
Aber schon mal einen B√ºrger gefragt, was genau an E-Voting einfacher sei und ob sowas (siehe Bild) tats√§chlich zu mehr Stimmbeteiligung f√ºhrt verglichen mit Papier? https://t.co/Ny49mubuNY",finden interpretationsspielraum solch fragestellungen schon mal b√ºrger fragen genau e voting einfach sowas siehe bild tats√§chlich mehr stimmbeteiligung f√ºhren vergleichen papier,,,,,,,,,,,,,"{'Gefunden': 0.21, '...': 0, 'hat': 0, 'aber': 0.33, 'Interpretationsspielraum': 0.08, 'bei': 0, 'solchen': 0.12, 'Fragestellungen': 0.31, 'Aber': 0.33, 'schon': 0, 'mal': 0, 'einen': 0.12, 'B√ºrger': 0, 'gefragt': 0.33, 'was': 0, 'genau': 0, 'an': 0, 'E-Voting': 0, 'einfacher': 0.22, 'sei': 0, 'und': 0.27, 'ob': 0, 'sowas': 0, 'siehe': 0, 'Bild': 0, 'tats√§chlich': 0, 'zu': 0.36, 'mehr': 0.18, 'Stimmbeteiligung': 0.22499999999999998, 'f√ºhrt': 0.24, 'verglichen': 0.41, 'mit': 0, 'Papier': 0.36}",neutral,"[0.86045116, 0.13273658, 0.0068122]",,,,,,,,,,,,,,,,positive
50.0,75.0,57.0,0.0,neutral,"RT @CCC_CH: Cybervoting - Abendprogramm: #Winterkongress-Vortrag @digiges_ch mit Ren√© Droz &amp; @JorgoA vom @eVoteMoratorium:

""E-Voting, von‚Ä¶",cybervoting abendprogramm winterkongress vortrag ren√© droz amp e voting,,,,,,,,,,,,,"{'Cybervoting': 0.13, 'Abendprogramm': 0.06, 'Winterkongress-Vortrag': 0.05500000000000001, 'mit': 0.06, 'Ren√©': 0, 'Droz': 0.11, 'amp': 0.06, 'vom': 0.595, 'E-Voting': 0, 'von': 1.0, '‚Ä¶': 0}",neutral,"[0.5321292, 0.049119122, 0.41875157]",,,,,,,,,,,,,,,,neutral
50.0,75.0,57.0,0.0,neutral,"RT @CCC_CH: Cybervoting - Roger Braun/@tagblatt_ch:
""W√§hrend die [@postschweiz] ihr neues E-Voting-System testet, greift in den Kantonen di‚Ä¶",cybervoting roger braun neu e voting system testen greifen kantonen di,,,,,,,,,,,,,"{'Cybervoting': 0.16, 'Roger': 0.05, 'Braun': 0.04, 'W√§hrend': 0.25, 'die': 0.41, 'ihr': 0, 'neues': 0.17, 'E-Voting-System': 0, 'testet': 0, 'greift': 0, 'in': 0, 'den': 0.41, 'Kantonen': 1.0, 'di': 0, '‚Ä¶': 0}",neutral,"[0.5794164, 0.39113525, 0.029448323]",,,,,,,,,,,,,,,,neutral
50.0,75.0,57.0,0.0,positive,"@Domainnamenblog @vecirex @ChrFolini @muheim Ok, das letzte E-Voting-Wassenaar-Dokument der Berner Staatskanzlei datiert vom 26.2.2013. 
Aber es ist n√§her beim Ende des Schweizer #EVoting als beim Anfang. Danke f√ºr den Spass ü§™",ok letzte e voting wassenaar dokument berner staatskanzlei datieren n√§hern beim ende schweizer evoting beim anfang danke spass,,,,,,,,,,,,,"{'Ok': 0.15, 'das': 0, 'letzte': 0.06, 'E-Voting-Wassenaar-Dokument': 0, 'der': 0.26, 'Berner': 0, 'Staatskanzlei': 0.15, 'datiert': 0.23, 'vom': 0.155, '26.2.2013.': 0, 'Aber': 0.15, 'es': 0.07, 'ist': 0.07, 'n√§her': 0.07, 'beim': 0.26, 'Ende': 0.04, 'des': 0.05, 'Schweizer': 0.14, 'EVoting': 0.19, 'als': 0, 'Anfang': 0.13, 'Danke': 0, 'f√ºr': 0.2, 'den': 0.26, 'Spass': 0.8, 'ü§™': 0}",positive,"[0.2874763, 0.15540488, 0.5571189]",,,,,,,,,,,,,,,,neutral
50.0,75.0,57.0,0.0,neutral,"RT @paula_deme: So schliesst sich der Kreis. Der letzte Vortrag f√ºr heute. 

E-Voting, von der undurchdachten Idee zur Volksinitiative ""E-V‚Ä¶",schliesst kreis letzte vortrag heute e voting undurchdachten idee volksinitiative e v,,,,,,,,,,,,,"{'So': 0, 'schliesst': 0, 'sich': 0, 'der': 0.1, 'Kreis': 0.06, 'Der': 0.1, 'letzte': 0.04, 'Vortrag': 0, 'f√ºr': 0.05, 'heute': 0.05, 'E-Voting': 0, 'von': 0.25, 'undurchdachten': 0, 'Idee': 0, 'zur': 0.185, 'Volksinitiative': 0.21000000000000002, 'E-V': 0, '‚Ä¶': 0}",positive,"[0.17692822, 0.1515193, 0.6715525]",,,,,,,,,,,,,,,,neutral
50.0,75.0,57.0,0.0,neutral,"RT @CCC_CH: Cybervoting - ""2019 [k√∂nnte] das Jahr werden [...], in dem E-Voting beerdigt wird."" https://t.co/yPYHBrJHQk

#Cybervoting #EVot‚Ä¶",cybervoting jahr e voting beerdigen cybervoting evot,,,,,,,,,,,,,"{'Cybervoting': 0.45, 'k√∂nnte': 0.02, 'das': 0, 'Jahr': 0.03, 'werden': 0.04, '...': 0, 'in': 0.03, 'dem': 0.02, 'E-Voting': 0, 'beerdigt': 0.07, 'wird': 0.04, 'EVot': 0.41, '‚Ä¶': 0}",neutral,"[0.6670613, 0.14569792, 0.18724078]",,,,,,,,,,,,,,,,neutral
50.0,75.0,57.0,0.0,negative,"RT @CCC_CH: E-Justiz - @bazonline: ""Die Sicherheit ist in diesem Fall kein Killerargument. Im Gegensatz zum E-Voting, das aktuell unter Bes‚Ä¶",e justiz sicherheit fall killerargument gegensatz e voting aktuell bes,,,,,,,,,,,,,"{'E-Justiz': 0, 'Die': 0, 'Sicherheit': 0, 'ist': 0.15, 'in': 0.19, 'diesem': 0.04, 'Fall': 0, 'kein': 0, 'Killerargument': 0, 'Im': 0, 'Gegensatz': 0.41, 'zum': 0.26, 'E-Voting': 0, 'das': 0, 'aktuell': 0, 'unter': 1.0, 'Bes': 0, '‚Ä¶': 0}",neutral,"[0.44148588, 0.3018623, 0.2566518]",,,,,,,,,,,,,,,,neutral
50.0,75.0,57.0,0.0,neutral,"RT @CCC_CH: E-Voting - @adfichter/@RepublikMagazin &amp; Co. mit Artikel zum Quellcode @postschweiz/@scytl:
https://t.co/hwkOZMkwOg

√úber 250k‚Ä¶",e voting amp co artikel quellcode 250k,,,,,,,,,,,,,"{'E-Voting': 0, 'amp': 0.14, 'Co.': 0, 'mit': 0.05, 'Artikel': 0.16, 'zum': 0.07, 'Quellcode': 0.14, '√úber': 0.33, '250k': 1.0, '‚Ä¶': 0}",neutral,"[0.7586049, 0.10896836, 0.13242671]",,,,,,,,,,,,,,,,neutral
50.0,75.0,57.0,0.0,neutral,"RT @CCC_CH: E-Voting - in @swissinfo_de:
""[Es ist [...] unwahrscheinlich, dass [...] kriminelle &amp; strategische Organisationen [...]] den Sc‚Ä¶",e voting unwahrscheinlich kriminelle amp strategische organisationen sc,,,,,,,,,,,,,"{'E-Voting': 0, 'in': 0.06, 'Es': 0.05, 'ist': 0.05, '...': 0, 'unwahrscheinlich': 0.24, 'dass': 0.1, 'kriminelle': 0, 'amp': 0.13, 'strategische': 0.17, 'Organisationen': 0.2, 'den': 0.72, 'Sc': 0, '‚Ä¶': 0}",negative,"[0.3108075, 0.508076, 0.18111645]",,,,,,,,,,,,,,,,neutral
50.0,75.0,57.0,0.0,neutral,"RT @CCC_CH: E-Voting - @vecirex in der @Wochenzeitung: der ""Intrusionstest"" der @postschweiz ist eine Marketing-Massnahme, um auf Kurs zu b‚Ä¶",e voting intrusionstest marketing massnahme kurs b,,,,,,,,,,,,,"{'E-Voting': 0, 'in': 0.07, 'der': 0.07, 'Intrusionstest': 0, 'ist': 0.14, 'eine': 0, 'Marketing-Massnahme': 0.11, 'um': 0.11, 'auf': 0.06, 'Kurs': 0, 'zu': 0.14, 'b': 0, '‚Ä¶': 0}",negative,"[0.413733, 0.4294027, 0.15686427]",,,,,,,,,,,,,,,,neutral
100.0,100.0,86.0,0.7,neutral,"RT @WHotzendorfer: Argument 4: Welches gro√üe Problem haben wir denn aktuell bei Wahlen, das sich mit E-Voting l√∂sen l√§sst und dessen L√∂sung‚Ä¶",argument welch gro√ü problem aktuell wahlen e voting l√∂sen l√§sst l√∂sung,,,,,,,,,,,,,"{'Argument': 0.14, 'Welches': 0, 'gro√üe': 0, 'Problem': 0.16, 'haben': 0.05, 'wir': 0, 'denn': 0, 'aktuell': 0, 'bei': 0, 'Wahlen': 0, 'das': 0.11, 'sich': 0, 'mit': 0.57, 'E-Voting': 0, 'l√∂sen': 0, 'l√§sst': 0, 'und': 1.0, 'dessen': 0, 'L√∂sung': 1.0, '‚Ä¶': 0}",neutral,"[0.5458056, 0.25145268, 0.20274171]",,,,,,,,,,,,,,,,positive
50.0,75.0,57.0,0.0,neutral,"RT @coredump_ch: Statement des Chaostreff Coredump in der Linth-Zeitung zum Thema E-Voting: ¬´Wenn es um kritische Systeme gehe, solle man i‚Ä¶",statement chaostreff coredump linth zeitung thema e voting kritisch systeme gehen sollen i,,,,,,,,,,,,,"{'Statement': 0.16, 'des': 0, 'Chaostreff': 0.11, 'Coredump': 0.08, 'in': 0.02, 'der': 0.06, 'Linth-Zeitung': 0.055, 'zum': 0.055, 'Thema': 0, 'E-Voting': 0, '¬´': 0, 'Wenn': 0, 'es': 0, 'um': 0, 'kritische': 0, 'Systeme': 0, 'gehe': 0, 'solle': 0, 'man': 0, 'i': 0, '‚Ä¶': 0}",neutral,"[0.8851964, 0.047821146, 0.066982545]",,,,,,,,,,,,,,,,neutral
50.0,75.0,57.0,0.0,neutral,RT @CCC_CH: E-Voting/St. Gallen - ein breites Aktionskomitee von Jungparteien von links bis rechts fordert das @eVoteMoratorium f√ºr den @ka‚Ä¶,e voting st gallen breit aktionskomitee jungparteien links rechts fordern,,,,,,,,,,,,,"{'E-Voting': 0, 'St.': 0, 'Gallen': 0.06, 'ein': 0, 'breites': 0.08, 'Aktionskomitee': 0.25, 'von': 0.14, 'Jungparteien': 0.185, 'links': 0, 'bis': 0, 'rechts': 0.16, 'fordert': 0, 'das': 0, 'f√ºr': 1.0, 'den': 0, '‚Ä¶': 0}",neutral,"[0.8168679, 0.08983917, 0.093292974]",,,,,,,,,,,,,,,,neutral
50.0,75.0,57.0,0.0,neutral,RT @chaosupdates: Widerstand gegen #eVoting in der Schweiz und das E-Voting-System des spanischen Anbieters #Scytl ‚Äì Der Test ist vor allem‚Ä¶,widerstehen evoting schweiz e voting system spanisch anbieters scytl test,,,,,,,,,,,,,"{'Widerstand': 0.25, 'gegen': 0, 'eVoting': 0.45, 'in': 0.07, 'der': 0.67, 'Schweiz': 0.12, 'und': 0.08, 'das': 0, 'E-Voting-System': 0, 'des': 0, 'spanischen': 0.23, 'Anbieters': 0.55, 'Scytl': 0.3, '‚Äì': 0, 'Der': 0, 'Test': 0, 'ist': 0, 'vor': 0, 'allem': 0, '‚Ä¶': 0}",positive,"[0.0094261, 0.0040172883, 0.9865566]",,,,,,,,,,,,,,,,neutral
50.0,75.0,57.0,0.0,neutral,RT @dani_graf: üëâ Heute wird die Volksinitiative f√ºr ein 5-j√§hriges E-Voting-Moratorium vorgestellt. Dahinter stehen Sicherheits- und IT-Fac‚Ä¶,heute volksinitiative j√§hrig e voting moratorium vorstellen dahinter stehen sicherheits it fac,,,,,,,,,,,,,"{'Heute': 0.14, 'wird': 0, 'die': 0.17, 'Volksinitiative': 0.15000000000000002, 'f√ºr': 0.08, 'ein': 0, '5-j√§hriges': 0.045, 'E-Voting-Moratorium': 0, 'vorgestellt': 0.08, 'Dahinter': 0.43, 'stehen': 0, 'Sicherheits-': 0.33, 'und': 0.39, 'IT-Fac': 0, '‚Ä¶': 0}",neutral,"[0.71685934, 0.064309984, 0.2188307]",,,,,,,,,,,,,,,,neutral
50.0,75.0,57.0,0.0,negative,"RT @CCC_CH: E-Voting - @heiseonline zur lauter werdenden Kritik am Schweizer #EVoting  und mit Hinweis aufs @eVoteMoratorium:
https://t.co/‚Ä¶",e voting laut werdenden kritik schweizer evoting hinweis aufs,,,,,,,,,,,,,"{'E-Voting': 0, 'zur': 0.17, 'lauter': 0, 'werdenden': 0, 'Kritik': 1.0, 'am': 0, 'Schweizer': 0.23, 'EVoting': 0.39, 'und': 0.22, 'mit': 0.15, 'Hinweis': 0, 'aufs': 0}",positive,"[0.08662256, 0.037742216, 0.8756352]",,,,,,,,,,,,,,,,neutral
100.0,100.0,100.0,1.0,neutral,"RT @CCC_CH: E-Voting - der ""Intrusionstest"" von Bundeskanzlei &amp; @postschweiz testet Tester unter Kunstbedingungen. Er beweist keine Sicherh‚Ä¶",e voting intrusionstest bundeskanzlei amp testen tester kunstbedingungen beweisen sicherh,,,,,,,,,,,,,"{'E-Voting': 0, 'der': 0.08, 'Intrusionstest': 0, 'von': 0, 'Bundeskanzlei': 0.08499999999999999, 'amp': 0.06, 'testet': 0, 'Tester': 0, 'unter': 0.1, 'Kunstbedingungen': 0.11499999999999999, 'Er': 0, 'beweist': 1.0, 'keine': 0, 'Sicherh': 0, '‚Ä¶': 0}",negative,"[0.12840971, 0.85132974, 0.02026058]",,,,,,,,,,,,,,,,positive
50.0,75.0,57.0,0.0,negative,"RT @CCC_CH: E-Voting - @adfichter/@RepublikMagazin zu Beschwichtigungen der @postschweiz:
https://t.co/qjhT3ockiT 

Auch das #EVoting-Syste‚Ä¶",e voting beschwichtigungen evoting syste,,,,,,,,,,,,,"{'E-Voting': 0, 'zu': 0.08, 'Beschwichtigungen': 0, 'der': 0.46, 'Auch': 0.24, 'das': 0, 'EVoting-Syste': 0, '‚Ä¶': 0}",positive,"[0.382394, 0.034677893, 0.58292806]",,,,,,,,,,,,,,,,neutral
50.0,75.0,57.0,0.0,neutral,"RT @CCC_CH: E-Voting -  @silvan_meile im @tagblatt_ch :
""Mitglieder der Hackervereinigung Chaos Computer Club wollen am Sonntag im Thurgau‚Ä¶",e voting mitglieder hackervereinigung chaos computer club sonntag thurgau,,,,,,,,,,,,,"{'E-Voting': 0, 'im': 0, 'Mitglieder': 0.37, 'der': 0.08, 'Hackervereinigung': 0.11, 'Chaos': 0.19, 'Computer': 0.08, 'Club': 0.09, 'wollen': 0.59, 'am': 0, 'Sonntag': 0.12, 'Thurgau': 0.1, '‚Ä¶': 0}",neutral,"[0.88280463, 0.09025399, 0.02694137]",,,,,,,,,,,,,,,,neutral
50.0,75.0,57.0,0.0,negative,"RT @CCC_CH: E-Voting - @jan_jirat in der @Wochenzeitung mit Kommentar ""Pioniergeist √ºber alles"":
https://t.co/s67jTGSnrN
Kritisert wird die‚Ä¶",e voting kommentar pioniergeist kritisert,,,,,,,,,,,,,"{'E-Voting': 0, 'in': 0.06, 'der': 0.85, 'mit': 0.09, 'Kommentar': 0.3, 'Pioniergeist': 0.10500000000000001, '√ºber': 0, 'alles': 0.06, 'Kritisert': 0, 'wird': 0, 'die': 0.85, '‚Ä¶': 0}",positive,"[0.04920907, 0.030852666, 0.91993827]",,,,,,,,,,,,,,,,neutral
100.0,100.0,86.0,0.7,neutral,"RT @CCC_CH: E-Voting - Kantone, die das @postschweiz/@scytl-#EVoting einsetzen, scheinen gemein zu haben, unabh√§ngige #Wahlbeobachtungen ru‚Ä¶",e voting kantone evoting einsetzen scheinen gemein unabh√§ngig wahlbeobachtungen ru,,,,,,,,,,,,,"{'E-Voting': 0, 'Kantone': 0.22, 'die': 0.08, 'das': 0.08, '/-#EVoting': 0, 'einsetzen': 0, 'scheinen': 0.12, 'gemein': 0.33, 'zu': 0.06, 'haben': 0.135, 'unabh√§ngige': 1.0, 'Wahlbeobachtungen': 1.0, 'ru': 0.3, '‚Ä¶': 0}",positive,"[0.23457557, 0.027663825, 0.7377606]",,,,,,,,,,,,,,,,positive
50.0,75.0,57.0,0.0,negative,"RT @sacovo: @vecirex @kantonsg Die Post erl√§utert aber das Problem am E-Voting. Jetzt m√ºssten sie nur noch verstehen, was sie da schreiben.‚Ä¶",post erl√§utern problem e voting m√ºssten verstehen schreiben,,,,,,,,,,,,,"{'Die': 0.1, 'Post': 0.33, 'erl√§utert': 0, 'aber': 0, 'das': 0, 'Problem': 0.14, 'am': 0, 'E-Voting': 0, 'Jetzt': 0.2, 'm√ºssten': 0.08, 'sie': 0, 'nur': 0, 'noch': 0, 'verstehen': 0.41000000000000003, 'was': 0, 'da': 0, 'schreiben': 0.06, '‚Ä¶': 0}",negative,"[0.37087312, 0.60182065, 0.027306233]",,,,,,,,,,,,,,,,neutral
100.0,100.0,86.0,0.7,neutral,"RT @vecirex: üî• Der E-Voting-Skandal reisst nicht ab
- der @Kanton_Thurgau best√§tigt die v√∂llige Intransparenz von #EVoting auf Anfrage: wie‚Ä¶",e voting skandal reisst ab best√§tigen v√∂llig intransparenz evoting anfrage,,,,,,,,,,,,,"{'Der': 0.13, 'E-Voting-Skandal': 0, 'reisst': 0, 'nicht': 0.06, 'ab': 0, 'der': 0.13, 'best√§tigt': 0, 'die': 0.13, 'v√∂llige': 0, 'Intransparenz': 0.14, 'von': 0, 'EVoting': 0.14, 'auf': 0.1, 'Anfrage': 0, 'wie': 0.8, '‚Ä¶': 0}",negative,"[0.2739341, 0.66033095, 0.065735005]",,,,,,,,,,,,,,,,positive
50.0,75.0,57.0,0.0,negative,"RT @CCC_CH: E-Voting - der @Staat_Freiburg weiss √ºber sein ""eigenes"" #EVoting-System nicht Bescheid und verweist auf die @postschweiz, um g‚Ä¶",e voting weiss eigen evoting system bescheid verweisen g,,,,,,,,,,,,,"{'E-Voting': 0, 'der': 0.46, 'weiss': 0, '√ºber': 0, 'sein': 0, 'eigenes': 0.17, 'EVoting-System': 0, 'nicht': 0.39, 'Bescheid': 0, 'und': 0.9, 'verweist': 1.0, 'auf': 0, 'die': 0.46, 'um': 0, 'g': 0.41, '‚Ä¶': 0}",neutral,"[0.78547806, 0.059635993, 0.15488593]",,,,,,,,,,,,,,,,neutral
50.0,75.0,57.0,0.0,neutral,"RT @CCC_CH: E-Voting - VR-Pr√§sident Urs Schwaller @postschweiz:

""Wir haben E-Voting in 13 oder 14 Kantonen und 200 Abstimmungen bei einem‚Ä¶",e voting vr pr√§sident urs schwaller e voting kantonen abstimmungen,,,,,,,,,,,,,"{'E-Voting': 0, 'VR-Pr√§sident': 0.06, 'Urs': 0.36, 'Schwaller': 0.24, 'Wir': 0.29, 'haben': 0.27, 'in': 0.02, 'oder': 0.1, 'Kantonen': 0.08, 'und': 0.09, 'Abstimmungen': 0.14, 'bei': 0, 'einem': 0.03, '‚Ä¶': 0}",neutral,"[0.8933399, 0.03977653, 0.066883616]",,,,,,,,,,,,,,,,neutral
0.0,0.0,14.0,-0.7,negative,"RT @eVoteMoratorium: Medienmitteilung:
""Br√∂ckelndes E-Voting-System der Post: Sofort die Notbremse ziehen""
auf Grund der @RepublikMagazin-E‚Ä¶",medienmitteilung br√∂ckelnd e voting system post sofort notbremse ziehen grund e,,,,,,,,,,,,,"{'Medienmitteilung': 0.085, 'Br√∂ckelndes': 0.07, 'E-Voting-System': 0, 'der': 0.19, 'Post': 0.08, 'Sofort': 0.1, 'die': 0.19, 'Notbremse': 0.08, 'ziehen': 0, 'auf': 0, 'Grund': 0, '-E': 0, '‚Ä¶': 0}",positive,"[0.3595995, 0.14622769, 0.49417287]",,,,,,,,,,,,,,,,negative
0.0,0.0,14.0,-0.7,negative,RT @CCC_CH: E-Voting - die laufenden Abstimmungen #Abst19 bleiben auf dem E-Voting-Kanal f√ºr DNS-Spoofing anf√§llig: man nimmt Warnungen wed‚Ä¶,e voting laufend abstimmungen abst19 bleiben e voting kanal dns spoofing anf√§llig nehmen warnungen wed,,,,,,,,,,,,,"{'E-Voting': 0, 'die': 0.1, 'laufenden': 0.07, 'Abstimmungen': 0.06, 'Abst19': 0.16, 'bleiben': 0, 'auf': 0.05, 'dem': 0.095, 'E-Voting-Kanal': 0.15, 'f√ºr': 0, 'DNS-Spoofing': 0, 'anf√§llig': 0, 'man': 0, 'nimmt': 0, 'Warnungen': 0.56, 'wed': 0, '‚Ä¶': 0}",neutral,"[0.63205063, 0.21282472, 0.15512462]",,,,,,,,,,,,,,,,negative
75.0,75.0,71.0,0.2333333333333333,neutral,"RT @CCC_CH: E-Voting - zu beachten: wenn die @postschweiz schon M√ºhe hat eine Drohne erfolgreich √ºber den #Z√ºrichsee zu bef√∂rdern, wie soll‚Ä¶",e voting beachten schon m√ºhen drohne erfolgreich z√ºrichsee bef√∂rdern,,,,,,,,,,,,,"{'E-Voting': 0, 'zu': 0, 'beachten': 0.23, 'wenn': 0.08, 'die': 0, 'schon': 0, 'M√ºhe': 0, 'hat': 0, 'eine': 0, 'Drohne': 0.21, 'erfolgreich': 0, '√ºber': 0.06, 'den': 0, 'Z√ºrichsee': 0.09, 'bef√∂rdern': 0, 'wie': 0.52, 'soll': 0, '‚Ä¶': 0}",negative,"[0.25879425, 0.67804396, 0.063161805]",,,,,,,,,,,,,,,,neutral
50.0,75.0,57.0,0.0,neutral,"RT @CCC_CH: E-Voting - der Chaos Computer Club Schweiz wartet sehnlichst auf die
- ganzen @KPMG-Zertifizierungsunterlagen,
- den @scytl-Que‚Ä¶",e voting chaos computer club schweiz warten sehnlichst ganz zertifizierungsunterlagen que,,,,,,,,,,,,,"{'E-Voting': 0, 'der': 0.09, 'Chaos': 0.1, 'Computer': 0.05, 'Club': 0.05, 'Schweiz': 0.06, 'wartet': 0.06, 'sehnlichst': 0, 'auf': 0, 'die': 0.09, 'ganzen': 0, '-Zertifizierungsunterlagen': 0.21, 'den': 0.09, '-Que': 0, '‚Ä¶': 0}",negative,"[0.28872353, 0.5128356, 0.1984409]",,,,,,,,,,,,,,,,neutral
50.0,75.0,57.0,0.0,neutral,RT @Nils_Gueggi: Der @FabianSchaefer1 mit einleuchtendem Pl√§doyer gegen E-Voting und der Mahnung zur Vorsicht beim E-Collecting in der Schw‚Ä¶,einleuchtend pl√§doyer e voting mahnung vorsicht beim e collecting schw,,,,,,,,,,,,,"{'Der': 0.13, 'mit': 0.09, 'einleuchtendem': 0.15, 'Pl√§doyer': 0.2, 'gegen': 0.1, 'E-Voting': 0, 'und': 0.09, 'der': 0.13, 'Mahnung': 0.24, 'zur': 0.115, 'Vorsicht': 0, 'beim': 0.13, 'E-Collecting': 0, 'in': 0.15, 'Schw': 0.33, '‚Ä¶': 0}",neutral,"[0.48582476, 0.38582993, 0.12834534]",,,,,,,,,,,,,,,,neutral
0.0,0.0,0.0,-1.0,negative,"RT @CCC_CH: E-Voting - @claudioluck im @SRF-Radio:
""Das Internet senkt die Kosten f√ºr Angriffe und deshalb ist es eine sehr dumme Idee, ein‚Ä¶",e voting radio internet senken kosten angriffe deshalb dumme idee,,,,,,,,,,,,,"{'E-Voting': 0, 'im': 0, '-Radio': 0, 'Das': 0.04, 'Internet': 0.08, 'senkt': 0.07, 'die': 0.04, 'Kosten': 0, 'f√ºr': 0, 'Angriffe': 0.07, 'und': 0, 'deshalb': 0, 'ist': 0, 'es': 0, 'eine': 0, 'sehr': 0.14, 'dumme': 0.38, 'Idee': 0, 'ein': 0, '‚Ä¶': 0}",negative,"[0.13410226, 0.8246009, 0.041296832]",,,,,,,,,,,,,,,,negative
50.0,75.0,57.0,0.0,negative,"RT @CCC_CH: E-Voting - die @NZZ spricht Klartext via Fabian Schl√§fer:
""Der Nutzen von E-Voting ist verschwindend klein gemessen an den Risi‚Ä¶",e voting sprechen klartext via fabian schl√§fer nutzen e voting verschwinden klein messen risi,,,,,,,,,,,,,"{'E-Voting': 0, 'die': 0.06, 'spricht': 0.03, 'Klartext': 0.03, 'via': 0.03, 'Fabian': 0.03, 'Schl√§fer': 0, 'Der': 0.06, 'Nutzen': 0.07, 'von': 0, 'ist': 0.3, 'verschwindend': 0, 'klein': 0, 'gemessen': 0, 'an': 0, 'den': 0.06, 'Risi': 0, '‚Ä¶': 0}",negative,"[0.19024532, 0.7856386, 0.024116091]",,,,,,,,,,,,,,,,neutral
100.0,100.0,86.0,0.7,neutral,"@Marcel_Dobler @nggalai @retoschubnell Es ist doch kein Technologieverbot: Jede E-Voting L√∂sung kann an unz√§hligen Generalversammlungen, Basisabstimmungen etc. eingesetzt werden. Einfach vorl√§ufig nicht in der Schweizerischen Demokratie. Es ist also nur eine Frage der Gesch√§ftsmodelle der Anbieter.",technologieverbot jed e voting l√∂sung unz√§hlig generalversammlungen basisabstimmungen etc einsetzen einfach vorl√§ufig schweizerisch demokratie fragen gesch√§ftsmodelle anbieter,,,,,,,,,,,,,"{'Es': 0, 'ist': 0, 'doch': 0, 'kein': 0, 'Technologieverbot': 0, 'Jede': 0.12, 'E-Voting': 0, 'L√∂sung': 0.13, 'kann': 0.08, 'an': 0, 'unz√§hligen': 0, 'Generalversammlungen': 0.08, 'Basisabstimmungen': 0.135, 'etc.': 0, 'eingesetzt': 0.06, 'werden': 0, 'Einfach': 0, 'vorl√§ufig': 0, 'nicht': 0.14, 'in': 0.06, 'der': 0.18, 'Schweizerischen': 0.08, 'Demokratie': 0.18, 'also': 0, 'nur': 0, 'eine': 0, 'Frage': 0, 'Gesch√§ftsmodelle': 0.505, 'Anbieter': 0}",negative,"[0.37350127, 0.59078026, 0.035718508]",,,,,,,,,,,,,,,,positive
50.0,75.0,57.0,0.0,neutral,"RT @CCC_CH: E-Voting - @blog_fdik_org 2013 in der @NZZ:
¬´[W]as anderswo nur mit grossem Aufwand manipuliert werden kann, kann man hier auto‚Ä¶",e voting w as anderswo grossem aufwinden manipulieren auto,,,,,,,,,,,,,"{'E-Voting': 0, 'in': 0.06, 'der': 0, '¬´': 0, 'W': 0, 'as': 0, 'anderswo': 0, 'nur': 0, 'mit': 0, 'grossem': 0, 'Aufwand': 0, 'manipuliert': 0, 'werden': 0, 'kann': 0, 'man': 0, 'hier': 0, 'auto': 0, '‚Ä¶': 0}",neutral,"[0.69899696, 0.0812725, 0.21973056]",,,,,,,,,,,,,,,,neutral
100.0,100.0,100.0,1.0,neutral,"RT @digiges_ch: Die Initiative f√ºr ein E-Voting-Moratorium ist lanciert.
Jetzt Unterschriften-Zusage machen!
#eVoting #NoEVoting
https://t.‚Ä¶",initiative e voting moratorium lanciert unterschriften zusagen evoting noevoting,,,,,,,,,,,,,"{'Die': 0.03, 'Initiative': 0.04, 'f√ºr': 0.02, 'ein': 0, 'E-Voting-Moratorium': 0, 'ist': 0, 'lanciert': 0.04, 'Jetzt': 0.05, 'Unterschriften-Zusage': 0.075, 'machen': 0, 'eVoting': 0.59, 'NoEVoting': 0.72}",neutral,"[0.83981013, 0.06636567, 0.0938243]",,,,,,,,,,,,,,,,positive
50.0,75.0,57.0,0.0,neutral,"RT @Schmieli: @JorgoA @huberfe @AargauerZeitung E-Voting f√ºr Aargauer?! 
üí® https://t.co/EUUol427g2",e voting aargauer,,,,,,,,,,,,,"{'E-Voting': 0, 'f√ºr': 0.34, 'Aargauer': 0}",neutral,"[0.80095214, 0.025610222, 0.17343764]",,,,,,,,,,,,,,,,neutral
100.0,100.0,86.0,0.7,neutral,"RT @vecirex: Die Post bezieht den Code zur Erstellung der E-Voting-Codes auf den Stimmrechtsausweisen aus dem Ausland &amp; bef√∂rdert diese ""Ge‚Ä¶",post beziehen code erstellung e voting codes stimmrechtsausweisen ausland amp bef√∂rdern ge,,,,,,,,,,,,,"{'Die': 0.04, 'Post': 0.08, 'bezieht': 0, 'den': 0.04, 'Code': 0.09, 'zur': 0.04, 'Erstellung': 0, 'der': 0.04, 'E-Voting-Codes': 0, 'auf': 0.03, 'Stimmrechtsausweisen': 0.05, 'aus': 0, 'dem': 0.04, 'Ausland': 0.07, 'amp': 0.05, 'bef√∂rdert': 0, 'diese': 0.57, 'Ge': 0, '‚Ä¶': 0}",positive,"[0.45225954, 0.06988225, 0.47785822]",,,,,,,,,,,,,,,,positive
100.0,100.0,100.0,1.0,negative,RT @dbrgn: Lesenswert! Wie die @postschweiz die Kritik an E-Voting sch√∂nredet: https://t.co/HjAvKDkarO,lesenswert kritik e voting sch√∂nredet,,,,,,,,,,,,,"{'Lesenswert': 0.20500000000000002, 'Wie': 0, 'die': 0.15, 'Kritik': 0.32, 'an': 0, 'E-Voting': 0, 'sch√∂nredet': 0.23}",neutral,"[0.68377596, 0.12634964, 0.18987438]",,,,,,,,,,,,,,,,positive
100.0,100.0,100.0,0.85,neutral,"RT @zurichlive: Bundesrat: ""Die Expertengruppe kommt zum Schluss, dass E-Voting (...) sicher und vertrauensw√ºrdig angeboten werden kann.""‚Ä¶",bundesrat expertengruppe kommen schluss e voting sichern vertrauensw√ºrdig angeboten,,,,,,,,,,,,,"{'Bundesrat': 0.10500000000000001, 'Die': 0.04, 'Expertengruppe': 0.08, 'kommt': 0.1, 'zum': 0.04, 'Schluss': 0, 'dass': 0.19, 'E-Voting': 0, '...': 0, 'sicher': 0, 'und': 0.12, 'vertrauensw√ºrdig': 0, 'angeboten': 0.16, 'werden': 0, 'kann': 0.24, '‚Ä¶': 0}",neutral,"[0.40089747, 0.30844283, 0.29065967]",,,,,,,,,,,,,,,,positive
50.0,75.0,57.0,0.0,neutral,"@alexis_roussel @AndrivetSeb @vecirex @blog_fdik_org @muheim @pkuehni @huberfe @zeitungsjunge @Knotenbleistift @digiges_ch @beatflach @corinagredig The new law (Verordnung der Bundeskanzlei √ºber die elektronische Stimmabgabe (VEleS), 27.6.2018) forsees disclosure the source code for new E-Voting systems (but not OSS or FOSS!) 
And law sees no disclosure of compilers, operating system, databases, servers etc.
This is a #NoGo",the new law verordnung bundeskanzlei elektronische stimmabgabe veles forsees disclosure the source code for new e voting systems but not oss or foss and law sees no disclosure of compilers operating system databases servers etc this is a nogo,,,,,,,,,,,,,"{'The': 0.02, 'new': 0.02, 'law': 0.04, 'Verordnung': 0, 'der': 0.02, 'Bundeskanzlei': 0, '√ºber': 0, 'die': 0.02, 'elektronische': 0, 'Stimmabgabe': 0.03, 'VEleS': 0.03, '27.6.2018': 0, 'forsees': 0.06, 'disclosure': 0.06, 'the': 0.02, 'source': 0.03, 'code': 0.03, 'for': 0.02, 'E-Voting': 0, 'systems': 0.03, 'but': 0.03, 'not': 0.03, 'OSS': 0, 'or': 0.05, 'FOSS': 0.09, 'And': 0.03, 'sees': 0.04, 'no': 0.18, 'of': 0.04, 'compilers': 0.07, 'operating': 0.05, 'system': 0.05, 'databases': 0.04, 'servers': 0.03, 'etc.': 0, 'This': 0.1, 'is': 0.1, 'a': 0.21, 'NoGo': 1.0}",negative,"[0.15491092, 0.7961585, 0.048930585]",,,,,,,,,,,,,,,,neutral
100.0,100.0,86.0,0.7,negative,"RT @vecirex: Wieso wird der Bundesrat eigentlich nicht mit E-Voting - geheim - auf Handys, Tablets usw. gew√§hlt: traut man dem Theater im #‚Ä¶",wieso bundesrat eigentlich e voting geheim handys tablets usw w√§hlen trauen theater,,,,,,,,,,,,,"{'Wieso': 0, 'wird': 0, 'der': 0.04, 'Bundesrat': 0.195, 'eigentlich': 0.24, 'nicht': 0.89, 'mit': 0.14, 'E-Voting': 0, 'geheim': 0, 'auf': 0.06, 'Handys': 0.02, 'Tablets': 0.03, 'usw.': 0, 'gew√§hlt': 0, 'traut': 0, 'man': 0, 'dem': 0.04, 'Theater': 0.06, 'im': 0, '‚Ä¶': 0}",neutral,"[0.5117502, 0.44657275, 0.041677054]",,,,,,,,,,,,,,,,positive
50.0,75.0,57.0,0.0,neutral,"RT @vecirex: Das hochkomplexe E-Voting-System der @postschweiz und @KPMG hingegen sind eine - Audit-Lovestory. NOT! üôÑ
https://t.co/acznCK24‚Ä¶",hochkomplexe e voting system hingegen audit lovestory not,,,,,,,,,,,,,"{'Das': 0.03, 'hochkomplexe': 0.125, 'E-Voting-System': 0, 'der': 0.03, 'und': 0.03, 'hingegen': 0, 'sind': 0, 'eine': 0, 'Audit-Lovestory': 0, 'NOT': 1.0}",negative,"[0.08129956, 0.8830854, 0.03561503]",,,,,,,,,,,,,,,,neutral
50.0,75.0,57.0,0.0,neutral,RT @azLimmattaler: Kanton Z√ºrich stoppt vorerst Investitionen in E-Voting https://t.co/sYaXioUc9P https://t.co/GUf2moes80,kanton z√ºrich stoppen vorerst investitionen e voting,,,,,,,,,,,,,"{'Kanton': 0.78, 'Z√ºrich': 0, 'stoppt': 1.0, 'vorerst': 0.24375, 'Investitionen': 0, 'in': 0.33, 'E-Voting': 0}",negative,"[0.3569484, 0.6036316, 0.039419938]",,,,,,,,,,,,,,,,neutral
100.0,100.0,86.0,0.7,neutral,"RT @CCC_CH: .@martinsteiger zu m√∂glichen E-Voting-Pl√§nen vom @kanton_bern  - im @derbund:
¬´Die direkte Demokratie zu privatisieren, ist ein‚Ä¶",m√∂glich e voting pl√§nen direkt demokratie privatisieren,,,,,,,,,,,,,"{'zu': 0, 'm√∂glichen': 0.14, 'E-Voting-Pl√§nen': 0.23, 'vom': 0.15, 'im': 0, '¬´': 0, 'Die': 0, 'direkte': 0, 'Demokratie': 0, 'privatisieren': 0, 'ist': 0, 'ein': 0, '‚Ä¶': 0}",neutral,"[0.42351097, 0.16217454, 0.41431445]",,,,,,,,,,,,,,,,positive
100.0,100.0,100.0,1.0,neutral,"RT @vecirex: Ein ausgezeichnetes Interview mit @eric_dubuis in @srfnews zum E-Voting, das auch Leute wie @ChrFolini lesen sollten - so wg.‚Ä¶",ausgezeichnet interview e voting leute lesen sollen wg,,,,,,,,,,,,,"{'Ein': 0, 'ausgezeichnetes': 0.52, 'Interview': 0.23, 'mit': 0.06, 'in': 0.05, 'zum': 0, 'E-Voting': 0, 'das': 0.2, 'auch': 0, 'Leute': 0.12, 'wie': 0, 'lesen': 0.1, 'sollten': 0.07, 'so': 0.39, 'wg': 0, '‚Ä¶': 0}",positive,"[0.3617022, 0.09989445, 0.5384034]",,,,,,,,,,,,,,,,positive
100.0,100.0,86.0,0.7,negative,"RT @mscpublizist: Die direkte Demokratie und das Vertrauen der B√ºrger sind Dinge, die sehr leicht besch√§digt werden k√∂nnen. E-Voting muss s‚Ä¶",direkt demokratie vertrauen b√ºrger dinge leicht besch√§digen e voting s,,,,,,,,,,,,,"{'Die': 0.04, 'direkte': 0.06, 'Demokratie': 0.13, 'und': 0.06, 'das': 0.04, 'Vertrauen': 0.06, 'der': 0.04, 'B√ºrger': 0.06, 'sind': 0.12, 'Dinge': 0.06, 'die': 0.04, 'sehr': 0.23, 'leicht': 0, 'besch√§digt': 0.08, 'werden': 0, 'k√∂nnen': 0.72, 'E-Voting': 0, 'muss': 0.15, 's': 0, '‚Ä¶': 0}",neutral,"[0.45594364, 0.15245102, 0.39160538]",,,,,,,,,,,,,,,,positive
50.0,75.0,57.0,0.0,negative,"RT @BinderMarianne: Als ich im Aargau Kritik anbrachte gegen E-Voting, rieten 2 parteifremde Ratskollegen, dass ich als Neandertalerin bess‚Ä¶",aargau kritik anbringen e voting raten parteifremde ratskollegen neandertalerin bess,,,,,,,,,,,,,"{'Als': 0.18, 'ich': 0.26, 'im': 0, 'Aargau': 0.07, 'Kritik': 0, 'anbrachte': 0, 'gegen': 0, 'E-Voting': 0, 'rieten': 0, 'parteifremde': 0, 'Ratskollegen': 0.625, 'dass': 0.51, 'als': 0.08, 'Neandertalerin': 0, 'bess': 0, '‚Ä¶': 0}",negative,"[0.37334812, 0.6141283, 0.012523572]",,,,,,,,,,,,,,,,neutral
100.0,100.0,86.0,0.7,neutral,"RT @dbrgn: Holy moly.

Die Begr√ºndung: Zu hohe Kosten. Kein Wunder, sicheres E-Voting kostet ein Verm√∂gen, sowohl bei der Entwicklung wie a‚Ä¶",holy moly begr√ºndung hoch kosten wundern sicher e voting kosten verm√∂gen sowohl entwicklung a,,,,,,,,,,,,,"{'Holy': 0.1, 'moly': 0.12, 'Die': 0.08, 'Begr√ºndung': 0.07, 'Zu': 0, 'hohe': 0, 'Kosten': 0.32, 'Kein': 0.05, 'Wunder': 0.06, 'sicheres': 0, 'E-Voting': 0, 'kostet': 0.32, 'ein': 0, 'Verm√∂gen': 0, 'sowohl': 0, 'bei': 0, 'der': 0.08, 'Entwicklung': 0.2, 'wie': 0, 'a': 0.77, '‚Ä¶': 0}",negative,"[0.08646008, 0.7811964, 0.1323435]",,,,,,,,,,,,,,,,positive
0.0,0.0,14.0,-0.7,neutral,RT @Marcel_Dobler: Der Kanton Genf zieht e-Voting den Stecker! https://t.co/d0pc69DSG4,kanton genf ziehen e voting stecker,,,,,,,,,,,,,"{'Der': 0.15, 'Kanton': 0.16, 'Genf': 0.25, 'zieht': 0.36, 'e-Voting': 0, 'den': 0.15, 'Stecker': 0.27}",neutral,"[0.59414613, 0.11343579, 0.2924181]",,,,,,,,,,,,,,,,negative
0.0,0.0,0.0,-1.0,neutral,"RT @vecirex: Die Volksinitiative @Stop_eVoting_CH verhindert nicht, dass an E-Voting geforscht wird. Auch verhindert sie nicht, dass Bund &amp;‚Ä¶",volksinitiative verhindern e voting forschen verhindern bund amp,,,,,,,,,,,,,"{'Die': 0.07, 'Volksinitiative': 0.245, 'verhindert': 0, 'nicht': 1.0, 'dass': 0, 'an': 0, 'E-Voting': 0, 'geforscht': 0, 'wird': 0, 'Auch': 0, 'sie': 0, 'Bund': 0.07, 'amp': 0.04, '‚Ä¶': 0}",neutral,"[0.69236475, 0.18027313, 0.12736212]",,,,,,,,,,,,,,,,negative
50.0,75.0,57.0,0.0,neutral,"RT @CCC_CH: Philippe Stalder (@Philzvill) im @tagesanzeiger-Interview mit Volker Birk (@blog_fdik_org):
 ¬´Alle E-Voting-Systeme der Schweiz‚Ä¶",philippe stalder interview volker birk all e voting systeme schweiz,,,,,,,,,,,,,"{'Philippe': 0.22, 'Stalder': 0.31, 'im': 0, '-Interview': 0, 'mit': 0.15, 'Volker': 0.24, 'Birk': 0.24, '):': 0, '¬´': 0, 'Alle': 0, 'E-Voting-Systeme': 0, 'der': 0, 'Schweiz': 0, '‚Ä¶': 0}",neutral,"[0.61734515, 0.100163706, 0.28249118]",,,,,,,,,,,,,,,,neutral
50.0,75.0,57.0,0.0,neutral,"RT @vecirex: Und wieder - und dasmal ists die @postschweiz: der E-Voting-Hack, um weltweit in #MITM-Stellung zu kommen, wird offen verharml‚Ä¶",dasmal ists e voting hack weltweit mitm stellung kommen offen verharml,,,,,,,,,,,,,"{'Und': 0.01, 'wieder': 0.02, 'und': 0.01, 'dasmal': 0, 'ists': 0, 'die': 0.1, 'der': 0.1, 'E-Voting-Hack': 0, 'um': 0, 'weltweit': 0.2, 'in': 0, 'MITM-Stellung': 0.09, 'zu': 0.06, 'kommen': 0, 'wird': 0, 'offen': 0, 'verharml': 0, '‚Ä¶': 0}",negative,"[0.11414106, 0.87753654, 0.008322408]",,,,,,,,,,,,,,,,neutral
50.0,75.0,57.0,0.0,neutral,"RT @CCC_CH: Hacking-Challenges, hin &amp; her: die E-Voting-Systeme halten in der Realit√§t dokumentierten Angriffen von staatlichen Akteuren, w‚Ä¶",hacking challenges amp her e voting systeme halten realit√§t dokumentieren angriffen staatlich akteuren w,,,,,,,,,,,,,"{'Hacking-Challenges': 0, 'hin': 0, 'amp': 0.06, 'her': 0, 'die': 0.11, 'E-Voting-Systeme': 0.1, 'halten': 0, 'in': 0.04, 'der': 0.11, 'Realit√§t': 0.11, 'dokumentierten': 0.24, 'Angriffen': 0.26, 'von': 0, 'staatlichen': 0.11, 'Akteuren': 0.22, 'w': 0.79, '‚Ä¶': 0}",negative,"[0.45138764, 0.47807658, 0.07053578]",,,,,,,,,,,,,,,,neutral
100.0,100.0,86.0,0.7,neutral,RT @CCC_CH: Seit Jahrzehnten bekannte DNS-Spoofing-Attacken auf das sensible Schweizer E-Voting-System - bei offenen Urnen - bleiben nach w‚Ä¶,seit jahrzehnten bekannt dns spoofing attacken sensibel schweizer e voting system offen urnen bleiben w,,,,,,,,,,,,,"{'Seit': 0, 'Jahrzehnten': 0.08, 'bekannte': 0.07, 'DNS-Spoofing-Attacken': 0, 'auf': 0.09, 'das': 0.07, 'sensible': 0, 'Schweizer': 0.05, 'E-Voting-System': 0, 'bei': 0, 'offenen': 0.14, 'Urnen': 0.16, 'bleiben': 0.19, 'nach': 0.48, 'w': 0.8, '‚Ä¶': 0}",negative,"[0.29309896, 0.65665823, 0.050242733]",,,,,,,,,,,,,,,,positive
100.0,100.0,86.0,0.7,neutral,RT @dbrgn: Der Kanton Genf hat √ºbrigens nach der ganzen E-Voting-Hack Geschichte HSTS-Preloading immer noch nicht aktiviert: https://t.co/e‚Ä¶,kanton genf √ºbrigens ganz e voting hack geschichte hsts preloading immer aktivieren,,,,,,,,,,,,,"{'Der': 0.1, 'Kanton': 0.1, 'Genf': 0.12, 'hat': 0, '√ºbrigens': 0.1, 'nach': 0.09, 'der': 0.1, 'ganzen': 0, 'E-Voting-Hack': 0, 'Geschichte': 0.19, 'HSTS-Preloading': 0, 'immer': 0, 'noch': 0.18, 'nicht': 0.3, 'aktiviert': 0.36}",negative,"[0.22273667, 0.7670321, 0.010231332]",,,,,,,,,,,,,,,,positive
100.0,100.0,86.0,0.7,neutral,RT @vecirex: .@heiseonline zum Widerspruch zwischen sicherer Namensaufl√∂sung f√ºrs E-Voting und #Netzzensur (z. B. mit #Geldspielgesetz) in‚Ä¶,widerspruch sicher namensaufl√∂sung f√ºrs e voting netzzensur z b geldspielgesetz,,,,,,,,,,,,,"{'zum': 0.54, 'Widerspruch': 1.0, 'zwischen': 0.95, 'sicherer': 0, 'Namensaufl√∂sung': 0.38, 'f√ºrs': 0.2, 'E-Voting': 0, 'und': 0.24, 'Netzzensur': 0.24, 'z.': 0, 'B.': 0, 'mit': 0.11, 'Geldspielgesetz': 0, 'in': 0.2, '‚Ä¶': 0}",negative,"[0.12860572, 0.85855275, 0.012841571]",,,,,,,,,,,,,,,,positive
50.0,75.0,57.0,0.0,negative,"RT @CCC_CH: #10vor10-Sendung von @srfnews zur skalierenden Angriffsm√∂glichkeit aufs Schweizer E-Voting:
https://t.co/Y5udfuCcsk
#EVoting #N‚Ä¶",10vor10 sendung skalierenden angriffsm√∂glichkeit aufs schweizer e voting evoting n,,,,,,,,,,,,,"{'10vor10-Sendung': 0.16999999999999998, 'von': 0, 'zur': 0.06, 'skalierenden': 0, 'Angriffsm√∂glichkeit': 0.07500000000000001, 'aufs': 0, 'Schweizer': 0.05, 'E-Voting': 0, 'EVoting': 1.0, 'N': 0.78, '‚Ä¶': 0}",neutral,"[0.52153987, 0.044122297, 0.4343378]",,,,,,,,,,,,,,,,neutral
100.0,100.0,86.0,0.7,neutral,"RT @martinsteiger: ¬´Was passiert, wenn die Bev√∂lkerung wegen des E-Votings den Abstimmungsergebnissen nicht mehr traut? Um das Vertrauen zu‚Ä¶",passieren bev√∂lkerung wegen e votings abstimmungsergebnissen mehr trauen vertrauen,,,,,,,,,,,,,"{'¬´': 0, 'Was': 0, 'passiert': 0, 'wenn': 0, 'die': 0, 'Bev√∂lkerung': 0, 'wegen': 0, 'des': 0, 'E-Votings': 0, 'den': 0, 'Abstimmungsergebnissen': 0, 'nicht': 0, 'mehr': 0, 'traut': 0, 'Um': 0, 'das': 0, 'Vertrauen': 0, 'zu': 0, '‚Ä¶': 0}",neutral,"[0.71933305, 0.1880765, 0.09259043]",,,,,,,,,,,,,,,,positive
50.0,75.0,57.0,0.0,negative,RT @NZZaS: Der Bundesrat will die elektronische Stimmabgabe (E-Voting) in der Schweiz einf√ºhren. Die eher leise Kritik betrifft fast nur di‚Ä¶,bundesrat elektronische stimmabgabe e voting schweiz einfahren eher leise kritik betreffen fast di,,,,,,,,,,,,,"{'Der': 0.6, 'Bundesrat': 0.08, 'will': 0, 'die': 0.6, 'elektronische': 0.08, 'Stimmabgabe': 0.04, 'E-Voting': 0, 'in': 0.04, 'der': 0.6, 'Schweiz': 0.09, 'einf√ºhren': 0.11, 'Die': 0.6, 'eher': 0.18, 'leise': 0, 'Kritik': 0.53, 'betrifft': 0, 'fast': 0, 'nur': 0.3, 'di': 0, '‚Ä¶': 0}",positive,"[0.19520168, 0.13239668, 0.6724016]",,,,,,,,,,,,,,,,neutral
50.0,75.0,57.0,0.0,neutral,"RT @narimoldi: E-Voting ‚Äì Segen oder Sargnagel? 

@zentralplus #EVoting 
https://t.co/3p7yq4Cuve",e voting segen sargnagel evoting,,,,,,,,,,,,,"{'E-Voting': 0, '‚Äì': 0, 'Segen': 0, 'oder': 0, 'Sargnagel': 0, 'EVoting': 0}",neutral,"[0.79090166, 0.023113212, 0.18598515]",,,,,,,,,,,,,,,,neutral
100.0,100.0,86.0,0.7,neutral,"RT @martinsteiger: Keine Sorge, E-Voting in der Schweiz ist und bleibt sicher! üòÇ https://t.co/KGwPY40U9D (Via @vinschger.)",sorge e voting schweiz bleiben sichern via,,,,,,,,,,,,,"{'Keine': 0, 'Sorge': 0, 'E-Voting': 0, 'in': 0.12, 'der': 0, 'Schweiz': 0.32, 'ist': 0.09, 'und': 0.1, 'bleibt': 0, 'sicher': 0, 'Via': 1.0}",positive,"[0.2546949, 0.3337509, 0.4115542]",,,,,,,,,,,,,,,,positive
50.0,75.0,57.0,0.0,neutral,"@ChrFolini @ZdslhL_ @zac1967 @IsidorMeyer1 Und im gleichen Kontext wird auch behauptet, dass dann mit E-Voting z.B. f√ºr Blinde das Stimmgeheimnis gewahrt werden kann... was bei #EVoting aber nachweislich nicht einmal bei Sehenden funktioniert... #LustigeBeweise",gleich kontext behaupten e voting z b blinde stimmgeheimnis wahren evoting nachweislich sehend funktionieren lustigebeweise,,,,,,,,,,,,,"{'Und': 0.21, 'im': 0, 'gleichen': 0.22, 'Kontext': 0.38, 'wird': 0, 'auch': 0.47, 'behauptet': 0, 'dass': 1.0, 'dann': 0, 'mit': 0.05, 'E-Voting': 0, 'z.B.': 0, 'f√ºr': 0.03, 'Blinde': 0.07, 'das': 1.0, 'Stimmgeheimnis': 0.08, 'gewahrt': 0.09, 'werden': 0, 'kann': 0.13, '...': 0, 'was': 0, 'bei': 0, 'EVoting': 0.08, 'aber': 0.06, 'nachweislich': 0, 'nicht': 0.03, 'einmal': 0, 'Sehenden': 0.07, 'funktioniert': 0.53, 'LustigeBeweise': 0.125}",negative,"[0.12386944, 0.86381316, 0.012317444]",,,,,,,,,,,,,,,,neutral
50.0,75.0,57.0,0.0,negative,"@ZdslhL_ @zac1967 @IsidorMeyer1 Das impliziert gar nichts. Die klassischen Stimmkan√§le sind auch unsicher, aber niemals gleich skalierbar und intransparent wie #EVoting. Und da E-Voting keinen bewiesenen Zusatznutzen hat, aber immense Zusatzrisiken und -kosten verursacht, ist es abzulehnen. #NoEVoting",implizieren gar klassisch stimmkan√§le unsicher niemals gleichen skalierbar intransparent evoting e voting bewiesen zusatznutzen immense zusatzrisiken kosten verursachen ablehnen noevoting,,,,,,,,,,,,,"{'Das': 0.03, 'impliziert': 0, 'gar': 0, 'nichts': 0, 'Die': 0.03, 'klassischen': 0.05, 'Stimmkan√§le': 0.06, 'sind': 0.03, 'auch': 0.04, 'unsicher': 0, 'aber': 0.05, 'niemals': 0.04, 'gleich': 0, 'skalierbar': 0.07, 'und': 0.04, 'intransparent': 0.11, 'wie': 0, 'EVoting': 0.16, 'Und': 0.04, 'da': 0, 'E-Voting': 0, 'keinen': 0, 'bewiesenen': 0, 'Zusatznutzen': 0.04, 'hat': 0, 'immense': 0.05, 'Zusatzrisiken': 0.035, '-kosten': 0, 'verursacht': 0, 'ist': 0, 'es': 0, 'abzulehnen': 0, 'NoEVoting': 1.0}",negative,"[0.19034652, 0.75568974, 0.05396372]",,,,,,,,,,,,,,,,neutral
50.0,75.0,57.0,0.0,neutral,RT @zac1967: H√§nde weg von E-Voting! | Mein Referat an der Staatsschreiberkonferenz https://t.co/bXas9CFMXi via @zac1967,h√§nde e voting referat staatsschreiberkonferenz via,,,,,,,,,,,,,"{'H√§nde': 0.12, 'weg': 0, 'von': 0, 'E-Voting': 0, 'Mein': 1.0, 'Referat': 0, 'an': 0, 'der': 0.15, 'Staatsschreiberkonferenz': 0.2, 'via': 0.27}",neutral,"[0.8160273, 0.04034737, 0.14362535]",,,,,,,,,,,,,,,,neutral
50.0,75.0,57.0,0.0,neutral,"Das @ParlCH diskutiert und entscheidet gerade √ºber zwei Initiativen zu #eVoting ... eventuell, hoffentlich, muss bald mal das Volk dar√ºber entscheiden, mehrheitlich ohne E-Voting.",diskutieren entscheiden gerade zwei initiativen evoting eventuell hoffentlich bald mal volk dar√ºber entscheiden mehrheitlich e voting,,,,,,,,,,,,,"{'Das': 0.14, 'diskutiert': 0.2, 'und': 0.14, 'entscheidet': 0, 'gerade': 0, '√ºber': 0, 'zwei': 0.15, 'Initiativen': 0.22, 'zu': 0.1, 'eVoting': 0.27, '...': 0, 'eventuell': 0, 'hoffentlich': 0.22, 'muss': 0.1, 'bald': 0, 'mal': 0, 'das': 0, 'Volk': 0.14, 'dar√ºber': 0, 'entscheiden': 0, 'mehrheitlich': 0.23, 'ohne': 0.48, 'E-Voting': 0}",neutral,"[0.5645968, 0.4104675, 0.024935754]",,,,,,,,,,,,,,,,neutral
100.0,100.0,100.0,1.0,neutral,"RT @vecirex: Zu den angeblich 200 erfolgreichen Versuchen mit E-Voting:
https://t.co/cxylKLalC1
Abgesehen davon, dass Sicherheitsschwankune‚Ä¶",angeblich erfolgreich versuchen e voting absehen davon sicherheitsschwankune,,,,,,,,,,,,,"{'Zu': 0.1, 'den': 0.26, 'angeblich': 0.12, 'erfolgreichen': 0.16, 'Versuchen': 0.1, 'mit': 0.1, 'E-Voting': 0, 'Abgesehen': 0.33999999999999997, 'davon': 0.49, 'dass': 0.49, 'Sicherheitsschwankune': 1.0, '‚Ä¶': 0}",negative,"[0.12231992, 0.82969993, 0.04798014]",,,,,,,,,,,,,,,,positive
50.0,75.0,57.0,0.0,negative,"RT @AnBuKu: E-Voting, die L√∂sung f√ºr ein nicht existierendes Problem mit immensem Risiko f√ºr uns alle!
https://t.co/XN68wJQvun
#NoEVoting",e voting l√∂sung existierend problem immensem risiko all noevoting,,,,,,,,,,,,,"{'E-Voting': 0, 'die': 0.06, 'L√∂sung': 0.08, 'f√ºr': 0.05, 'ein': 0, 'nicht': 0, 'existierendes': 0, 'Problem': 0.05, 'mit': 0.05, 'immensem': 0, 'Risiko': 0.05, 'uns': 0.06, 'alle': 0, 'NoEVoting': 1.0}",positive,"[0.14254478, 0.2586262, 0.59882903]",,,,,,,,,,,,,,,,neutral
100.0,100.0,100.0,1.0,neutral,"RT @dberger_be: Reaktion der Bundeskanzlei: ‚ÄûSolche Angriffe sind nicht auf eine Schw√§che des E-Voting-Systems zur√ºckzuf√ºhren.‚Äú Richtig, ab‚Ä¶",reaktion bundeskanzlei angriffe schw√§che e voting systems zur√ºckf√ºhren richtig ab,,,,,,,,,,,,,"{'Reaktion': 0.16, 'der': 0.04, 'Bundeskanzlei': 0.11, '‚Äû': 0, 'Solche': 0, 'Angriffe': 0, 'sind': 0, 'nicht': 0, 'auf': 0, 'eine': 0, 'Schw√§che': 0, 'des': 0, 'E-Voting-Systems': 0, 'zur√ºckzuf√ºhren': 0, '‚Äú': 0, 'Richtig': 0, 'ab': 0, '‚Ä¶': 0}",positive,"[0.36955047, 0.037426203, 0.59302336]",,,,,,,,,,,,,,,,positive
50.0,75.0,57.0,0.0,neutral,RT @coredump_ch: Wir haben uns mal das St. Galler E-Voting im Bezug auf das Stimmgeheimnis etwas genauer angeschaut: https://t.co/RAvRjQwze‚Ä¶,mal st galler e voting bezug stimmgeheimnis genau anschauen,,,,,,,,,,,,,"{'Wir': 0.07, 'haben': 0.41, 'uns': 0, 'mal': 0, 'das': 0, 'St.': 0, 'Galler': 0, 'E-Voting': 0, 'im': 0, 'Bezug': 0, 'auf': 0, 'Stimmgeheimnis': 1.0, 'etwas': 0, 'genauer': 0, 'angeschaut': 0}",neutral,"[0.542314, 0.44862244, 0.009063659]",,,,,,,,,,,,,,,,neutral
50.0,75.0,57.0,0.0,neutral,"RT @vecirex: Punkto E-Voting-#OpSec:
Graub√ºnden sucht per Ausschreibung einen Betreiber E-Voting, der auch noch die Verifikationscodes druc‚Ä¶",punkto e voting opsec graub√ºnden suchen per ausschreibung betreiber e voting verifikationscodes druc,,,,,,,,,,,,,"{'Punkto': 0, 'E-Voting-#OpSec': 0, 'Graub√ºnden': 0, 'sucht': 0, 'per': 0, 'Ausschreibung': 0, 'einen': 0, 'Betreiber': 0.28, 'E-Voting': 0, 'der': 0.35, 'auch': 0.46, 'noch': 0, 'die': 0.35, 'Verifikationscodes': 0.465, 'druc': 0, '‚Ä¶': 0}",neutral,"[0.82619643, 0.16402781, 0.009775777]",,,,,,,,,,,,,,,,neutral
50.0,75.0,57.0,0.0,neutral,"RT @vecirex: .@ErichAschi mit ""Totalverbot f√ºr E-Voting soll breit diskutiert werden"" in der @NZZ:
https://t.co/jriU2Nmp3r
Plattform hier:‚Ä¶",totalverbot e voting breit diskutieren plattform,,,,,,,,,,,,,"{'mit': 0.18, 'Totalverbot': 0.14, 'f√ºr': 0, 'E-Voting': 0, 'soll': 0, 'breit': 0, 'diskutiert': 0.09, 'werden': 0, 'in': 0.09, 'der': 0.07, 'Plattform': 0.7, 'hier': 0.65, '‚Ä¶': 0}",positive,"[0.39589548, 0.13772184, 0.46638274]",,,,,,,,,,,,,,,,neutral
50.0,75.0,57.0,0.0,neutral,"RT @vecirex: Das Diskussionsforum zum Stopp von E-Voting findet sich hier:
https://t.co/aX2vTHqqtU
#CHvote #EVoting #NoEVoting https://t.co‚Ä¶",diskussionsforum stopp e voting finden chvote evoting noevoting,,,,,,,,,,,,,"{'Das': 0.05, 'Diskussionsforum': 0.07, 'zum': 0.045, 'Stopp': 0.05, 'von': 0, 'E-Voting': 0, 'findet': 0, 'sich': 0, 'hier': 0.04, 'CHvote': 0.22, 'EVoting': 0.78, 'NoEVoting': 1.0}",neutral,"[0.82099545, 0.11440171, 0.06460281]",,,,,,,,,,,,,,,,neutral
0.0,0.0,0.0,-1.0,negative,"RT @vecirex: Die @postschweiz im E-Voting-Propaganda-Modus:
https://t.co/PHEIis7s5c
Quellcode rausr√ºcken: davor hat man panische Angst; Wah‚Ä¶",e voting propaganda modus quellcode rausr√ºcken davor panische angst wah,,,,,,,,,,,,,"{'Die': 0.07, 'im': 0, 'E-Voting-Propaganda-Modus': 0, 'Quellcode': 0.225, 'rausr√ºcken': 0.08, 'davor': 0, 'hat': 0, 'man': 0, 'panische': 0, 'Angst': 0, 'Wah': 1.0, '‚Ä¶': 0}",negative,"[0.1319685, 0.82484806, 0.043183513]",,,,,,,,,,,,,,,,negative
100.0,100.0,86.0,0.7,neutral,"RT @vecirex: Das war f√ºr E-Voting - auch schon in der Vergangenheit - nat√ºrlich alles kein Problem.
Da kommen ganz, ganz bestimmt keine #Ci‚Ä¶",e voting schon vergangenheit nat√ºrlich problem kommen ganz ganz bestimmen ci,,,,,,,,,,,,,"{'Das': 0.11, 'war': 0, 'f√ºr': 0.07, 'E-Voting': 0, 'auch': 0, 'schon': 0, 'in': 0.07, 'der': 0.11, 'Vergangenheit': 0.47, 'nat√ºrlich': 0, 'alles': 0, 'kein': 1.0, 'Problem': 0.12, 'Da': 0, 'kommen': 0, 'ganz': 0, 'bestimmt': 0.96, 'keine': 0, 'Ci': 0.46, '‚Ä¶': 0}",negative,"[0.18374373, 0.5109887, 0.30526754]",,,,,,,,,,,,,,,,positive
50.0,75.0,57.0,0.0,neutral,"RT @dani_graf: Ein spezieller Fall ist geplante E-Voting-Initiative: Da kein referendumsf√§higes Gesetz (!) vorliegt, braucht es einen Verfa‚Ä¶",speziell fall geplant e voting initiative referendumsf√§higes gesetz vorliegen brauchen verfa,,,,,,,,,,,,,"{'Ein': 0.65, 'spezieller': 0.14, 'Fall': 0, 'ist': 0.46, 'geplante': 0.19, 'E-Voting-Initiative': 0, 'Da': 0, 'kein': 0.12, 'referendumsf√§higes': 0, 'Gesetz': 0.44, 'vorliegt': 0.46, 'braucht': 0, 'es': 0.46, 'einen': 0.65, 'Verfa': 0, '‚Ä¶': 0}",neutral,"[0.67524946, 0.3102054, 0.014545133]",,,,,,,,,,,,,,,,neutral
50.0,75.0,57.0,0.0,neutral,"RT @vecirex: Gespr√§chsrunde @schweizerzeit zu E-Voting mit
- Ren√© Droz von https://t.co/w5z8rWfKiB
- @JorgoA der @PPSBE
- Henrique Schneide‚Ä¶",gespr√§chsrunde e voting ren√© droz henrique schneiden,,,,,,,,,,,,,"{'Gespr√§chsrunde': 0, 'zu': 0, 'E-Voting': 0, 'mit': 0.33, 'Ren√©': 0, 'Droz': 0.12, 'von': 0.14, 'der': 0.08, 'Henrique': 0.2, 'Schneide': 0, '‚Ä¶': 0}",neutral,"[0.6723506, 0.16083014, 0.16681919]",,,,,,,,,,,,,,,,neutral
50.0,75.0,57.0,0.0,neutral,"RT @ppsde: - Department f√ºr #Digitalisierung 
- F√∂rderung von Medien- und #Datenkompetenz 
- Aufbau einer eigenen Supply Chain zur Hardware‚Ä¶",department digitalisierung f√∂rderung medien datenkompetenz aufbau eigen supply chain hardware,,,,,,,,,,,,,,,,"{'Department': 0.28, 'f√ºr': 0.06, 'Digitalisierung': 0, 'F√∂rderung': 0, 'von': 0, 'Medien-': 0, 'und': 0.12, 'Datenkompetenz': 0.19, 'Aufbau': 0, 'einer': 0, 'eigenen': 0.05, 'Supply': 0.08, 'Chain': 0.06, 'zur': 0, 'Hardware': 0.08, '‚Ä¶': 0}",positive,"[0.11927931, 0.037002426, 0.84371823]",,,,,,,,,,,,,neutral
50.0,75.0,57.0,0.0,neutral,RT @LangstrumpfPipo: Unser Kartoffelparlament hat in dieser Session wieder unglaublich viele #Neuland- und #DigitalisierungsFAIL-Gesetze be‚Ä¶,kartoffelparlament session unglaublich neuland digitalisierungsfail gesetze be,,,,,,,,,,,,,,,,"{'Unser': 0.05, 'Kartoffelparlament': 0.065, 'hat': 0, 'in': 0.02, 'dieser': 0.02, 'Session': 0.08, 'wieder': 0.05, 'unglaublich': 0.12, 'viele': 0, 'Neuland-': 0, 'und': 0.18, 'DigitalisierungsFAIL-Gesetze': 0.9450000000000001, 'be': 0, '‚Ä¶': 0}",negative,"[0.0043077874, 0.9860699, 0.009622305]",,,,,,,,,,,,,neutral
100.0,100.0,100.0,1.0,neutral,"RT @LangstrumpfPipo: ""Wir m√ºssen das Thema #Informationssicherheit als Voraussetzung einer erfolgreichen #Digitalisierung verstehen. Welche‚Ä¶",m√ºssen thema informationssicherheit voraussetzung erfolgreich digitalisierung verstehen welch,,,,,,,,,,,,,,,,"{'Wir': 0.05, 'm√ºssen': 0.065, 'das': 0, 'Thema': 0, 'Informationssicherheit': 0.105, 'als': 0.12, 'Voraussetzung': 0, 'einer': 0, 'erfolgreichen': 1.0, 'Digitalisierung': 0, 'verstehen': 0.1, 'Welche': 0.12, '‚Ä¶': 0}",positive,"[0.27130976, 0.0146689955, 0.71402127]",,,,,,,,,,,,,positive
50.0,75.0,57.0,0.0,neutral,"RT @ppsde: Alt-#Bundesr√§tin greift Ur-Piratenthemen in der #Digitalisierung auf. Wann wird sie Mitglied bei den #Piraten ?
Wann wirst DU Mi‚Ä¶",alt bundesr√§tin greifen ur piratenthemen digitalisierung wann mitglied piraten wann mi,,,,,,,,,,,,,,,,"{'Alt-#Bundesr√§tin': 0.10750000000000001, 'greift': 0, 'Ur-Piratenthemen': 0, 'in': 0.65, 'der': 0.05, 'Digitalisierung': 0, 'auf': 0, 'Wann': 0.03, 'wird': 0.03, 'sie': 0.04, 'Mitglied': 0.04, 'bei': 0, 'den': 0.05, 'Piraten': 0.13, 'wirst': 0.03, 'DU': 0, 'Mi': 0, '‚Ä¶': 0}",neutral,"[0.822405, 0.04887906, 0.12871598]",,,,,,,,,,,,,neutral
100.0,100.0,100.0,1.0,neutral,"RT @CCC_CH: Coronakrise/Digitalisierung - @vecirex auf @20min zum #CovidZertifikat als ""Freiheitspass"":

¬´Zu normalisieren, dass man seine‚Ä¶",coronakrise digitalisierung covidzertifikat freiheitspass normalisieren,,,,,,,,,,,,,,,,"{'Coronakrise': 0, 'Digitalisierung': 0, 'auf': 0.19, 'zum': 0.075, 'CovidZertifikat': 0, 'als': 0.06, 'Freiheitspass': 0.11000000000000001, '¬´': 0, 'Zu': 0, 'normalisieren': 0, 'dass': 0, 'man': 0, 'seine': 0, '‚Ä¶': 0}",negative,"[0.40074906, 0.5195238, 0.079727165]",,,,,,,,,,,,,positive
50.0,75.0,57.0,0.0,neutral,"RT @CCC_CH: Digitalisierung/Privacy/Security - solche Grunds√§tze &amp; konkrete M√∂glichkeiten, sich einzubringen, k√∂nnen t√§glich am @CyberStamm‚Ä¶",digitalisierung privacy security grunds√§tze amp konkrete m√∂glichkeiten einbringen t√§glich,,,,,,,,,,,,,,,,"{'Digitalisierung': 0, 'Privacy': 0.13, 'Security': 0.09, 'solche': 0.35, 'Grunds√§tze': 0.11, 'amp': 0.07, 'konkrete': 0.07, 'M√∂glichkeiten': 0.04, 'sich': 0, 'einzubringen': 0, 'k√∂nnen': 0.03, 't√§glich': 0, 'am': 0, '‚Ä¶': 0}",positive,"[0.0057931645, 0.004017652, 0.99018914]",,,,,,,,,,,,,neutral
100.0,100.0,86.0,0.7,neutral,"RT @PascalFouquet: Hoffen wir, dass das #eIDnein der Startschuss einer neuen #Digitalpolitik der #Schweiz ist. Digitalisierung muss prim√§r‚Ä¶",hoffen eidnein startschuss neu digitalpolitik schweiz digitalisierung prim√§r,,,,,,,,,,,,,,,,"{'Hoffen': 0.13, 'wir': 0, 'dass': 0.06, 'das': 0.06, 'eIDnein': 0, 'der': 0.05, 'Startschuss': 0.07, 'einer': 0, 'neuen': 0.08, 'Digitalpolitik': 0.135, 'Schweiz': 0.08, 'ist': 0.09, 'Digitalisierung': 0, 'muss': 0, 'prim√§r': 0, '‚Ä¶': 0}",neutral,"[0.7927444, 0.032232177, 0.17502347]",,,,,,,,,,,,,positive
50.0,75.0,57.0,0.0,neutral,"RT @PascalFouquet: Bei #eIDnein stimmen wir dar√ºber ab, ob von Digitalisierung die Zivilgesellschaft oder Unternehmen massgeblich profitier‚Ä¶",eidnein stimmen dar√ºber ab digitalisierung zivilgesellschaft unternehmen massgeblich profitier,,,,,,,,,,,,,,,,"{'Bei': 0.05, 'eIDnein': 0, 'stimmen': 0, 'wir': 0, 'dar√ºber': 0, 'ab': 0, 'ob': 0, 'von': 0.46, 'Digitalisierung': 0, 'die': 0, 'Zivilgesellschaft': 0.19, 'oder': 0.06, 'Unternehmen': 0, 'massgeblich': 0, 'profitier': 0, '‚Ä¶': 0}",neutral,"[0.5054501, 0.027154662, 0.4673952]",,,,,,,,,,,,,neutral
100.0,100.0,100.0,1.0,neutral,"@fdp_zh @RuediNoser Die versammelte Digitalkompetenz der FDP trifft sich in einer Besenkammer.
Die Anspr√ºche an eine gute Digitalisierung der Schweiz sind auf tiefem Niveau angelangt. 
#eIDnein https://t.co/1TpEncRLPd",versammeln digitalkompetenz fdp treffen besenkammer anspr√ºche gut digitalisierung schweiz tief niveau angelangt eidnein,,,,,,,,,,,,,,,,"{'Die': 0.05, 'versammelte': 0, 'Digitalkompetenz': 0.05, 'der': 0.05, 'FDP': 0.03, 'trifft': 0.03, 'sich': 0, 'in': 0.16, 'einer': 0, 'Besenkammer': 0, 'Anspr√ºche': 0, 'an': 0, 'eine': 0, 'gute': 0, 'Digitalisierung': 0, 'Schweiz': 0.1, 'sind': 0, 'auf': 0.42, 'tiefem': 0, 'Niveau': 0.03, 'angelangt': 0, 'eIDnein': 0.06}",positive,"[0.018045466, 0.17399454, 0.80796]",,,,,,,,,,,,,positive
75.0,75.0,71.0,0.35,negative,"RT @Piratenpartei: Is nich wahr!
Kaum predigen #PIRATEN das seit 14 Jahren - ZACK - schon wird reagiert.
#Digitalisierung",is nich wahren kaum predigen piraten seit jahren zack schon reagieren digitalisierung,,,,,,,,,,,,,,,,"{'Is': 0.06, 'nich': 0, 'wahr': 0.07, 'Kaum': 0, 'predigen': 0.06, 'PIRATEN': 0.04, 'das': 0.04, 'seit': 0, 'Jahren': 0.03, 'ZACK': 0.06, 'schon': 0, 'wird': 0, 'reagiert': 0, 'Digitalisierung': 1.0}",neutral,"[0.69782597, 0.042003725, 0.2601703]",,,,,,,,,,,,,positive
50.0,75.0,57.0,0.0,neutral,RT @CCC_CH: Coronakrise/Digitalisierung - Kai vom Chaostreff Bern im @radio32ag kritisch zum Nutzen der #CoronaApp. https://t.co/GxPDq9m7B0‚Ä¶,coronakrise digitalisierung kai chaostreff bern kritisch nutzen coronaapp,,,,,,,,,,,,,,,,"{'Coronakrise': 0, 'Digitalisierung': 0, 'Kai': 0.13, 'vom': 0.15000000000000002, 'Chaostreff': 0.24, 'Bern': 0.07, 'im': 0, 'kritisch': 0.1, 'zum': 0.07, 'Nutzen': 0.09, 'der': 0.07, 'CoronaApp': 0.18}",positive,"[0.30048624, 0.08279697, 0.6167168]",,,,,,,,,,,,,neutral
100.0,100.0,100.0,1.0,neutral,"RT @pEpFoundation: Stiftungsrat @vecirex - sechs Punkte zu guter #Digitalisierung:

1. Abschaffung Massen√ºberwachung
2. Beendigung Internet‚Ä¶",stiftungsrat sechs punkte gut digitalisierung abschaffung massen√ºberwachung beendigung internet,,,,,,,,,,,,,,,,"{'Stiftungsrat': 0.08249999999999999, 'sechs': 0.11, 'Punkte': 0.2, 'zu': 0, 'guter': 0, 'Digitalisierung': 0, '1.': 0, 'Abschaffung': 0.14, 'Massen√ºberwachung': 0.065, '2.': 0, 'Beendigung': 0.07, 'Internet': 0.06, '‚Ä¶': 0}",positive,"[0.006486664, 0.0039376942, 0.9895756]",,,,,,,,,,,,,positive
50.0,75.0,57.0,0.0,neutral,RT @ppsde: Einige Parteien versuchen gerade in letzer Minute in Punkto Digitalisierung zu punkten. Das Schaubild zeigt wie alle etablierten‚Ä¶,parteien versuchen gerade letzer minute punkto digitalisierung punkten schaubild zeigen all etablieren,,,,,,,,,,,,,,,,"{'Einige': 0.1, 'Parteien': 0.11, 'versuchen': 0.11, 'gerade': 0, 'in': 0.12, 'letzer': 0.05, 'Minute': 0.13, 'Punkto': 0, 'Digitalisierung': 0, 'zu': 0.11, 'punkten': 0.19, 'Das': 0.05, 'Schaubild': 0, 'zeigt': 0, 'wie': 0, 'alle': 0, 'etablierten': 0.04, '‚Ä¶': 0}",neutral,"[0.9052634, 0.019801416, 0.07493526]",,,,,,,,,,,,,neutral
50.0,75.0,57.0,0.0,negative,"RT @vecirex: @Avenir_Suisse @digitalisierung @serduelt Was f√ºr eine #EVoting-Quittung? 

Man gibt einen Best√§tigungscode ein, wenn man fert‚Ä¶",evoting quittung geben best√§tigungscode fert,,,,,,,,,,,,,,,,"{'Was': 0, 'f√ºr': 0, 'eine': 0, 'EVoting-Quittung': 0.14, 'Man': 0, 'gibt': 0, 'einen': 0.17, 'Best√§tigungscode': 0.37, 'ein': 0, 'wenn': 0, 'man': 0, 'fert': 0, '‚Ä¶': 0}",neutral,"[0.8939883, 0.03181326, 0.074198425]",,,,,,,,,,,,,neutral
100.0,100.0,86.0,0.7,neutral,"RT @PiratenBS_BL: Die #Piraten k√§mpfen f√ºr eine #Digitalisierung, an der alle teilhaben k√∂nnen. Nicht nur die grossen Internetkonzerne.

#V‚Ä¶",piraten k√§mpfen digitalisierung all teilhaben grossen internetkonzerne v,,,,,,,,,,,,,,,,"{'Die': 0.06, 'Piraten': 0.55, 'k√§mpfen': 0, 'f√ºr': 0.64, 'eine': 0, 'Digitalisierung': 0, 'an': 0, 'der': 0.06, 'alle': 0.18, 'teilhaben': 0.25, 'k√∂nnen': 0, 'Nicht': 0.12, 'nur': 0, 'die': 0.06, 'grossen': 0, 'Internetkonzerne': 0, 'V': 0.05, '‚Ä¶': 0}",neutral,"[0.83095396, 0.029856099, 0.13918991]",,,,,,,,,,,,,positive
100.0,100.0,86.0,0.7,neutral,"RT @PiratenBS_BL: H√∂chste Zeit, das die #Piraten ins #Parlament einziehen!
#Datenschutz und #Digitalisierung geh√∂ren zu unseren Kernkompete‚Ä¶",hoch zeit piraten parlament einziehen datenschutz digitalisierung geh√∂ren kernkompete,,,,,,,,,,,,,,,,"{'H√∂chste': 0, 'Zeit': 0.02, 'das': 0, 'die': 0.03, 'Piraten': 0.06, 'ins': 0, 'Parlament': 0.05, 'einziehen': 0, 'Datenschutz': 0, 'und': 0.46, 'Digitalisierung': 0, 'geh√∂ren': 0, 'zu': 0.02, 'unseren': 0.12, 'Kernkompete': 0.11, '‚Ä¶': 0}",positive,"[0.0031221919, 0.0016211751, 0.9952566]",,,,,,,,,,,,,positive
100.0,100.0,86.0,0.7,neutral,RT @jcfrick: W√§hrend am #Digitaltag19 vor allem die Vorteile der Digitalisierung hervorgehoben werden aktivieren @Swisscom_de und Co. heute‚Ä¶,digitaltag19 vorteile digitalisierung hervorheben aktivieren co heute,,,,,,,,,,,,,,,,"{'W√§hrend': 0.14, 'am': 0, 'Digitaltag19': 0.29, 'vor': 0, 'allem': 0, 'die': 0.54, 'Vorteile': 0, 'der': 0.54, 'Digitalisierung': 0, 'hervorgehoben': 0, 'werden': 0, 'aktivieren': 0.23, 'und': 0.13, 'Co.': 0, 'heute': 0.23, '‚Ä¶': 0}",positive,"[0.0032931054, 0.0021906684, 0.9945162]",,,,,,,,,,,,,positive
25.0,0.0,14.0,-0.5,negative,"RT @PascalFouquet: Erschreckend fand ich aber, wie wenige Fragen zur Digitalisierung gestellt wurden. Seit Jahren nimmt die Digitalpolitik‚Ä¶",erschrecken finden wenig fragen digitalisierung stellen seit jahren nehmen digitalpolitik,,,,,,,,,,,,,,,,"{'Erschreckend': 0, 'fand': 0.25, 'ich': 0.11, 'aber': 0.2, 'wie': 0.12, 'wenige': 0.08, 'Fragen': 0.1, 'zur': 0, 'Digitalisierung': 0, 'gestellt': 0, 'wurden': 0, 'Seit': 0, 'Jahren': 0.26, 'nimmt': 0, 'die': 0, 'Digitalpolitik': 0.61, '‚Ä¶': 0}",neutral,"[0.5728459, 0.31616265, 0.110991575]",,,,,,,,,,,,,negative
50.0,75.0,57.0,0.0,neutral,"RT @digiges_ch: ¬´Das Ende von #eVoting ist f√ºr die Digitalisierung der Schweiz kein R√ºckschlag, sondern vielmehr eine Befreiung.¬ª (@barjack‚Ä¶",ende evoting digitalisierung schweiz r√ºckschlag vielmehr befreiung,,,,,,,,,,,,,,,,"{'¬´': 0, 'Das': 0, 'Ende': 0, 'von': 0, 'eVoting': 0, 'ist': 0, 'f√ºr': 0, 'die': 0, 'Digitalisierung': 0, 'der': 0, 'Schweiz': 0, 'kein': 0, 'R√ºckschlag': 0, 'sondern': 0, 'vielmehr': 0, 'eine': 0, 'Befreiung': 0, '¬ª': 0, '‚Ä¶': 0}",neutral,"[0.64373374, 0.028871056, 0.32739523]",,,,,,,,,,,,,neutral
100.0,100.0,100.0,1.0,neutral,"RT @vecirex: Ein gutes Beisplel f√ºr komplett sinnfreie Digitalisierung, die rein dem Profitstreben und der Kontrolle dient. https://t.co/LI‚Ä¶",gutes beisplel komplett sinnfreie digitalisierung rein profitstreben kontrolle dienen,,,,,,,,,,,,,,,,"{'Ein': 0.06, 'gutes': 0.12, 'Beisplel': 0, 'f√ºr': 0.08, 'komplett': 0.41, 'sinnfreie': 1.0, 'Digitalisierung': 0, 'die': 0.06, 'rein': 0, 'dem': 0.06, 'Profitstreben': 0, 'und': 0.06, 'der': 0.06, 'Kontrolle': 0.09, 'dient': 0}",negative,"[0.0026393004, 0.98013294, 0.017227693]",,,,,,,,,,,,,positive
50.0,75.0,57.0,0.0,neutral,"RT @claudioluck: @BaselStadt @vecirex @CCC_CH @postschweiz @SRF @scytl @KPMG_CH ""Digitalisierung"" ist zu diffus f√ºr eine Diskussion. Automa‚Ä¶",digitalisierung diffus diskussion automa,,,,,,,,,,,,,,,,"{'Digitalisierung': 0, 'ist': 1.0, 'zu': 0, 'diffus': 0.12, 'f√ºr': 0.28, 'eine': 0, 'Diskussion': 0.23, 'Automa': 0.07, '‚Ä¶': 0}",negative,"[0.044494476, 0.9420447, 0.013460844]",,,,,,,,,,,,,neutral
100.0,100.0,100.0,1.0,neutral,RT @CCC_CH: Cyber++ - die Konferenz der Kantonsregierungen tritt euphorisch f√ºr die totale Digitalisierung ein: so auch f√ºrs #Cybervoting.‚Ä¶,cyber konferenz kantonsregierungen tritt euphorisch totale digitalisierung f√ºrs cybervoting,,,,,,,,,,,,,,,,"{'Cyber++': 0, 'die': 0.03, 'Konferenz': 0.06, 'der': 0.03, 'Kantonsregierungen': 0.07, 'tritt': 0, 'euphorisch': 0.24, 'f√ºr': 0.07, 'totale': 1.0, 'Digitalisierung': 0, 'ein': 0, 'so': 0, 'auch': 0.11, 'f√ºrs': 0.07, 'Cybervoting': 0.21, '‚Ä¶': 0}",positive,"[0.0020420514, 0.0015201245, 0.9964378]",,,,,,,,,,,,,positive
50.0,75.0,57.0,0.0,neutral,"RT @martinsteiger: ¬´Politiker und Verwaltung [‚Ä¶] tun [‚Ä¶] alles, um eine erfolgreiche Digitalisierung der Schweiz zu verhindern.¬ª https://t.‚Ä¶",politiker verwaltung tun erfolgreich digitalisierung schweiz verhindern,,,,,,,,,,,,,,,,"{'¬´': 0, 'Politiker': 0, 'und': 0, 'Verwaltung': 0, '‚Ä¶': 0, 'tun': 0, 'alles': 0, 'um': 0, 'eine': 0, 'erfolgreiche': 0, 'Digitalisierung': 0, 'der': 0, 'Schweiz': 0, 'zu': 0, 'verhindern': 0, '¬ª': 0}",positive,"[0.3185438, 0.1346468, 0.5468094]",,,,,,,,,,,,,neutral
50.0,75.0,57.0,0.0,neutral,"RT @glpzh: https://t.co/xcCzObcBku

""wir fordern vor allem auch eine Digitalisierung mit Herz und Verstand. Und unser Verstand sagt ¬´E-Voti‚Ä¶",fordern digitalisierung herz verstehen verstehen sagen e voti,,,,,,,,,,,,,,,,"{'wir': 0, 'fordern': 1.0, 'vor': 0, 'allem': 0, 'auch': 0.74, 'eine': 0, 'Digitalisierung': 0, 'mit': 0.27, 'Herz': 0.31, 'und': 0.19, 'Verstand': 0, 'Und': 0.19, 'unser': 0.12, 'sagt': 0, '¬´': 0, 'E-Voti': 0, '‚Ä¶': 0}",positive,"[0.0053033265, 0.0025138853, 0.9921828]",,,,,,,,,,,,,neutral
50.0,75.0,57.0,0.0,neutral,"RT @leyrer: W√∂rter, die signalisieren, dass du keine Ahnung hast, wovon du sprichst:
Cyber*
Blockchain
Digitalisierung
Internetsperren
K√ºns‚Ä¶",w√∂rter signalisieren ahnung wovon sprechen cyber blockchain digitalisierung internetsperren k√ºns,,,,,,,,,,,,,,,,"{'W√∂rter': 0.06, 'die': 0, 'signalisieren': 0.13, 'dass': 0.03, 'du': 0, 'keine': 0, 'Ahnung': 0.03, 'hast': 0, 'wovon': 0.045, 'sprichst': 0, 'Cyber': 0.15, 'Blockchain': 0.43, 'Digitalisierung': 1.0, 'Internetsperren': 0.7, 'K√ºns': 0, '‚Ä¶': 0}",negative,"[0.062396687, 0.89757323, 0.04003008]",,,,,,,,,,,,,neutral
50.0,75.0,57.0,0.0,neutral,"RT @LangstrumpfPipo: ""Streitpunkte sind die Missachtung fundamentaler Anforderungen wie Menschenrechte, Umweltschutz und Garantie der Priva‚Ä¶",streitpunkte missachtung fundamental anforderungen menschenrechte umweltschutz garantie priva,,,,,,,,,,,,,,,,,,,"{'Streitpunkte': 0.2375, 'sind': 0.67, 'die': 0.65, 'Missachtung': 1.0, 'fundamentaler': 0.3, 'Anforderungen': 0, 'wie': 0, 'Menschenrechte': 0.185, 'Umweltschutz': 0.345, 'und': 0.17, 'Garantie': 0.19, 'der': 0.65, 'Priva': 0, '‚Ä¶': 0}",positive,"[0.052179415, 0.2737957, 0.6740249]",,,,,,,,,,neutral
100.0,100.0,100.0,0.9,negative,"@RTSinfo Die Sicherheit sei also weiterhin kein Problem, das System wird noch mindestens ein Jahr weitergenutzt und ohne Geld gibt es auch keine weiteren Updates geschweige denn √∂ffentliche Specs &amp; Codes ... 
So bitte nicht, am besten sofort abschalten und #NoEVoting unterst√ºtzen.",sicherheit weiterhin problem system mindestens jahr weitergenutzt geld geben weit updates geschweige √∂ffentlich specs amp codes bitte gut sofort abschalten noevoting unterst√ºtzen,,,,,,,,,,,,,,,,,,,,,,"{'Die': 0.04, 'Sicherheit': 0, 'sei': 0.01, 'also': 0, 'weiterhin': 0, 'kein': 0.04, 'Problem': 1.0, 'das': 0, 'System': 0.04, 'wird': 0.05, 'noch': 0.41, 'mindestens': 0.025, 'ein': 0, 'Jahr': 0.02, 'weitergenutzt': 0.015, 'und': 0.01, 'ohne': 0.02, 'Geld': 0.02, 'gibt': 0.02, 'es': 0.24, 'auch': 0, 'keine': 0, 'weiteren': 0.03, 'Updates': 0.02, 'geschweige': 0.015, 'denn': 0, '√∂ffentliche': 0.01, 'Specs': 0.02, 'amp': 0.01, 'Codes': 0.01, '...': 0, 'So': 0.03, 'bitte': 0, 'nicht': 0, 'am': 0, 'besten': 0.03, 'sofort': 0.02, 'abschalten': 0.01, 'NoEVoting': 0.08, 'unterst√ºtzen': 0.01}",positive,"[0.008651617, 0.0026971314, 0.9886513]",,,,,,,positive
50.0,75.0,57.0,0.0,neutral,RT @srfnews: In #Luxemburg sind ab M√§rz 2020 die √∂ffentlichen Verkehrsbetriebe f√ºr alle Nutzer der zweiten Klasse #gratis. Damit wird der K‚Ä¶,luxemburg ab m√§rz √∂ffentlich verkehrsbetriebe all nutzer zweit klasse gratis k,,,,,,,,,,,,,,,,,,,,,,,,,"{'In': 0.07, 'Luxemburg': 0.07, 'sind': 0, 'ab': 0, 'M√§rz': 0.05, 'die': 0.41, '√∂ffentlichen': 0.04, 'Verkehrsbetriebe': 0.14, 'f√ºr': 0.05, 'alle': 0, 'Nutzer': 0.1, 'der': 0.41, 'zweiten': 0.03, 'Klasse': 0.05, 'gratis': 0.08499999999999999, 'Damit': 0.07, 'wird': 0.09, 'K': 1.0, '‚Ä¶': 0}",positive,"[0.14531031, 0.03626179, 0.8184279]",,,,neutral
50.0,75.0,57.0,0.0,neutral,"Soweit sind wir in der Schweiz mit der #Hanf- und #Landwirtschaftspolitik: Absolut alles ist hier importiert ...
@coop_ch https://t.co/YfnhAoK054",soweit schweiz hanf landwirtschaftspolitik absolut importieren,,,,,,,,,,,,,,,,,,,,,,,,,,,,"{'Soweit': 0.08499999999999999, 'sind': 0.08, 'wir': 0, 'in': 0.09, 'der': 0.29, 'Schweiz': 0.29, 'mit': 0.29, 'Hanf-': 0, 'und': 0.38, 'Landwirtschaftspolitik': 1.0, 'Absolut': 0.16, 'alles': 0.23, 'ist': 0.08, 'hier': 0.08, 'importiert': 0.36, '...': 0}",positive,"[0.013866337, 0.0020689499, 0.98406464]",neutral
