answer_five,answer_four,answer_seven,polarity,sentiment_gs,tweet,tweet_tokens,absa_token_weights_3389,absa_sentiment_3389,absa_scores_3389,absa_token_weights_3412,absa_sentiment_3412,absa_scores_3412,absa_token_weights_3414,absa_sentiment_3414,absa_scores_3414,absa_token_weights_3415,absa_sentiment_3415,absa_scores_3415,absa_token_weights_3417,absa_sentiment_3417,absa_scores_3417,absa_token_weights_3419,absa_sentiment_3419,absa_scores_3419,absa_token_weights_3421,absa_sentiment_3421,absa_scores_3421,absa_token_weights_3430,absa_sentiment_3430,absa_scores_3430,absa_token_weights_3431,absa_sentiment_3431,absa_scores_3431,absa_token_weights_3434,absa_sentiment_3434,absa_scores_3434,absa_token_weights_3436,absa_sentiment_3436,absa_scores_3436,absa_token_weights_3450,absa_sentiment_3450,absa_scores_3450,absa_token_weights_3466,absa_sentiment_3466,absa_scores_3466,sentiment_tb
50.0,75.0,57.0,0.0,neutral,RT @UniaSchweiz: USR III heisst: Die Kantone m√ºssen sparen. Dies passiert zum Beispiel bei der Kinderbetreuung. NEIN zur  #USR3! https://t.‚Ä¶,usr iii heisst kantone m√ºssen sparen passieren beispiel kinderbetreuung nein usr3,"{'USR': 0, 'III': 0.03, 'heisst': 0, 'Die': 0.09, 'Kantone': 0.08, 'm√ºssen': 0.08, 'sparen': 0.1, 'Dies': 0, 'passiert': 0.46, 'zum': 0.08499999999999999, 'Beispiel': 0.36, 'bei': 0, 'der': 0.09, 'Kinderbetreuung': 1.0, 'NEIN': 0.16, 'zur': 0.08499999999999999, 'USR3': 0.07}",positive,"[0.10404196, 0.008876813, 0.8870813]",,,,,,,,,,,,,,,,,,,,,,,,,,,,,,,,,,,,,neutral
50.0,75.0,57.0,0.0,negative,"RT @UniaSchweiz: Hat jemand noch Zweifel daran, weshalb eine Erh√∂hung des Frauenrentenalters ein No-Go ist? Schaut euch das gestrige Talk t‚Ä¶",jemand zweifel daran weshalb erh√∂hung frauenrentenalters no go schauen gestrig talk t,,,,"{'Hat': 0, 'jemand': 0, 'noch': 0.09, 'Zweifel': 0, 'daran': 0.08, 'weshalb': 0, 'eine': 0, 'Erh√∂hung': 0, 'des': 0, 'Frauenrentenalters': 0.645, 'ein': 0, 'No-Go': 0, 'ist': 0.85, 'Schaut': 0, 'euch': 0, 'das': 0, 'gestrige': 0.05, 'Talk': 0.05, 't': 0.03, '‚Ä¶': 0}",neutral,"[0.5038667, 0.41221106, 0.08392235]",,,,,,,,,,,,,,,,,,,,,,,,,,,,,,,,,,neutral
50.0,75.0,57.0,0.0,neutral,"RT @UniaSchweiz: F√ºr eine verdiente Lohnerh√∂hung im Baugewerbe und gegen die Erh√∂hung des Rentenalters 60! Alle an die Demo am 23. Juni, um‚Ä¶",verdienen lohnerh√∂hung baugewerbe erh√∂hung rentenalters all demo juni,,,,"{'F√ºr': 0.17, 'eine': 0, 'verdiente': 0.11, 'Lohnerh√∂hung': 0.26, 'im': 0, 'Baugewerbe': 0.16, 'und': 0.19, 'gegen': 0.93, 'die': 0.06, 'Erh√∂hung': 0.26, 'des': 0, 'Rentenalters': 0.7949999999999999, 'Alle': 0, 'an': 0, 'Demo': 0.09, 'am': 0, '23.': 0, 'Juni': 0.03, 'um': 0.09, '‚Ä¶': 0}",neutral,"[0.65324265, 0.18139061, 0.16536662]",,,,,,,,,,,,,,,,,,,,,,,,,,,,,,,,,,neutral
0.0,0.0,0.0,-1.0,negative,RT @AHVplus: Renten-Massaker! Die NR-Kommission will massive  Rentensenkungen bei den Pensionskassen und Rentenalter 67 f√ºr alle. https://t‚Ä¶,renten massaker nr kommission massiv rentensenkungen pensionskassen rentenalter all,,,,"{'Renten-Massaker': 0.565, 'Die': 0.08, 'NR-Kommission': 0.16999999999999998, 'will': 0, 'massive': 0.13, 'Rentensenkungen': 0.13, 'bei': 0, 'den': 0.08, 'Pensionskassen': 0.11, 'und': 0.11, 'Rentenalter': 0.15000000000000002, 'f√ºr': 0.08, 'alle': 0.07}",negative,"[0.08509493, 0.5571029, 0.35780215]",,,,"{'Renten-Massaker': 0.555, 'Die': 0.07, 'NR-Kommission': 0.16, 'will': 0, 'massive': 0.13, 'Rentensenkungen': 0.11, 'bei': 0, 'den': 0.07, 'Pensionskassen': 0.1, 'und': 0.1, 'Rentenalter': 0.095, 'f√ºr': 0.08, 'alle': 0.06}",negative,"[0.007764182, 0.9790876, 0.013148245]",,,,,,,,,,,,,,,,,,,,,,,,,,,,negative
100.0,100.0,100.0,0.75,negative,"Ich glaube so ein sch√∂ner Abstimmungssonntag habe ich noch nie erlebt. ü•∞

NEIN zur fremdenfeindlichen K√ºndigungsinitiative, NEIN zu Steuergeschenken f√ºr Reiche und JA zum Vaterschaftsurlaub! üéâ‚úäüèΩ#Abst20 #BGInein https://t.co/F08Is5y4EE",glauben sch√∂n abstimmungssonntag nie erleben nein fremdenfeindlichen k√ºndigungsinitiative nein steuergeschenken reichen ja vaterschaftsurlaub abst20 bginein,,,,,,,"{'Ich': 0.02, 'glaube': 0, 'so': 0, 'ein': 0, 'sch√∂ner': 0.09, 'Abstimmungssonntag': 0.05, 'habe': 0, 'ich': 0.02, 'noch': 0, 'nie': 0.84, 'erlebt': 0, 'ü•∞': 0, 'NEIN': 0, 'zur': 0, 'fremdenfeindlichen': 0, 'K√ºndigungsinitiative': 0, 'zu': 0, 'Steuergeschenken': 0, 'f√ºr': 0, 'Reiche': 0, 'und': 0, 'JA': 0, 'zum': 0, 'Vaterschaftsurlaub': 0, 'Abst20': 0, 'BGInein': 0}",positive,"[0.005207135, 0.0014935326, 0.99329937]",,,,,,,,,,,,,,,,,,,,,,,,,,,,,,,positive
25.0,25.0,28.0,-0.2333333333333333,neutral,"@pi_fossil Vaterschaftsurlaub ist Arbeitszeit, nicht Ferien. Es handelt sich um intensive Arbeit in der Familie und soll die Belastung gleichwertiger verteilen. Es ist ein erster Schritt in Richtung fairer Aufteilung von bezahlter und unbezahlter (Care-)Arbeit.",vaterschaftsurlaub arbeitszeit ferien handeln intensive arbeit familie belastung gleichwertig verteilen erst schritt richtung fair aufteilung bezahlt unbezahlt care arbeit,,,,,,,"{'Vaterschaftsurlaub': 0.775, 'ist': 0.12, 'Arbeitszeit': 0.68, 'nicht': 0.67, 'Ferien': 0, 'Es': 0.12, 'handelt': 0, 'sich': 0, 'um': 0.04, 'intensive': 0.11, 'Arbeit': 0.02, 'in': 0.04, 'der': 0.04, 'Familie': 0.04, 'und': 0.02, 'soll': 0, 'die': 0.04, 'Belastung': 0, 'gleichwertiger': 0, 'verteilen': 0.06, 'ein': 0, 'erster': 0.02, 'Schritt': 0.05, 'Richtung': 0, 'fairer': 0, 'Aufteilung': 0.05, 'von': 0, 'bezahlter': 0.02, 'unbezahlter': 0.03, 'Care-)Arbeit': 0.02}",neutral,"[0.47514322, 0.39287257, 0.13198413]",,,,,,,,,,,,,,,,,,,,,,,,,,,,,,,neutral
50.0,75.0,57.0,0.0,negative,"Mein Couvert ist bereis verschickt. Und deines? ‚òùüèΩ #abst20 @SP_Stadt_Bern @spkantonbern

Meine Empfehlungen:

üëâ NEIN zu den Kampfjet-Milliarden!
üëâ NEIN zur Begrenzungsinitiative!
üëâ NEIN zum Jagdgesetz!
üëâ NEIN zum Kinderabzugs-Bschiss!
üëâ JA zum Vaterschaftsurlaub! https://t.co/kJ99dy5nx2",couvert bereis verschicken abst20 empfehlungen nein kampfjet milliarden nein begrenzungsinitiative nein jagdgesetz nein kinderabzugs bschiss ja vaterschaftsurlaub,,,,,,,"{'Mein': 0.04, 'Couvert': 0, 'ist': 0, 'bereis': 0, 'verschickt': 0.06, 'Und': 0.03, 'deines': 0.07, 'abst20': 0.09, 'Meine': 0.04, 'Empfehlungen': 0.24, 'NEIN': 0.42, 'zu': 1.0, 'den': 0.04, 'Kampfjet-Milliarden': 0.0425, 'zur': 0.52, 'Begrenzungsinitiative': 0.03, 'zum': 0.52, 'Jagdgesetz': 0.04, 'Kinderabzugs-Bschiss': 0.08, 'JA': 0.03, 'Vaterschaftsurlaub': 0.46499999999999997}",positive,"[0.0058742296, 0.0014147001, 0.99271107]",,,,,,,,,,,,,,,,,,,,,,,,,,,,,,,neutral
0.0,0.0,0.0,-1.0,negative,RT @AHVplus: Renten-Massaker! Die NR-Kommission will massive  Rentensenkungen bei den Pensionskassen und Rentenalter 67 f√ºr alle. https://t‚Ä¶,renten massaker nr kommission massiv rentensenkungen pensionskassen rentenalter all,,,,"{'Renten-Massaker': 0.565, 'Die': 0.08, 'NR-Kommission': 0.16999999999999998, 'will': 0, 'massive': 0.13, 'Rentensenkungen': 0.13, 'bei': 0, 'den': 0.08, 'Pensionskassen': 0.11, 'und': 0.11, 'Rentenalter': 0.15000000000000002, 'f√ºr': 0.08, 'alle': 0.07}",negative,"[0.08509493, 0.5571029, 0.35780215]",,,,"{'Renten-Massaker': 0.555, 'Die': 0.07, 'NR-Kommission': 0.16, 'will': 0, 'massive': 0.13, 'Rentensenkungen': 0.11, 'bei': 0, 'den': 0.07, 'Pensionskassen': 0.1, 'und': 0.1, 'Rentenalter': 0.095, 'f√ºr': 0.08, 'alle': 0.06}",negative,"[0.007764182, 0.9790876, 0.013148245]",,,,,,,,,,,,,,,,,,,,,,,,,,,,negative
100.0,100.0,86.0,0.7,neutral,RT @JUSOStadtBern: In Bern fehlt es an g√ºnstigem Wohnraum. Die JUSO setzt sich f√ºr einen geminn√ºtzigen und sozialen Wohnungsbau ein! https:‚Ä¶,bern fehlen g√ºnstig wohnraum juso setzen geminn√ºtzigen sozial wohnungsbau https,,,,,,,,,,,,,"{'In': 0.14, 'Bern': 0.08, 'fehlt': 0.06, 'es': 0.06, 'an': 0, 'g√ºnstigem': 1.0, 'Wohnraum': 0, 'Die': 0, 'JUSO': 0.08, 'setzt': 0, 'sich': 0, 'f√ºr': 0, 'einen': 0.11, 'geminn√ºtzigen': 0, 'und': 0.04, 'sozialen': 0.07, 'Wohnungsbau': 0.07, 'ein': 0, 'https': 0.05, '‚Ä¶': 0}",negative,"[0.014704165, 0.64375657, 0.34153917]",,,,,,,,,,,,,,,,,,,,,,,,,positive
50.0,75.0,57.0,0.0,neutral,Organspender oder nicht? Das Smartphone weiss die Antwort #srf http://t.co/NJDNroWuXF,organspender smartphone weiss antwort srf,,,,,,,,,,,,,,,,"{'Organspender': 0.665, 'oder': 0.86, 'nicht': 0.38, 'Das': 0.12, 'Smartphone': 0.29, 'weiss': 0, 'die': 0.12, 'Antwort': 0, 'srf': 0.26}",neutral,"[0.98027873, 0.0063727144, 0.013348544]",,,,,,,,,,,,,,,,,,,,,,neutral
50.0,75.0,71.0,0.15,neutral,"@KarlKuenzle @wahlforschung0 @Lenaallenspach @99prznt @nau_live Ich zahle Steuern und habe keine Krankenkassenpr√§mienverbilligung. Aber danke der Nachfrage.üòâ√úbrigens etwas widerspr√ºchlich wenn du zuerst schreibst ""ich arbeite nicht und verdiene nichts"" und danach von der ""guten Pensionskasse"".ü§∑üèª‚Äç‚ôÄÔ∏è",zahlen steuern krankenkassenpr√§mienverbilligung danke nachfragen √ºbrigens widerspr√ºchlich zuerst schreiben arbeiten verdienen danach gut pensionskasse,,,,,,,,,,,,,,,,,,,"{'Ich': 0.01, 'zahle': 0.3, 'Steuern': 0, 'und': 0.02, 'habe': 0.67, 'keine': 0, 'Krankenkassenpr√§mienverbilligung': 0.545, 'Aber': 0.48, 'danke': 0.02, 'der': 0.01, 'Nachfrage': 0, '√úbrigens': 0.01, 'etwas': 0, 'widerspr√ºchlich': 0, 'wenn': 0, 'du': 0.02, 'zuerst': 0.03, 'schreibst': 0.02, 'ich': 0.01, 'arbeite': 0.03, 'nicht': 1.0, 'verdiene': 0, 'nichts': 0.05, 'danach': 0, 'von': 0.02, 'guten': 0.02, 'Pensionskasse"".': 0.02, 'ü§∑': 0, '\u200dÔ∏è': 0}",negative,"[0.4557191, 0.5320985, 0.012182445]",,,,,,,,,,,,,,,,,,,neutral
0.0,0.0,0.0,-1.0,neutral,"RT @JusoSchweiz: Bundesr√§tin Sommaruga spricht an der #jusodv: ""Das Asylrecht abschaffen zu wollen, ist nicht nur unmenschlich, es ist besc‚Ä¶",bundesr√§tin sommaruga sprechen jusodv asylrecht abschaffen unmenschlich besc,,,,,,,,,,,,,,,,,,,,,,"{'Bundesr√§tin': 0.15, 'Sommaruga': 0.29, 'spricht': 0.12, 'an': 0, 'der': 0.12, 'jusodv': 0.32, 'Das': 0.12, 'Asylrecht': 1.0, 'abschaffen': 0.46, 'zu': 0.17, 'wollen': 0, 'ist': 0.18, 'nicht': 0.16, 'nur': 0.45, 'unmenschlich': 1.0, 'es': 0.18, 'besc': 0, '‚Ä¶': 0}",negative,"[0.192676, 0.4902534, 0.3170706]",,,,,,,,,,,,,,,,negative
100.0,100.0,86.0,0.7,neutral,RT @UniaSchweiz: Erleichterte Einb√ºrgerung der 3. Generation klar angenommen. Ein wichtiger und l√§ngst √ºberf√§lliger Schritt. https://t.co/U‚Ä¶,erleichtern einb√ºrgerung generation klaren annehmen wichtig l√§ngst √ºberf√§llig schritt,,,,,,,,,,,,,,,,,,,,,,,,,"{'Erleichterte': 0, 'Einb√ºrgerung': 1.0, 'der': 0.08, '3.': 0, 'Generation': 0.07, 'klar': 0, 'angenommen': 0.19, 'Ein': 0, 'wichtiger': 0.11, 'und': 0.06, 'l√§ngst': 0.05, '√ºberf√§lliger': 0.09, 'Schritt': 0.09}",positive,"[0.0012516225, 0.0010082584, 0.99774015]",,,,,,,,,,,,,positive
25.0,25.0,28.0,-0.3333333333333333,neutral,"Im Stadtrat Bern haben wir letzte Woche abgelehnt, bei den Lohngleichheitskontrollen im Beschaffungswesen zu sparen. Absolut richtig: Firmen wissen oft nicht, dass sie gleichwertige Arbeit nicht gleich bezahlten. Deshalb sind Lohnanalysen so zentral. @SRF 
https://t.co/g765zs1JxI",stadtrat bern letzte woche ablehnen lohngleichheitskontrollen beschaffungswesen sparen absolut richtig firmen wissen oft gleichwertige arbeit gleichen bezahlen deshalb lohnanalysen zentral,,,,,,,,,,,,,,,,,,,,,,,,,,,,"{'Im': 0, 'Stadtrat': 0.155, 'Bern': 0.14, 'haben': 0.14, 'wir': 0, 'letzte': 0.05, 'Woche': 0.1, 'abgelehnt': 0, 'bei': 0, 'den': 0.42, 'Lohngleichheitskontrollen': 0.5325, 'im': 0, 'Beschaffungswesen': 0.33, 'zu': 0.14, 'sparen': 0, 'Absolut': 0.07, 'richtig': 0.11, 'Firmen': 0.21, 'wissen': 0.09000000000000001, 'oft': 0, 'nicht': 0.02, 'dass': 0.03, 'sie': 0, 'gleichwertige': 0, 'Arbeit': 0.1, 'gleich': 0, 'bezahlten': 0, 'Deshalb': 0, 'sind': 0.05, 'Lohnanalysen': 0, 'so': 0.03, 'zentral': 0.08}",positive,"[0.2886194, 0.057057124, 0.6543235]",,,,,,,,,,negative
100.0,100.0,86.0,0.7,neutral,"RT @UniaSchweiz: 20'000 Menschen haben genug davon, dass der Verfassungsauftrag der Lohngleichheit seit 37 Jahren mit F√ºssen getreten wird‚Ä¶",menschen genug davon verfassungsauftrag lohngleichheit seit jahren f√ºssen treten,,,,,,,,,,,,,,,,,,,,,,,,,,,,"{""20'000"": 0, 'Menschen': 0.07, 'haben': 0.06, 'genug': 0.06, 'davon': 0.21000000000000002, 'dass': 0.09, 'der': 0.16, 'Verfassungsauftrag': 0.33, 'Lohngleichheit': 1.0, 'seit': 0, 'Jahren': 0.1, 'mit': 0, 'F√ºssen': 0, 'getreten': 0, 'wird': 0, '‚Ä¶': 0}",positive,"[0.10160536, 0.01632214, 0.88207245]",,,,,,,,,,positive
50.0,75.0,57.0,0.0,neutral,"RT @UniaSchweiz: F√ºr Lohngleichheit, f√ºr Solidarit√§t, f√ºr alle Werte, die die Menschen vorw√§rts bringen! Tausende haben an den 1. Mai-Veran‚Ä¶",lohngleichheit solidarit√§t all werte menschen vorw√§rts bringen tausende mai veran,,,,,,,,,,,,,,,,,,,,,,,,,,,,"{'F√ºr': 0.55, 'Lohngleichheit': 0.9199999999999999, 'f√ºr': 0.55, 'Solidarit√§t': 0.36, 'alle': 0, 'Werte': 0.18, 'die': 0, 'Menschen': 0.05, 'vorw√§rts': 0.06, 'bringen': 0, 'Tausende': 0.18, 'haben': 0.12, 'an': 0, 'den': 0, '1.': 0, 'Mai-Veran': 0, '‚Ä¶': 0}",positive,"[0.0037519003, 0.0036863002, 0.99256176]",,,,,,,,,,neutral
100.0,100.0,86.0,0.7,neutral,RT @Tamarafuniciell: Der Berner Stadtrat hat die JUSO Motion f√ºr 1 freien 8. M√§rz f√ºr alle weibliche Angestellte bis wir Lohngleichheit hab‚Ä¶,berner stadtrat juso motion frei m√§rz all weibliche angestellt lohngleichheit,,,,,,,,,,,,,,,,,,,,,,,,,,,,"{'Der': 0.07, 'Berner': 0, 'Stadtrat': 0.06, 'hat': 0, 'die': 0.07, 'JUSO': 0.06, 'Motion': 0.09, 'f√ºr': 0.3, 'freien': 0.51, '8.': 0, 'M√§rz': 0.15, 'alle': 0, 'weibliche': 0.19, 'Angestellte': 0, 'bis': 1.0, 'wir': 0, 'Lohngleichheit': 0.78, 'hab': 0.9, '‚Ä¶': 0}",positive,"[0.4627208, 0.011435465, 0.5258438]",,,,,,,,,,positive
100.0,100.0,100.0,0.85,neutral,Wir sind viele und haben genug! Lohngleichheit jetzt! Ein k√§mpferischer Frauen*tag euch allen. ‚úäüèΩüåπ #lohngleichheit https://t.co/TxJFTuwP8V,genug lohngleichheit k√§mpferisch frauen tag lohngleichheit,,,,,,,,,,,,,,,,,,,,,,,,,,,,"{'Wir': 0.11, 'sind': 0.09, 'viele': 0, 'und': 0.13, 'haben': 0.14, 'genug': 0.19, 'Lohngleichheit': 1.0, 'jetzt': 0.51, 'Ein': 0.15, 'k√§mpferischer': 0.25, 'Frauen*tag': 0.1, 'euch': 0.08, 'allen': 0, 'lohngleichheit': 1.0}",positive,"[0.0022907588, 0.0012193221, 0.99648994]",,,,,,,,,,positive
50.0,75.0,57.0,0.0,neutral,RT @UniaSchweiz: Lohngleichheit subito! https://t.co/rcEzBY77a5,lohngleichheit subito,,,,,,,,,,,,,,,,,,,,,,,,,,,,"{'Lohngleichheit': 0, 'subito': 0.23}",positive,"[0.10912815, 0.045572024, 0.8452998]",,,,,,,,,,neutral
50.0,75.0,57.0,0.0,neutral,Gleicher Lohn f√ºr gleiche Arbeit - subito! #Lohngleichheit @UniaSchweiz https://t.co/PyqheFeKPZ,gleich lohn gleich arbeit subito lohngleichheit,,,,,,,,,,,,,,,,,,,,,,,,,,,,"{'Gleicher': 0.16, 'Lohn': 0, 'f√ºr': 0.12, 'gleiche': 0.16, 'Arbeit': 0.19, 'subito': 0, 'Lohngleichheit': 0.5549999999999999}",positive,"[0.20404457, 0.0052735223, 0.79068184]",,,,,,,,,,neutral
0.0,0.0,0.0,-1.0,neutral,"RT @UniaSchweiz: Kundgebung in Bern f√ºr die Lohngleichheit zwischen Mann und Frau. Das Unrecht muss ein Ende haben, subito! https://t.co/Gq‚Ä¶",kundgebung bern lohngleichheit mann frau unrecht ende subito,,,,,,,,,,,,,,,,,,,,,,,,,,,,"{'Kundgebung': 0.79, 'in': 0.22, 'Bern': 0.22, 'f√ºr': 1.0, 'die': 0.1, 'Lohngleichheit': 0.87, 'zwischen': 0.29, 'Mann': 0, 'und': 0.06, 'Frau': 0, 'Das': 0.1, 'Unrecht': 0, 'muss': 0, 'ein': 0, 'Ende': 0.09, 'haben': 0, 'subito': 0}",positive,"[0.02361867, 0.0035271724, 0.97285414]",,,,,,,,,,negative
100.0,100.0,100.0,0.85,neutral,RT @UniaSchweiz: Revision Gleichstellungsgesetz: Die Unia begr√ºsst den Schritt zur besseren Durchsetzung der Lohngleichheit. https://t.co/n‚Ä¶,revision gleichstellungsgesetz unia begr√ºsst schritt gut durchsetzung lohngleichheit,,,,,,,,,,,,,,,,,,,,,,,,,,,,"{'Revision': 0.11, 'Gleichstellungsgesetz': 0.20249999999999999, 'Die': 0.21, 'Unia': 0, 'begr√ºsst': 0, 'den': 0.21, 'Schritt': 0.39, 'zur': 0.21, 'besseren': 1.0, 'Durchsetzung': 1.0, 'der': 0.21, 'Lohngleichheit': 0.47}",positive,"[0.0117225805, 0.0021302209, 0.9861472]",,,,,,,,,,positive
50.0,75.0,57.0,0.0,neutral,#lohngleichheit #Frauentag http://t.co/dDHvSDcV48,lohngleichheit frauentag,,,,,,,,,,,,,,,,,,,,,,,,,,,,"{'lohngleichheit': 0, 'Frauentag': 0.36}",positive,"[0.20783782, 0.010896554, 0.7812656]",,,,,,,,,,neutral
50.0,75.0,57.0,0.0,neutral,"AUF NACH BERN!
AM 7. M√ÑRZ 2015 
#lohngleichheit

http://t.co/G434wKJGKp",bern m√§rz lohngleichheit,,,,,,,,,,,,,,,,,,,,,,,,,,,,"{'AUF': 1.0, 'NACH': 0, 'BERN': 0.17, 'AM': 0, '7.': 0, 'M√ÑRZ': 0.81, 'lohngleichheit': 0}",positive,"[0.122571945, 0.010691858, 0.86673623]",,,,,,,,,,neutral
100.0,100.0,86.0,0.7,neutral,RT @JUSO_BE: Im Namen der Standortpolitik beschliesst der b√ºrgerliche Grosse Rat Steuersenkungen f√ºr Grossunternehmen und ihre Besitzer*inn‚Ä¶,namen standortpolitik beschliesst b√ºrgerliche grosse rat steuersenkungen grossunternehmen besitzer inn,,,,,,,,,,,,,,,,,,,,,,,,,,,,,,,"{'Im': 0, 'Namen': 0, 'der': 0.35, 'Standortpolitik': 0.16, 'beschliesst': 1.0, 'b√ºrgerliche': 0.17, 'Grosse': 0, 'Rat': 0, 'Steuersenkungen': 0.455, 'f√ºr': 0.31, 'Grossunternehmen': 0, 'und': 0.12, 'ihre': 0.08, 'Besitzer*inn': 0, '‚Ä¶': 0}",neutral,"[0.9882774, 0.0018257422, 0.009896949]",,,,,,,positive
100.0,100.0,86.0,0.7,neutral,"RT @JUSO_BE: Unternehmenssteuersenkung und daf√ºr einen sozialen Kahlschlag in Kauf nehmen? Wir sagen Stopp zu dieser Abw√§rtsspirale, die mi‚Ä¶",unternehmenssteuersenkung daf√ºr sozial kahlschlag kauf nehmen sagen stopp abw√§rtsspirale mi,,,,,,,,,,,,,,,,,,,,,,,,,,,,,,,"{'Unternehmenssteuersenkung': 0.4, 'und': 0.38, 'daf√ºr': 0, 'einen': 0.08, 'sozialen': 0.14, 'Kahlschlag': 0, 'in': 0.08, 'Kauf': 0, 'nehmen': 0.06, 'Wir': 0.07, 'sagen': 0.06, 'Stopp': 0.12, 'zu': 0.06, 'dieser': 0.08, 'Abw√§rtsspirale': 0.115, 'die': 0, 'mi': 0, '‚Ä¶': 0}",neutral,"[0.5527414, 0.2263995, 0.22085908]",,,,,,,positive
50.0,75.0,57.0,0.0,neutral,"Frage an @avongraffenried: Wenn Stadt weniger Geld wegen Steuersenkungen hat, wo sparen Sie? #WahlBern16",fragen stadt wenig geld wegen steuersenkungen sparen wahlbern16,,,,,,,,,,,,,,,,,,,,,,,,,,,,,,,"{'Frage': 0, 'an': 0, 'Wenn': 0, 'Stadt': 0.14, 'weniger': 0, 'Geld': 0.23, 'wegen': 1.0, 'Steuersenkungen': 0.535, 'hat': 0, 'wo': 0.15, 'sparen': 0.23, 'Sie': 0, 'WahlBern16': 0}",neutral,"[0.5786223, 0.31512, 0.106257655]",,,,,,,neutral
50.0,75.0,57.0,0.0,neutral,RT @nmasshardt: Breit abgest√ºtztes Frauenkomitee f√ºrs Berner Energiegesetz. Wir sagen am 10. Februar mit √úberzeugung JA. #Erneuerbare #Ener‚Ä¶,breit abgest√ºtzt frauenkomitee f√ºrs berner energiegesetz sagen februar √ºberzeugung ja erneuerbare ener,,,,,,,,,,,,,,,,,,,,,,,,,,,,,,,,,,"{'Breit': 0, 'abgest√ºtztes': 0.22, 'Frauenkomitee': 0.16, 'f√ºrs': 0.09, 'Berner': 0, 'Energiegesetz': 0.11, 'Wir': 0.1, 'sagen': 0.09, 'am': 0, '10.': 0, 'Februar': 0.15, 'mit': 0.1, '√úberzeugung': 0.17, 'JA': 0, 'Erneuerbare': 0.98, 'Ener': 0.54, '‚Ä¶': 0}",positive,"[0.038909882, 0.009833982, 0.9512562]",,,,neutral
50.0,75.0,57.0,0.0,neutral,RT @UniaSchweiz: Erneuerbare Energien werden in den n√§chsten 20 Jahren zehntausende KMU-Arbeitspl√§tze schaffen. @Atomausstieg_JA https://t.‚Ä¶,erneuerbare energien n√§chst jahren zehntausende kmu arbeitspl√§tze schaffen,,,,,,,,,,,,,,,,,,,,,,,,,,,,,,,,,,"{'Erneuerbare': 0.62, 'Energien': 0.37, 'werden': 0.57, 'in': 0, 'den': 0.04, 'n√§chsten': 0.1, 'Jahren': 0.15, 'zehntausende': 0.14500000000000002, 'KMU-Arbeitspl√§tze': 0.13, 'schaffen': 0.26}",positive,"[0.03847095, 0.016059581, 0.9454695]",,,,neutral
100.0,100.0,86.0,0.7,neutral,RT @UniaSchweiz: ¬´Eine moderne Gesellschaft bringt soziale Sicherheit. Dann bringt Digitalisierung auch f√ºr alle etwas.¬ª Corrado Pardini wa‚Ä¶,modern gesellschaft bringen soziale sicherheit bringen digitalisierung all corrado pardini wa,,,,,,,,,,,,,,,,,,,,,,,,,,,,,,,,,,,,,"{'¬´': 0, 'Eine': 0, 'moderne': 0, 'Gesellschaft': 0, 'bringt': 0, 'soziale': 0, 'Sicherheit': 0, 'Dann': 0, 'Digitalisierung': 0, 'auch': 0, 'f√ºr': 0, 'alle': 0, 'etwas': 0, '¬ª': 0, 'Corrado': 0, 'Pardini': 0, 'wa': 0, '‚Ä¶': 0}",positive,"[0.29081628, 0.030372713, 0.678811]",positive
50.0,75.0,57.0,0.0,neutral,"RT @UniaSchweiz: Die Digitalisierung ver√§ndert unsere Arbeitswelt. Wie schaffen wir es, dass diese Entwicklung allen Menschen zugutekommt?‚Ä¶",digitalisierung ver√§ndern arbeitswelt schaffen entwicklung menschen zugutekommt,,,,,,,,,,,,,,,,,,,,,,,,,,,,,,,,,,,,,"{'Die': 0.1, 'Digitalisierung': 0, 'ver√§ndert': 0, 'unsere': 0, 'Arbeitswelt': 0, 'Wie': 0, 'schaffen': 0, 'wir': 0, 'es': 1.0, 'dass': 0.08, 'diese': 0.06, 'Entwicklung': 0.06, 'allen': 0, 'Menschen': 0.03, 'zugutekommt': 0.08, '‚Ä¶': 0}",positive,"[0.3253167, 0.08022251, 0.5944607]",neutral
50.0,75.0,57.0,0.0,neutral,RT @UniaSchweiz: Die Digitalisierung muss den Menschen dienen. https://t.co/9KrzpUA1zJ,digitalisierung menschen dienen,,,,,,,,,,,,,,,,,,,,,,,,,,,,,,,,,,,,,"{'Die': 0, 'Digitalisierung': 0, 'muss': 0, 'den': 0, 'Menschen': 0.41, 'dienen': 1.0}",positive,"[0.47043198, 0.042691123, 0.486877]",neutral
