answer_five,answer_four,answer_seven,polarity,sentiment_gs,tweet,tweet_tokens,absa_token_weights_3389,absa_sentiment_3389,absa_scores_3389,absa_token_weights_3419,absa_sentiment_3419,absa_scores_3419,absa_token_weights_3431,absa_sentiment_3431,absa_scores_3431,absa_token_weights_3433,absa_sentiment_3433,absa_scores_3433,absa_token_weights_3434,absa_sentiment_3434,absa_scores_3434,absa_token_weights_3436,absa_sentiment_3436,absa_scores_3436,absa_token_weights_3459,absa_sentiment_3459,absa_scores_3459,absa_token_weights_3466,absa_sentiment_3466,absa_scores_3466,absa_token_weights_3467,absa_sentiment_3467,absa_scores_3467,absa_token_weights_3479,absa_sentiment_3479,absa_scores_3479,sentiment_tb
50.0,75.0,57.0,0.0,neutral,"RT @metamythos: Dringend: Lehrbetrieb gesucht!

Unser Sohn (17) sucht als FABE Kinderbetreuung f√ºrs 3. Lehrjahr eine Kinderkrippe im Grossr‚Ä¶",dringen lehrbetrieb suchen sohn suchen fabe kinderbetreuung f√ºrs lehrjahr kinderkrippe grossr,"{'Dringend': 0, 'Lehrbetrieb': 0.31, 'gesucht': 0, 'Unser': 0.47, 'Sohn': 0.44, 'sucht': 0, 'als': 0, 'FABE': 0.88, 'Kinderbetreuung': 0.82, 'f√ºrs': 0.23, '3.': 0, 'Lehrjahr': 0.1, 'eine': 0, 'Kinderkrippe': 0.06, 'im': 0, 'Grossr': 0, '‚Ä¶': 0}",positive,"[0.31021392, 0.050386995, 0.6393991]",,,,,,,,,,,,,,,,,,,,,,,,,,,,neutral
50.0,75.0,57.0,0.0,negative,"@ruediloeffel @MarianneStreiff @evppev @BurkhardtPhilip @SRF Finde es auch komisch. Hab seit √ºber 30 Jahren eine Organspendeausweis, weiss aber noch nicht, ob ich nicht widersprechen soll. Finde das recht √ºbergriffig.",finden komisch seit jahren organspendeausweis weiss widersprechen finden recht √ºbergriffig,,,,"{'Finde': 0.09, 'es': 0, 'auch': 0, 'komisch': 0, 'Hab': 0.1, 'seit': 0, '√ºber': 0.06, 'Jahren': 0.15, 'eine': 0, 'Organspendeausweis': 0.8275, 'weiss': 0, 'aber': 0.18, 'noch': 0, 'nicht': 0, 'ob': 0, 'ich': 0.03, 'widersprechen': 0, 'soll': 0, 'das': 0.08, 'recht': 0, '√ºbergriffig': 0}",neutral,"[0.52307177, 0.03572485, 0.44120327]",,,,,,,,,,,,,,,,,,,,,,,,,neutral
100.0,100.0,86.0,0.7,neutral,"@ChRoordink Ja genau, das ist eine der Situationen, bei der es dringend eine erleichterte Einb√ºrgerung br√§uchte.",ja genau situationen dringen erleichtern einb√ºrgerung br√§uchte,,,,,,,"{'Ja': 0, 'genau': 0, 'das': 0.1, 'ist': 0.36, 'eine': 0.09, 'der': 0, 'Situationen': 0, 'bei': 0, 'es': 0.36, 'dringend': 0.36, 'erleichterte': 0, 'Einb√ºrgerung': 1.0, 'br√§uchte': 0}",positive,"[0.11304138, 0.03648159, 0.85047704]",,,,,,,,,,,,,,,,,,,,,,positive
100.0,100.0,86.0,0.7,neutral,@diuuk @postcovid_CH Aber wie gesagt: ich bin f√ºr k√ºrzere Wartefristen und v.a. f√ºr hier Geborene einfachere Einb√ºrgerung. Aber 6-8 Jahre warten finde ich unproblematisch.,sagen kurz wartefristen v a geboren einfach einb√ºrgerung jahre warten finden unproblematisch,,,,,,,"{'Aber': 0.11, 'wie': 0, 'gesagt': 0.04, 'ich': 0.03, 'bin': 0, 'f√ºr': 0.1, 'k√ºrzere': 0.15, 'Wartefristen': 0.065, 'und': 0.14, 'v.a.': 0, 'hier': 0.05, 'Geborene': 0.09, 'einfachere': 0, 'Einb√ºrgerung': 1.0, 'Jahre': 0.04, 'warten': 0, 'finde': 0.09, 'unproblematisch': 0.14}",positive,"[0.0017904239, 0.0017526071, 0.9964569]",,,,,,,,,,,,,,,,,,,,,,positive
100.0,100.0,86.0,0.7,neutral,"@diuuk @postcovid_CH Hatte kein Problem damit, wie es gelaufen ist. 
Und meine Erfahrung in der Einb√ºrgerungskommission, in der ist nach der Einb√ºrgerung ein paar Jahre war, haben mich gelehrt, dass die Gespr√§che wichtig sind.",problem laufen erfahrung einb√ºrgerungskommission einb√ºrgerung paar jahre lehren gespr√§che wichtig,,,,,,,"{'Hatte': 0, 'kein': 0, 'Problem': 0.02, 'damit': 0.02, 'wie': 0.02, 'es': 0, 'gelaufen': 0, 'ist': 0, 'Und': 0.01, 'meine': 0.18, 'Erfahrung': 0.03, 'in': 0.02, 'der': 0.02, 'Einb√ºrgerungskommission': 0.52, 'nach': 1.0, 'Einb√ºrgerung': 1.0, 'ein': 0, 'paar': 0, 'Jahre': 0.48, 'war': 0, 'haben': 0.01, 'mich': 0.04, 'gelehrt': 0.12, 'dass': 0.04, 'die': 0.02, 'Gespr√§che': 0, 'wichtig': 0.05, 'sind': 0.04}",neutral,"[0.8108788, 0.007505756, 0.18161538]",,,,,,,,,,,,,,,,,,,,,,positive
50.0,75.0,57.0,0.0,neutral,"@diuuk @postcovid_CH 12 Jahre warten plus drei weitere, weil wir in einem dummen Moment gez√ºgelt sind, Staatskunde und Regionalgeschichte lernen und das Einb√ºrgerungsgespr√§ch.",jahre warten plus drei weit dumm moment z√ºgeln staatskunde regionalgeschichte lernen einb√ºrgerungsgespr√§ch,,,,,,,"{'Jahre': 0.04, 'warten': 0, 'plus': 0.02, 'drei': 0.03, 'weitere': 0, 'weil': 0.12, 'wir': 0, 'in': 0.02, 'einem': 0, 'dummen': 0.06, 'Moment': 0.04, 'gez√ºgelt': 0.035, 'sind': 0.07, 'Staatskunde': 0.23, 'und': 1.0, 'Regionalgeschichte': 0.3, 'lernen': 0, 'das': 0, 'Einb√ºrgerungsgespr√§ch': 0.725}",neutral,"[0.955471, 0.0029524935, 0.04157649]",,,,,,,,,,,,,,,,,,,,,,neutral
100.0,100.0,86.0,0.7,neutral,"@diuuk @postcovid_CH Ich hab ja nichts von schnellen Einb√ºrgerungen geschrieben. Bin durchaus der Meinung, dass Zuwanderer auch einen gewissen Effort leisten m√ºssen.",ja schnell einb√ºrgerungen schreiben durchaus meinung zuwanderer gewi√ü effort leisten m√ºssen,,,,,,,"{'Ich': 0.06, 'hab': 0.06, 'ja': 0, 'nichts': 0, 'von': 0, 'schnellen': 0, 'Einb√ºrgerungen': 1.0, 'geschrieben': 0.22, 'Bin': 0, 'durchaus': 0, 'der': 0.07, 'Meinung': 0.21, 'dass': 0.09, 'Zuwanderer': 0, 'auch': 0.08, 'einen': 0.04, 'gewissen': 0, 'Effort': 0.1, 'leisten': 0, 'm√ºssen': 0.06}",neutral,"[0.5671488, 0.021609752, 0.41124156]",,,,,,,,,,,,,,,,,,,,,,positive
50.0,25.0,28.0,-0.15,neutral,"@FischerBieneMaj @postcovid_CH Hab ja geschrieben, dass die Einb√ºrgerung erleichtert werden sollte.
Andererseits ging es im Vorstoss konkret um das Stimmrecht auf kommunaler Ebene. Da schadet es nichts, wenn man schon ein paar Jahre da ist, um zu wissen, wie der Hase l√§uft.",ja schreiben einb√ºrgerung erleichtern sollen andererseits gehen vorstoss konkret stimmrecht kommunal eben schaden schon paar jahre wissen hase laufen,,,,,,,"{'Hab': 0, 'ja': 0, 'geschrieben': 0, 'dass': 0.16, 'die': 0.03, 'Einb√ºrgerung': 1.0, 'erleichtert': 0, 'werden': 0, 'sollte': 0.67, 'Andererseits': 0.17625000000000002, 'ging': 0, 'es': 0, 'im': 0, 'Vorstoss': 0, 'konkret': 0, 'um': 0.01, 'das': 0.16, 'Stimmrecht': 0.03, 'auf': 0.06, 'kommunaler': 0, 'Ebene': 0.03, 'Da': 0, 'schadet': 0, 'nichts': 0, 'wenn': 0.03, 'man': 0, 'schon': 0, 'ein': 0, 'paar': 0, 'Jahre': 0.05, 'da': 0, 'ist': 0, 'zu': 0.03, 'wissen': 0.025, 'wie': 0.02, 'der': 0.03, 'Hase': 0, 'l√§uft': 0}",positive,"[0.1932278, 0.08562553, 0.7211467]",,,,,,,,,,,,,,,,,,,,,,neutral
50.0,25.0,28.0,-0.15,neutral,"Ich habe die Motion zum Stimmrecht f√ºr niedergelassene Ausl√§nder abgelehnt, weil ich finde, dass das Stimmrecht auf allen Staatsebenen an die Einb√ºrgerung gebunden sein sollte (die jedoch zu erleichtern w√§re). Aber die Argumente von rechts waren teilweise zum Davonlaufen. #GRAG https://t.co/znY6G573LM",motion stimmrecht niedergelassen ausl√§nder ablehnen finden stimmrecht staatsebenen einb√ºrgerung binden sollen jedoch erleichtern argumente rechts teilweise davonlaufen grag,,,,,,,"{'Ich': 0.01, 'habe': 0, 'die': 0.02, 'Motion': 0.04, 'zum': 0.275, 'Stimmrecht': 0.1975, 'f√ºr': 0.05, 'niedergelassene': 0.04, 'Ausl√§nder': 0.03, 'abgelehnt': 0, 'weil': 0.02, 'ich': 0.01, 'finde': 0, 'dass': 0.05, 'das': 0.05, 'auf': 0.04, 'allen': 0, 'Staatsebenen': 0.1, 'an': 0, 'Einb√ºrgerung': 1.0, 'gebunden': 0, 'sein': 0, 'sollte': 0.04, 'jedoch': 0.03, 'zu': 0.53, 'erleichtern': 0, 'w√§re': 0, 'Aber': 0.08, 'Argumente': 0.06, 'von': 0.03, 'rechts': 0.02, 'waren': 0, 'teilweise': 0, 'Davonlaufen': 0, 'GRAG': 0.04}",neutral,"[0.71634275, 0.05566508, 0.22799218]",,,,,,,,,,,,,,,,,,,,,,neutral
50.0,75.0,57.0,0.0,neutral,"@padfrey @Propshaftrider Wenn du dich im deiner Wohn-/Einb√ºrgerungsgemeimde abmeldest, dann fliegst du aus dem Einb√ºrgerungsprozess raus.",wohn einb√ºrgerungsgemeimde abmelden fliegen einb√ºrgerungsprozess raus,,,,,,,"{'Wenn': 0, 'du': 0, 'dich': 0.34, 'im': 0, 'deiner': 0, 'Wohn-/Einb√ºrgerungsgemeimde': 0.07250000000000001, 'abmeldest': 0, 'dann': 0, 'fliegst': 0, 'aus': 0.09, 'dem': 0.06, 'Einb√ºrgerungsprozess': 0.125, 'raus': 0.09}",negative,"[0.24867716, 0.63296396, 0.11835881]",,,,,,,,,,,,,,,,,,,,,,neutral
50.0,75.0,57.0,0.0,neutral,"@pbruegger @gipsy888 @WylerDominic Dann kann man...
Der Ort wird dann zum Heimat-, bzw. B√ºrgerort, aber Mitglied der Ortsb√ºrgergemeinde (wobei das vermutlich von Kanton zu Kanton unterschiedlich ist) wirst du nicht. Zumindest bei uns im Aargau w√§re daf√ºr ein separates Einb√ºrgerungsverfahren notwendig.",ort heimat bzw b√ºrgerort mitglied ortsb√ºrgergemeinde wobei vermutlich kanton kanton unterschiedlich zumindest aargau daf√ºr separat einb√ºrgerungsverfahren notwendig,,,,,,,"{'Dann': 0.02, 'kann': 0.01, 'man': 0, '...': 0, 'Der': 0.03, 'Ort': 0, 'wird': 0.03, 'dann': 0.02, 'zum': 0.03, 'Heimat-': 0, 'bzw.': 0, 'B√ºrgerort': 0.04, 'aber': 0.03, 'Mitglied': 0.05, 'der': 0.03, 'Ortsb√ºrgergemeinde': 0.03, 'wobei': 0, 'das': 0, 'vermutlich': 0, 'von': 0.04, 'Kanton': 0.03, 'zu': 0.03, 'unterschiedlich': 0, 'ist': 0, 'wirst': 0.03, 'du': 0.04, 'nicht': 0.07, 'Zumindest': 0.055, 'bei': 0.03, 'uns': 0, 'im': 0, 'Aargau': 0.22, 'w√§re': 0.18, 'daf√ºr': 0, 'ein': 0, 'separates': 0, 'Einb√ºrgerungsverfahren': 1.0, 'notwendig': 0.53}",neutral,"[0.9726218, 0.01323202, 0.014146138]",,,,,,,,,,,,,,,,,,,,,,neutral
50.0,75.0,57.0,0.0,neutral,"@Staufferat @janick_klossner @mxpx1981 @ruediloeffel @MFrauchigerSVP Hab keine Einw√§nde zu deinen √úberlegungen.
Unser (heterosexuelles) Eheverst√§ndnis hat mit dem, was in der Bibel als Ehe bezeichnet wird, herzlich wenig zu tun. Ich kann allenfalls grunds√§tzliche Bedenken bzgl. Fortpflanzungsmedizin/Samenspende nachvollziehen, aber dann klar 1/2",einw√§nde √ºberlegungen heterosexuelles eheverst√§ndnis bibel ehe bezeichnen herzlich wenig tun allenfalls grunds√§tzliche bedenken bzgl fortpflanzungsmedizin samenspende nachvollziehen klaren,,,,,,,,,,"{'Hab': 0.02, 'keine': 0, 'Einw√§nde': 0.04, 'zu': 0.02, 'deinen': 0, '√úberlegungen': 0.06, 'Unser': 0.04, 'heterosexuelles': 0.13, 'Eheverst√§ndnis': 0.05, 'hat': 0, 'mit': 0.07, 'dem': 0.035, 'was': 0, 'in': 0, 'der': 0.05, 'Bibel': 0.14, 'als': 0, 'Ehe': 0.17, 'bezeichnet': 0, 'wird': 0, 'herzlich': 0, 'wenig': 0.05, 'tun': 0.025, 'Ich': 0.05, 'kann': 0.05, 'allenfalls': 0.03, 'grunds√§tzliche': 0.11, 'Bedenken': 0, 'bzgl.': 0, 'Fortpflanzungsmedizin': 1.0, 'Samenspende': 0, 'nachvollziehen': 0, 'aber': 0.11, 'dann': 0.05, 'klar': 0}",neutral,"[0.8924802, 0.06372197, 0.04379785]",,,,,,,,,,,,,,,,,,,neutral
50.0,75.0,57.0,0.0,neutral,"@FrankiTheTank1 @Victor_Kadlubo So lange L√∂hne durch Lohnverhandlungen beeinflusst werden k√∂nnen (und somit der Grundsatz ¬´gleicher Lohn f√ºr gleiche Arbeit, bei √§quivalenter Ausbildung und Berufserfahrung¬ª nicht gilt), bleibt Lohngleichheit ein Phantom.",lang l√∂hnen lohnverhandlungen beeinflusst somit grundsatz gleich lohn gleich arbeit √§quivalenter ausbildung berufserfahrung gelten bleiben lohngleichheit phantom,,,,,,,,,,,,,"{'So': 0, 'lange': 0.06, 'L√∂hne': 0.07, 'durch': 0, 'Lohnverhandlungen': 0.08, 'beeinflusst': 0.08, 'werden': 0, 'k√∂nnen': 0.04, 'und': 0, 'somit': 0, 'der': 0.1, 'Grundsatz': 0.29, '¬´': 0, 'gleicher': 0, 'Lohn': 0, 'f√ºr': 0, 'gleiche': 0, 'Arbeit': 0, 'bei': 0, '√§quivalenter': 0, 'Ausbildung': 0, 'Berufserfahrung': 0, '¬ª': 0, 'nicht': 0, 'gilt': 0, 'bleibt': 0, 'Lohngleichheit': 0, 'ein': 0, 'Phantom': 0}",positive,"[0.207013, 0.05366684, 0.7393202]",,,,,,,,,,,,,,,,neutral
100.0,100.0,86.0,0.7,neutral,"Wenn die #Steuersenkung, die der #GRAG heute wohl beschliesst, vors Volk kommt, dann sollten sich die Stimmb√ºrgerinnen und Stimmb√ºrger gut √ºberlegen, wer wohl die Zeche f√ºr die Senkung der #Firmengewinnsteuer zahlt. Das mit dem Anlocken neuer Firmen klappt ja meist nicht. 1/2",steuersenkung grag heute wohl beschliesst vors volk kommen sollen stimmb√ºrgerinnen stimmb√ºrger gut √ºberlegen wer wohl zechen senkung firmengewinnsteuer zahlen anlocken neu firmen klappen ja meist,,,,,,,,,,,,,,,,"{'Wenn': 1.0, 'die': 0.09, 'Steuersenkung': 0.11, 'der': 0.09, 'GRAG': 0.13, 'heute': 0.31, 'wohl': 0, 'beschliesst': 0, 'vors': 0, 'Volk': 0.11, 'kommt': 0.47, 'dann': 0.1, 'sollten': 0.24, 'sich': 0, 'Stimmb√ºrgerinnen': 0.05, 'und': 0, 'Stimmb√ºrger': 0.05, 'gut': 0, '√ºberlegen': 0.05, 'wer': 0.05, 'Zeche': 0, 'f√ºr': 0.03, 'Senkung': 0, 'Firmengewinnsteuer': 0.08499999999999999, 'zahlt': 0.03, 'Das': 0.09, 'mit': 0, 'dem': 0.08, 'Anlocken': 0, 'neuer': 0, 'Firmen': 0.07, 'klappt': 0, 'ja': 0, 'meist': 0.04, 'nicht': 0}",neutral,"[0.49387917, 0.41564026, 0.09048059]",,,,,,,,,,,,,positive
50.0,75.0,57.0,0.0,neutral,"@postcovid_CH Jetzt machst du aber nochmal ein neues Fass auf ;-)
Ein E-Voting-System ist eine schwierige Angelegenheit. Es ist ja keine Zufall, dass die Post und der Kanton Genf ihre Systeme aktuell nicht mehr betreiben.",nochmal neu fass e voting system schwierige angelegenheit ja zufall post kanton genf systeme aktuell mehr betreiben,,,,,,,,,,,,,,,,,,,"{'Jetzt': 0.07, 'machst': 0, 'du': 0, 'aber': 0.2, 'nochmal': 0.15, 'ein': 0.32, 'neues': 0.06, 'Fass': 0.04, 'auf': 0, 'Ein': 1.0, 'E-Voting-System': 0, 'ist': 0.07, 'eine': 0.32, 'schwierige': 1.0, 'Angelegenheit': 0, 'Es': 0.07, 'ja': 0.03, 'keine': 0, 'Zufall': 0.09, 'dass': 0.06, 'die': 0.02, 'Post': 0.03, 'und': 0.03, 'der': 0.02, 'Kanton': 0.02, 'Genf': 0.02, 'ihre': 0.03, 'Systeme': 0.04, 'aktuell': 0, 'nicht': 0, 'mehr': 0, 'betreiben': 0}",negative,"[0.02183071, 0.96096826, 0.017201088]",,,,,,,,,,neutral
75.0,75.0,71.0,0.2333333333333333,negative,RT @LangstrumpfPipo: @joergmaeder Gute Digitalisierung einfach mal so aus dem Hut zaubern geht nicht! Lasst euch nicht stressen von respekt‚Ä¶,gut digitalisierung einfach mal hut zaubern gehen lasst stressen respekt,,,,,,,,,,,,,,,,,,,,,,"{'Gute': 0, 'Digitalisierung': 0, 'einfach': 0, 'mal': 0, 'so': 0, 'aus': 0.19, 'dem': 0, 'Hut': 0, 'zaubern': 0, 'geht': 0, 'nicht': 0.96, 'Lasst': 0, 'euch': 0, 'stressen': 0, 'von': 0, 'respekt': 0.11, '‚Ä¶': 0}",positive,"[0.06624411, 0.076261535, 0.8574943]",,,,,,,neutral
100.0,100.0,100.0,1.0,neutral,RT @adfichter: Das klare Nein zur #eID zeigt: Ein differenzierter und aufgekl√§rter Diskurs √ºber die Digitalisierung ist in der üá®üá≠ m√∂glich.‚Ä¶,klaren nein eid zeigen differenziert aufgekl√§rt diskurs digitalisierung m√∂glich,,,,,,,,,,,,,,,,,,,,,,"{'Das': 0.18, 'klare': 0, 'Nein': 0.06, 'zur': 0.11499999999999999, 'eID': 0.07, 'zeigt': 0, 'Ein': 0.23, 'differenzierter': 0.1, 'und': 0.08, 'aufgekl√§rter': 0.29, 'Diskurs': 0.42, '√ºber': 0, 'die': 0.18, 'Digitalisierung': 0, 'ist': 0.82, 'in': 0.51, 'der': 0.18, 'üá®': 0, 'üá≠': 0, 'm√∂glich': 0, '‚Ä¶': 0}",positive,"[0.21549393, 0.010609709, 0.7738964]",,,,,,,positive
50.0,75.0,57.0,0.0,neutral,@MFrauchigerSVP @KantonZuerich Die Digitalisierung ist in der Schweiz eben schon weit fortgeschritten. Immerhin sollte er die Daten per Mail schicken und njcht per Briefpost. ü§™,digitalisierung schweiz eben schon weit fortschreiten immerhin sollen daten per mail schick njcht per briefpost,,,,,,,,,,,,,,,,,,,,,,"{'Die': 0.05, 'Digitalisierung': 0, 'ist': 0.12, 'in': 0.09, 'der': 0.05, 'Schweiz': 0.24, 'eben': 0, 'schon': 0, 'weit': 0, 'fortgeschritten': 0.09, 'Immerhin': 0.055, 'sollte': 0.09, 'er': 0.12, 'die': 0.05, 'Daten': 0.12, 'per': 0, 'Mail': 0, 'schicken': 0.07, 'und': 0.07, 'njcht': 0, 'Briefpost': 0.15, 'ü§™': 0}",positive,"[0.34883207, 0.060920294, 0.59024763]",,,,,,,neutral
50.0,75.0,57.0,0.0,neutral,@V_Feuerstein Umweltschutz.,umweltschutz,,,,,,,,,,,,,,,,,,,,,,,,,{'Umweltschutz': 0.71},positive,"[0.0008780746, 0.0013464318, 0.9977755]",,,,neutral
50.0,75.0,57.0,0.0,neutral,@ruediloeffel @Trinkwasser_ch Nein. Weil die landwirtschaftliche Produktion in der Schweiz und damit der Selbstversorgungsgrad deutlich sinken w√ºrde.,nein landwirtschaftliche produktion schweiz selbstversorgungsgrad deutlich sinken,,,,,,,,,,,,,,,,,,,,,,,,,,,,"{'Nein': 0.88, 'Weil': 1.0, 'die': 0.32, 'landwirtschaftliche': 0.42, 'Produktion': 0.33, 'in': 0.25, 'der': 0.32, 'Schweiz': 0.24, 'und': 0.29, 'damit': 0.25, 'Selbstversorgungsgrad': 0.060000000000000005, 'deutlich': 0, 'sinken': 0, 'w√ºrde': 1.0}",negative,"[0.3018797, 0.5548563, 0.14326403]",neutral
