answer_five,answer_four,answer_seven,polarity,sentiment_gs,tweet,tweet_tokens,absa_token_weights_3392,absa_sentiment_3392,absa_scores_3392,absa_token_weights_3414,absa_sentiment_3414,absa_scores_3414,absa_token_weights_3436,absa_sentiment_3436,absa_scores_3436,absa_token_weights_3450,absa_sentiment_3450,absa_scores_3450,absa_token_weights_3459,absa_sentiment_3459,absa_scores_3459,absa_token_weights_3462,absa_sentiment_3462,absa_scores_3462,absa_token_weights_3465,absa_sentiment_3465,absa_scores_3465,absa_token_weights_3466,absa_sentiment_3466,absa_scores_3466,absa_token_weights_3467,absa_sentiment_3467,absa_scores_3467,absa_token_weights_3477,absa_sentiment_3477,absa_scores_3477,absa_token_weights_3479,absa_sentiment_3479,absa_scores_3479,sentiment_tb
0.0,0.0,0.0,-1.0,negative,"@marcelbuehrig @jglpZH @Blitzsche @NZZ Du bist ja schon fast wie der Jungfreisinn: ""Eure Cannabissamen sind langweilig weil wir waren schon immer f√ºr Cannabislegalisierung schon √ºber 10 Jahre und ihr schaut uns alles nur ab !!!11!!""",ja schon fast jungfreisinn cannabissamen langweilig schon immer cannabislegalisierung schon jahre schauen ab,"{'Du': 0, 'bist': 0.28, 'ja': 0.05, 'schon': 0, 'fast': 0, 'wie': 0, 'der': 0.1, 'Jungfreisinn': 0.25, 'Eure': 0.3, 'Cannabissamen': 0, 'sind': 0.51, 'langweilig': 1.0, 'weil': 1.0, 'wir': 0, 'waren': 0, 'immer': 0.07, 'f√ºr': 0.05, 'Cannabislegalisierung': 0.16, '√ºber': 0.04, 'Jahre': 0.09, 'und': 0.05, 'ihr': 0, 'schaut': 0, 'uns': 0.03, 'alles': 0, 'nur': 0, 'ab': 0}",negative,"[0.30926612, 0.60527074, 0.08546311]",,,,,,,,,,,,,,,,,,,,,,,,,,,,,,,negative
50.0,75.0,57.0,0.0,neutral,RT @veniweedyvici: VereinLegalize: Der Wahlkampf #WahlCH19 um den #Nationalrat ist in vollem Gange. #Cannabis ist bei den Jungen Thema. So‚Ä¶,vereinlegalize wahlkampf wahlch19 nationalrat voll gange cannabis jung thema,"{'VereinLegalize': 0, 'Der': 0.35, 'Wahlkampf': 0.45, 'WahlCH19': 0, 'um': 0, 'den': 0.35, 'Nationalrat': 0.32, 'ist': 0.71, 'in': 0.08, 'vollem': 0.13, 'Gange': 0, 'Cannabis': 1.0, 'bei': 0, 'Jungen': 0, 'Thema': 0, 'So': 0.24, '‚Ä¶': 0}",negative,"[0.19315855, 0.79248357, 0.014357922]",,,,,,,,,,,,,,,,,,,,,,,,,,,,,,,neutral
50.0,75.0,57.0,0.0,negative,RT @jglpZH: Die Schweizer Bev√∂lkerung verraucht jedes Jahr Cannabis im Wert von hunderten Millionen Franken. Die Verbotspolitik ist geschei‚Ä¶,schweizer bev√∂lkerung verraucht jed jahr cannabis wert hunderten millionen franken verbotspolitik geschei,"{'Die': 0.06, 'Schweizer': 0.14, 'Bev√∂lkerung': 0.48, 'verraucht': 0, 'jedes': 0, 'Jahr': 0.07, 'Cannabis': 1.0, 'im': 0, 'Wert': 0.47, 'von': 0, 'hunderten': 0.1, 'Millionen': 0.11, 'Franken': 0, 'Verbotspolitik': 0.15000000000000002, 'ist': 0.07, 'geschei': 0, '‚Ä¶': 0}",positive,"[0.23969369, 0.012270063, 0.74803627]",,,,,,,,,,,,,,,,,,,,,,,,,,,,,,,neutral
100.0,100.0,86.0,0.7,neutral,@DailyTalk @elkusarta @SuchtSchweiz Aber ein Werbevervot f√ºr Cannabis w√ºrden Sie bef√ºrworten? Oder sollte man auch dort Werbung machen d√ºrfen?,werbevervot cannabis bef√ºrworten sollen werbung d√ºrfen,"{'Aber': 0.13, 'ein': 0.09, 'Werbevervot': 0.49, 'f√ºr': 0.57, 'Cannabis': 1.0, 'w√ºrden': 0.07, 'Sie': 0, 'bef√ºrworten': 0.12, 'Oder': 0.09, 'sollte': 0.06, 'man': 0, 'auch': 0, 'dort': 0.07, 'Werbung': 0.49, 'machen': 0, 'd√ºrfen': 0}",neutral,"[0.9063807, 0.021082083, 0.07253717]",,,,,,,,,,,,,,,,,,,,,,,,,,,,,,,positive
100.0,100.0,100.0,1.0,positive,"@DailyTalk @elkusarta @SuchtSchweiz Gut, dann sind wir uns bzgl. Cannabisregulierung immerhin einig.",gut bzgl cannabisregulierung immerhin,"{'Gut': 0, 'dann': 0.07, 'sind': 0, 'wir': 0, 'uns': 0, 'bzgl.': 0, 'Cannabisregulierung': 1.0, 'immerhin': 0, 'einig': 0}",neutral,"[0.92941266, 0.006401059, 0.0641863]",,,,,,,,,,,,,,,,,,,,,,,,,,,,,,,positive
50.0,75.0,57.0,0.0,neutral,@DailyTalk @elkusarta @SuchtSchweiz Cannabis k√∂nnte doch nach denselben Grunds√§tzen reguliert werden.,cannabis grunds√§tzen regulieren,"{'Cannabis': 0.91, 'k√∂nnte': 1.0, 'doch': 0, 'nach': 0, 'denselben': 0.68, 'Grunds√§tzen': 0.49, 'reguliert': 0.93, 'werden': 0}",positive,"[0.48742703, 0.015641507, 0.49693143]",,,,,,,,,,,,,,,,,,,,,,,,,,,,,,,neutral
100.0,100.0,100.0,0.9,negative,"@DailyTalk @nr_mayagraf @RegulaRytz @GrueneCH @ParlCH @jglpCH @beatflach @Blickch Ja, eben. Das ist ja gut so. Genauso ist es besser, wenn es H√§nder gibt, die Cannabis nur an 18 J√§hrige verkaufen statt Dealer, die es einfach allen verkaufen. Oder? Das genau gleiche Prinzip.",ja eben ja gut genauso gut h√§nder geben cannabis j√§hrige verkaufen statt dealer einfach verkaufen genau gleich prinzip,"{'Ja': 0, 'eben': 0, 'Das': 0.01, 'ist': 0.01, 'ja': 0, 'gut': 0, 'so': 0, 'Genauso': 0.034999999999999996, 'es': 0.01, 'besser': 0.01, 'wenn': 0.03, 'H√§nder': 0, 'gibt': 0.06, 'die': 0.01, 'Cannabis': 1.0, 'nur': 0.23, 'an': 0, 'J√§hrige': 0.065, 'verkaufen': 0.16, 'statt': 0, 'Dealer': 0, 'einfach': 0, 'allen': 0, 'Oder': 0.02, 'genau': 0, 'gleiche': 0.01, 'Prinzip': 0.06}",neutral,"[0.90518147, 0.029331613, 0.065486856]",,,,,,,,,,,,,,,,,,,,,,,,,,,,,,,positive
100.0,100.0,100.0,0.85,negative,@DailyTalk @nr_mayagraf @RegulaRytz @GrueneCH @ParlCH @jglpCH @beatflach @Blickch √Ñh? Wie bitte? Warum soll Tabak keine sein und Cannabis schon?,√§h bitte warum tabak cannabis schon,"{'√Ñh': 0.08, 'Wie': 0, 'bitte': 0, 'Warum': 0.4, 'soll': 0, 'Tabak': 0.45, 'keine': 0, 'sein': 0, 'und': 1.0, 'Cannabis': 0.9, 'schon': 0}",neutral,"[0.944682, 0.029453829, 0.025864113]",,,,,,,,,,,,,,,,,,,,,,,,,,,,,,,positive
50.0,75.0,57.0,0.0,negative,@DailyTalk @nr_mayagraf @RegulaRytz @GrueneCH @ParlCH @jglpCH @beatflach @Blickch Wieso? Ich kann auch Tabakwerbung einschr√§nken und gleichzeitig Cannabis regulieren wollen. So kann ich auch Waffen einschr√§nken und Cannabis regulieren wollen.,wieso tabakwerbung einschr√§nken gleichzeitig cannabis regulieren waffen einschr√§nken cannabis regulieren,"{'Wieso': 0.085, 'Ich': 0.14, 'kann': 0.12, 'auch': 0.17, 'Tabakwerbung': 0.11, 'einschr√§nken': 0.32, 'und': 0.2, 'gleichzeitig': 0, 'Cannabis': 1.0, 'regulieren': 1.0, 'wollen': 0.27, 'So': 0.13, 'ich': 0.14, 'Waffen': 0.28}",neutral,"[0.91900635, 0.034256645, 0.046736978]",,,,,,,,,,,,,,,,,,,,,,,,,,,,,,,neutral
50.0,75.0,57.0,0.0,neutral,"@DailyTalk @nr_mayagraf @RegulaRytz @GrueneCH @ParlCH @jglpCH @beatflach @Blickch W√ºrden sie auch nicht, wenn sie ein Bier-√Ñquivalent Cannabis rauchen w√ºrden. Aber wie sollen sie dies ohne Regulierung einsch√§tzen k√∂nnen? Stellen sie sich vor, sie wollen Bier und bekommen Vodka, k√∂nnen es aber nicht unterscheiden ;-)",bier √§quivalent cannabis rauchen sollen regulierung einsch√§tzen stellen bier bekommen vodka unterscheiden,"{'W√ºrden': 0.08, 'sie': 0, 'auch': 0, 'nicht': 0, 'wenn': 0.33, 'ein': 0, 'Bier-√Ñquivalent': 0.17, 'Cannabis': 0.88, 'rauchen': 0, 'w√ºrden': 0.08, 'Aber': 0.01, 'wie': 0.04, 'sollen': 0, 'dies': 0, 'ohne': 0.02, 'Regulierung': 0.06, 'einsch√§tzen': 0.09, 'k√∂nnen': 0.02, 'Stellen': 0, 'sich': 0, 'vor': 0, 'wollen': 0.02, 'Bier': 0.11, 'und': 0.03, 'bekommen': 0.025, 'Vodka': 0.08, 'es': 0, 'aber': 0.01, 'unterscheiden': 0}",neutral,"[0.94276386, 0.047752507, 0.009483756]",,,,,,,,,,,,,,,,,,,,,,,,,,,,,,,neutral
0.0,0.0,14.0,-0.7,neutral,"@DailyTalk @nr_mayagraf @RegulaRytz @GrueneCH @ParlCH @jglpCH @beatflach @Blickch Ich habe keineswegs bestritten, das Cannabis Psychosen ausl√∂sen kann...",keineswegs bestreiten cannabis psychosen ausl√∂sen,"{'Ich': 0.38, 'habe': 0.6, 'keineswegs': 0.575, 'bestritten': 0, 'das': 0.7, 'Cannabis': 0.76, 'Psychosen': 0, 'ausl√∂sen': 0, 'kann': 0.37, '...': 0}",neutral,"[0.7859209, 0.053296857, 0.16078217]",,,,,,,,,,,,,,,,,,,,,,,,,,,,,,,negative
50.0,75.0,57.0,0.0,neutral,"@DailyTalk @nr_mayagraf @RegulaRytz @GrueneCH @ParlCH @jglpCH @beatflach @Blickch Weshalb? Sie k√∂nnen sich mit Cannabis nicht selber erschiessen (Mit Alkohol hingegen schon, im √ºbertragenen Sinne)",weshalb cannabis selber erschiessen alkohol hingegen schon √ºbertragen sinne,"{'Weshalb': 0.14500000000000002, 'Sie': 0, 'k√∂nnen': 0, 'sich': 0, 'mit': 0.09, 'Cannabis': 1.0, 'nicht': 0, 'selber': 0, 'erschiessen': 0.68, 'Mit': 0.09, 'Alkohol': 0.38, 'hingegen': 0, 'schon': 0, 'im': 0, '√ºbertragenen': 0, 'Sinne': 0}",neutral,"[0.8733191, 0.098156855, 0.028524043]",,,,,,,,,,,,,,,,,,,,,,,,,,,,,,,neutral
50.0,75.0,57.0,0.0,neutral,"@DailyTalk @nr_mayagraf @GrueneCH @ParlCH @jglpCH @beatflach @Blickch Ihre Stichprobe besteht aus ""1 Alkoholiker und 0 Cannabiskonsumenten""? Zum Gl√ºck bilden sich nicht alle Menschen Ihre Meinung so unfundiert wie sie ;-)",stichprobe bestehen alkoholiker cannabiskonsumenten gl√ºck bilden all menschen meinung unfundiert,"{'Ihre': 0.22, 'Stichprobe': 0.25, 'besteht': 0.26, 'aus': 0, 'Alkoholiker': 0.09, 'und': 0.08, 'Cannabiskonsumenten': 0.14, 'Zum': 0, 'Gl√ºck': 0, 'bilden': 0, 'sich': 0, 'nicht': 0.22, 'alle': 0, 'Menschen': 0.28, 'Meinung': 0, 'so': 0, 'unfundiert': 0, 'wie': 0, 'sie': 0}",neutral,"[0.966342, 0.013499773, 0.020158142]",,,,,,,,,,,,,,,,,,,,,,,,,,,,,,,neutral
50.0,75.0,57.0,0.0,negative,"@DailyTalk @nr_mayagraf @GrueneCH @ParlCH @jglpCH @beatflach @Blickch Wir h√§tten eher an die Schweizer Mittelland- und Bergbauern gedacht. Cannabis ist nicht ungef√§hrlich, genauso wie es Tabak und Alkohol auch nicht sind.",eher schweizer mittelland bergbauern gedenken cannabis ungef√§hrlich genauso tabak alkohol,"{'Wir': 0.04, 'h√§tten': 0.06, 'eher': 0, 'an': 0, 'die': 0.04, 'Schweizer': 0.03, 'Mittelland-': 0, 'und': 0.1, 'Bergbauern': 0.03, 'gedacht': 0.07, 'Cannabis': 0.43, 'ist': 0.43, 'nicht': 0.25, 'ungef√§hrlich': 0, 'genauso': 0.15, 'wie': 0, 'es': 0.43, 'Tabak': 0.11, 'Alkohol': 0.08, 'auch': 0, 'sind': 0.09}",negative,"[0.066335745, 0.91931736, 0.0143468985]",,,,,,,,,,,,,,,,,,,,,,,,,,,,,,,neutral
25.0,25.0,14.0,-0.4333333333333333,positive,"@ruediloeffel @jglpCH @Juerg_Grossen @beatflach @PVuichard Auf jeden Fall. Dort w√ºrden wir Einschr√§nkungen wie z.b. Werbeverbote sehr begr√ºssen, aber leider verhindern das die gleichen Fraktionen, welche auch die Cannabislegalisierung verhindert... #doppelmoral",jed fall einschr√§nkungen z b werbeverbote begr√ºssen leider verhindern gleich fraktionen welch cannabislegalisierung verhindern doppelmoral,"{'Auf': 0, 'jeden': 0, 'Fall': 0, 'Dort': 0.04, 'w√ºrden': 0.03, 'wir': 0, 'Einschr√§nkungen': 0, 'wie': 0, 'z.b.': 0, 'Werbeverbote': 0.035, 'sehr': 0.04, 'begr√ºssen': 0, 'aber': 0.19, 'leider': 0.92, 'verhindern': 0, 'das': 0.15, 'die': 0.23, 'gleichen': 0.61, 'Fraktionen': 0.3, 'welche': 0, 'auch': 0, 'Cannabislegalisierung': 0.15000000000000002, 'verhindert': 0, '...': 0, 'doppelmoral': 0}",negative,"[0.22980648, 0.6102744, 0.15991919]",,,,,,,,,,,,,,,,,,,,,,,,,,,,,,,negative
75.0,75.0,71.0,0.3333333333333333,neutral,"Es ist Zeit, die Drogenpolitik neu zu denken - Cannabis legalisieren, Steuern einnehmen, AHV finanzieren: https://t.co/wVKtrUiobi",zeit drogenpolitik neu denken cannabis legalisieren steuern einnehmen ahv finanzieren,"{'Es': 0, 'ist': 0, 'Zeit': 0.18, 'die': 0, 'Drogenpolitik': 0.34, 'neu': 0, 'zu': 0.12, 'denken': 0.12, 'Cannabis': 0.89, 'legalisieren': 1.0, 'Steuern': 0, 'einnehmen': 0, 'AHV': 0.12, 'finanzieren': 0.14}",neutral,"[0.87895715, 0.015944555, 0.10509827]",,,,,,,,,,,,,,,,,,,,,,,,,,,,,,,positive
50.0,75.0,57.0,0.0,negative,"@ruediloeffel @Dede71Mueller @jglpCH Unfallopfer, Alkohol- und Cannabiss√ºchtige - siehe weiter oben",unfallopfer alkohol cannabiss√ºchtige siehe weit oben,"{'Unfallopfer': 0.3, 'Alkohol-': 0, 'und': 1.0, 'Cannabiss√ºchtige': 0, 'siehe': 0, 'weiter': 0, 'oben': 0.33}",neutral,"[0.9705175, 0.0038532591, 0.02562928]",,,,,,,,,,,,,,,,,,,,,,,,,,,,,,,neutral
0.0,0.0,14.0,-0.7,negative,"@pbruegger @Dede71Mueller @jglpCH So teuer wie m√∂glich ist eigentlich gerade so teuer, damit es keinen Schwarzmarkt gibt. Mit Schwarzmarkt verlieren alle, siehe Cannabis.",teuer m√∂glich eigentlich gerade teuer schwarzmarkt geben schwarzmarkt verlieren all siehe cannabis,"{'So': 0.08, 'teuer': 0.12, 'wie': 0, 'm√∂glich': 0.08, 'ist': 0.09, 'eigentlich': 0.07, 'gerade': 0.06, 'so': 0.08, 'damit': 0, 'es': 0.09, 'keinen': 0, 'Schwarzmarkt': 0.25, 'gibt': 0, 'Mit': 0.17, 'verlieren': 0, 'alle': 0.82, 'siehe': 0, 'Cannabis': 0.92}",neutral,"[0.9849727, 0.0012630791, 0.013764158]",,,,,,,,,,,,,,,,,,,,,,,,,,,,,,,negative
0.0,0.0,0.0,-1.0,neutral,"@digit_AI @elkusarta @Der_Allusionist @jglpCH Das kannst du schon bezweifeln, die 300 Mio sind alles Cannabis-Delikte. Du glaubst, dass dann Millionen an Regulierungsaufwand entstehen?",schon bezweifeln mio cannabis delikte glauben millionen regulierungsaufwand entstehen,"{'Das': 0.09, 'kannst': 0.04, 'du': 0, 'schon': 0, 'bezweifeln': 0.09, 'die': 0.09, 'Mio': 0, 'sind': 0.31, 'alles': 0, 'Cannabis-Delikte': 1.0, 'Du': 0, 'glaubst': 0, 'dass': 0.06, 'dann': 0, 'Millionen': 0.07, 'an': 0, 'Regulierungsaufwand': 0.16, 'entstehen': 0}",neutral,"[0.8469612, 0.070152596, 0.082886234]",,,,,,,,,,,,,,,,,,,,,,,,,,,,,,,negative
50.0,75.0,57.0,0.0,neutral,"@digit_AI @elkusarta @Der_Allusionist @jglpCH Wir fangen mal mit Cannabis an ;-) F√ºr jede Droge sollte eine ausf√ºhrliche Abw√§gung von ""Kosten"" und ""Nutzen"" gemacht werden.",fangen mal cannabis jed droge sollen ausf√ºhrliche abw√§gung kosten nutzen,"{'Wir': 0, 'fangen': 0, 'mal': 0, 'mit': 1.0, 'Cannabis': 0.66, 'an': 0, 'F√ºr': 0.18, 'jede': 0, 'Droge': 0, 'sollte': 0.11, 'eine': 0, 'ausf√ºhrliche': 0.12, 'Abw√§gung': 0, 'von': 0, 'Kosten': 0.05, 'und': 0.05, 'Nutzen': 0, 'gemacht': 0, 'werden': 0}",neutral,"[0.9861958, 0.0018318703, 0.011972341]",,,,,,,,,,,,,,,,,,,,,,,,,,,,,,,neutral
50.0,75.0,57.0,0.0,neutral,"RT @guelshaaa: Es geht um zwei Wochen! ES GEHT UM ZWEI WOCHEN VATERSCHAFTSURLAUB! Wie kann nur ein einziger Mensch dagegen sein? 
Drei Woch‚Ä¶",gehen zwei wochen gehen zwei wochen vaterschaftsurlaub einzig mensch dagegen drei woch,,,,"{'Es': 0, 'geht': 0, 'um': 1.0, 'zwei': 0.45, 'Wochen': 0.1, 'ES': 0, 'GEHT': 0, 'UM': 1.0, 'ZWEI': 0.45, 'WOCHEN': 0.1, 'VATERSCHAFTSURLAUB': 0.7, 'Wie': 0, 'kann': 0.36, 'nur': 0, 'ein': 0.11, 'einziger': 0.11, 'Mensch': 0, 'dagegen': 0, 'sein': 0, 'Drei': 0.06, 'Woch': 0, '‚Ä¶': 0}",neutral,"[0.7877242, 0.1001259, 0.11214986]",,,,,,,,,,,,,,,,,,,,,,,,,,,,neutral
100.0,100.0,100.0,1.0,neutral,"@redder66 @grunliberale Lustig, dass gleich das erste Resultat (bei mir, always be aware of the bubble) ein Beispiel zur Bremsung einer Steuersenkung ist :-D https://t.co/XXs3R1t54H~",lustig gleichen erste resultat always be aware of the bubble beispiel bremsung steuersenkung,,,,,,,"{'Lustig': 0, 'dass': 0.06, 'gleich': 0, 'das': 0.06, 'erste': 0.06, 'Resultat': 0, 'bei': 0, 'mir': 0.04, 'always': 0.08, 'be': 0.05, 'aware': 0.07, 'of': 0.38, 'the': 0.09, 'bubble': 0.16, 'ein': 0, 'Beispiel': 1.0, 'zur': 0.09, 'Bremsung': 1.0, 'einer': 0, 'Steuersenkung': 0.485, 'ist': 0.19}",positive,"[0.0022295138, 0.0045265704, 0.9932439]",,,,,,,,,,,,,,,,,,,,,,,,,positive
75.0,75.0,71.0,0.3333333333333333,negative,"@redder66 @grunliberale Woher kommt jetzt die Steuersenkung her? Einfach so rasch dazu erfunden? ;-) 

Also, war nett zu plaudern. Ich muss jetzt wieder weiterarbeiten. Irgendjemand muss ja beim Kuchen mitbacken, den wir in der Budgetdebatte verteilen ;-)",woher kommen steuersenkung her einfach rasch erfinden nett plaudern weiterarbeiten irgendjemand ja beim kuchen mitbacken budgetdebatte verteilen,,,,,,,"{'Woher': 0.16999999999999998, 'kommt': 0, 'jetzt': 0.02, 'die': 0.03, 'Steuersenkung': 1.0, 'her': 0, 'Einfach': 0, 'so': 0.04, 'rasch': 0, 'dazu': 0.02, 'erfunden': 0.12, 'Also': 0, 'war': 0, 'nett': 0, 'zu': 0.02, 'plaudern': 0.08, 'Ich': 0.02, 'muss': 0.02, 'wieder': 0, 'weiterarbeiten': 0, 'Irgendjemand': 0, 'ja': 0, 'beim': 0.03, 'Kuchen': 0.14, 'mitbacken': 0, 'den': 0.03, 'wir': 0, 'in': 0.02, 'der': 0.03, 'Budgetdebatte': 0, 'verteilen': 0}",neutral,"[0.60275316, 0.30981764, 0.08742914]",,,,,,,,,,,,,,,,,,,,,,,,,positive
100.0,100.0,86.0,0.7,neutral,"RT @SonjaGehrig: #EsistZeit f√ºr #Inl√§ndervorrang bei der Energie!

Erneuerbare Energien f√∂rdern.
einheimisches Gewerbe unterst√ºtzen.
Erd√∂la‚Ä¶",esistzeit inl√§ndervorrang energie erneuerbare energien f√∂rdern einheimisch gewerbe unterst√ºtzen erd√∂la,,,,,,,,,,"{'EsistZeit': 0, 'f√ºr': 0.11, 'Inl√§ndervorrang': 0.27, 'bei': 0, 'der': 0, 'Energie': 0.11, 'Erneuerbare': 0.79, 'Energien': 0.6, 'f√∂rdern': 0.43, 'einheimisches': 0.25, 'Gewerbe': 0, 'unterst√ºtzen': 0.43, 'Erd√∂la': 0, '‚Ä¶': 0}",positive,"[0.00202365, 0.0015678493, 0.9964085]",,,,,,,,,,,,,,,,,,,,,,positive
100.0,100.0,86.0,0.7,negative,"@morvjn @g_danuser Entweder wir h√∂ren auf, AKWs zu subventionieren oder wir subventionieren erneuerbare Energien. Aber so weiter wie bisher garantiert nicht.",entweder h√∂ren akws subventionieren subventionieren erneuerbare energien weit bisher garantieren,,,,,,,,,,"{'Entweder': 0.03, 'wir': 0, 'h√∂ren': 0, 'auf': 0, 'AKWs': 0.0525, 'zu': 0.02, 'subventionieren': 1.0, 'oder': 0.11, 'erneuerbare': 0.51, 'Energien': 0.21, 'Aber': 0.07, 'so': 0, 'weiter': 0, 'wie': 0, 'bisher': 0, 'garantiert': 0.03, 'nicht': 0.04}",neutral,"[0.5525342, 0.23311189, 0.21435387]",,,,,,,,,,,,,,,,,,,,,,positive
100.0,100.0,86.0,0.7,neutral,@joergmaeder Der Punkt mit dem Wahlgeheimnis ist wichtig. Den m√ºsste man prominent hervorheben: Sicheres E-Voting heisst Reduzierung des Wahlgeheimnis.,punkt wahlgeheimnis wichtig m√ºsste prominent hervorheben sicher e voting heisst reduzierung wahlgeheimnis,,,,,,,,,,,,,"{'Der': 0.11, 'Punkt': 0.14, 'mit': 0, 'dem': 0.09, 'Wahlgeheimnis': 1.0, 'ist': 0.07, 'wichtig': 0.15, 'Den': 0.11, 'm√ºsste': 0.060000000000000005, 'man': 0, 'prominent': 0, 'hervorheben': 0.14, 'Sicheres': 0, 'E-Voting': 0, 'heisst': 0.07, 'Reduzierung': 0, 'des': 0}",negative,"[0.32111093, 0.38986558, 0.2890235]",,,,,,,,,,,,,,,,,,,positive
0.0,0.0,0.0,-1.0,neutral,RT @SonjaGehrig: Kriegsmaterialexporte in Konfliktregionen d√ºrfen nicht sein und √ºberschreiten eine rote Linie! (mein Frustgedicht zum WAK-‚Ä¶,kriegsmaterialexporte konfliktregionen d√ºrfen √ºberschreiten rote linie frustgedicht wak,,,,,,,,,,,,,,,,"{'Kriegsmaterialexporte': 0.0825, 'in': 0.05, 'Konfliktregionen': 0.07, 'd√ºrfen': 0, 'nicht': 0.08, 'sein': 0, 'und': 0.12, '√ºberschreiten': 0, 'eine': 0, 'rote': 0, 'Linie': 0.15, 'mein': 0.35, 'Frustgedicht': 0.52, 'zum': 0.14, 'WAK-': 0, '‚Ä¶': 0}",neutral,"[0.70412225, 0.17528075, 0.12059704]",,,,,,,,,,,,,,,,negative
100.0,100.0,100.0,1.0,neutral,RT @fabian_giuliani: Exporte von Kriegsmaterial ins Ausland: F√ºr mich generell mit einer neutralen - und vor allem humanit√§ren Schweiz - ab‚Ä¶,exporte kriegsmaterial ausland generell neutral humanit√§r schweiz ab,,,,,,,,,,,,,,,,"{'Exporte': 0.4, 'von': 0.09, 'Kriegsmaterial': 0.22999999999999998, 'ins': 0, 'Ausland': 0.69, 'F√ºr': 0.56, 'mich': 0.21, 'generell': 0.06, 'mit': 0.16, 'einer': 0, 'neutralen': 0.09, 'und': 0.11, 'vor': 0, 'allem': 0, 'humanit√§ren': 0.12, 'Schweiz': 0.11, 'ab': 0, '‚Ä¶': 0}",positive,"[0.39149868, 0.011880029, 0.5966213]",,,,,,,,,,,,,,,,positive
100.0,100.0,100.0,1.0,neutral,"RT @bncklc: Kriegsmaterialexporte aus der CH in B√ºrgerkriegsl√§nder sollen erlaubt werden(ü§Æ), ‚Äûwenn kein Grund zur Annahme besteht, dass das‚Ä¶",kriegsmaterialexporte ch b√ºrgerkriegsl√§nder sollen erlauben grund annahme bestehen,,,,,,,,,,,,,,,,"{'Kriegsmaterialexporte': 0.11, 'aus': 0, 'der': 0.52, 'CH': 0, 'in': 0, 'B√ºrgerkriegsl√§nder': 0.0625, 'sollen': 0.07, 'erlaubt': 0, 'werden': 0, 'ü§Æ': 0, '‚Äû': 0, 'wenn': 0, 'kein': 0, 'Grund': 0, 'zur': 0, 'Annahme': 0, 'besteht': 0, 'dass': 0, 'das': 0, '‚Ä¶': 0}",neutral,"[0.7851059, 0.03565222, 0.17924194]",,,,,,,,,,,,,,,,positive
50.0,75.0,57.0,0.0,neutral,"RT @JungefuersKlima: Auch die Wissenschaft fordert: ""Die #CO2Abgabe als bew√§hrtes Instrument einer marktwirtschaftlichen Klimapolitik ist e‚Ä¶",wissenschaft fordern co2abgabe bew√§hrt instrument marktwirtschaftlichen klimapolitik e,,,,,,,,,,,,,,,,,,,"{'Auch': 0.09, 'die': 0.53, 'Wissenschaft': 0.07, 'fordert': 0, 'Die': 0.53, 'CO2Abgabe': 0, 'als': 0.28, 'bew√§hrtes': 0, 'Instrument': 0.15, 'einer': 0, 'marktwirtschaftlichen': 0.08, 'Klimapolitik': 0.335, 'ist': 1.0, 'e': 1.0, '‚Ä¶': 0}",neutral,"[0.6546256, 0.058622662, 0.28675175]",,,,,,,,,,,,,neutral
25.0,25.0,28.0,-0.2333333333333333,neutral,"@Ale_chioc @elkusarta @SimuFricker @jungegruenebern @jglpCH @GrueneCH @jGruene_jVertEs @glp_bern @jglpBern @jglp_be @JungfreisinnBE @Forbes Und falls du deinen Glauben an die Marktwirtschaft verloren hast, empfehle ich dir die Studie der ETH zur Energiestrategie, welche drei Szenarien errechnet hat, wovon f√ºr das schlechteste ein Gaskombi erforderlich w√§re.",falls glauben marktwirtschaft verlieren empfehlen studie eth energiestrategie welch drei szenarien errechnen wovon schlecht gaskombi erforderlich,,,,,,,,,,,,,,,,,,,"{'Und': 0.17, 'falls': 0, 'du': 0, 'deinen': 0, 'Glauben': 0, 'an': 0, 'die': 0.03, 'Marktwirtschaft': 0.825, 'verloren': 0.46, 'hast': 0, 'empfehle': 0.1, 'ich': 0.04, 'dir': 0.16, 'Studie': 0.05, 'der': 0.03, 'ETH': 0.05, 'zur': 0.03, 'Energiestrategie': 0.060000000000000005, 'welche': 0.02, 'drei': 0.03, 'Szenarien': 0.12, 'errechnet': 0.1, 'hat': 0, 'wovon': 0, 'f√ºr': 0, 'das': 0, 'schlechteste': 0.04, 'ein': 0, 'Gaskombi': 0.04, 'erforderlich': 0, 'w√§re': 0.05}",positive,"[0.0070371185, 0.0038599852, 0.98910284]",,,,,,,,,,,,,neutral
100.0,100.0,86.0,0.7,negative,@gregorischmid @NikolaiOrgland Also marktwirtschaftlich kann man meiner Meinung nach nicht einfach in nicht-marktwirtschaftlich umdeuten :D,marktwirtschaftlich meinung einfach marktwirtschaftlich umdeuten,,,,,,,,,,,,,,,,,,,"{'Also': 0, 'marktwirtschaftlich': 0.095, 'kann': 0, 'man': 0, 'meiner': 0, 'Meinung': 1.0, 'nach': 0, 'nicht': 0, 'einfach': 0, 'in': 1.0, 'nicht-marktwirtschaftlich': 0.12, 'umdeuten': 0}",negative,"[0.052139606, 0.8778348, 0.07002555]",,,,,,,,,,,,,positive
50.0,75.0,57.0,0.0,neutral,"@gregorischmid @NikolaiOrgland Steht nicht im Vorschlag, das ""marktwirtschaftliche L√∂sungen"" gesucht werden sollen?",stehen vorschlag marktwirtschaftliche l√∂sungen suchen sollen,,,,,,,,,,,,,,,,,,,"{'Steht': 0, 'nicht': 0, 'im': 0, 'Vorschlag': 0.22, 'das': 0.37, 'marktwirtschaftliche': 0.13, 'L√∂sungen': 0.45, 'gesucht': 0, 'werden': 0, 'sollen': 0.39}",neutral,"[0.85838836, 0.09568542, 0.045926154]",,,,,,,,,,,,,neutral
100.0,100.0,100.0,0.85,neutral,"@michaelzeugin @Martin_Baeumle Gegen ""diese"" E-ID. Sie ist etwa genauso ""gut digitalisiert"" wie das BAG ;-) Als Digitalpartei sollten wir eine solche Kapitulation vor der Staats-Digitalisierung nicht unterst√ºtzen.",e id etwa genauso gut digitalisiert bag digitalpartei sollen kapitulation staats digitalisierung unterst√ºtzen,,,,,,,,,,,,,,,,,,,,,,"{'Gegen': 0.08, 'diese': 0.02, 'E-ID': 0, 'Sie': 0, 'ist': 0.02, 'etwa': 0.02, 'genauso': 0, 'gut': 0, 'digitalisiert': 0.08, 'wie': 0, 'das': 0, 'BAG': 0.05, 'Als': 0, 'Digitalpartei': 0, 'sollten': 0, 'wir': 0, 'eine': 0, 'solche': 0.09, 'Kapitulation': 0.22, 'vor': 0, 'der': 0.04, 'Staats-Digitalisierung': 1.0, 'nicht': 0, 'unterst√ºtzen': 0.3}",neutral,"[0.673978, 0.18559328, 0.14042884]",,,,,,,,,,positive
100.0,100.0,100.0,1.0,neutral,"@frontsight @e_id_referendum @jglpCH Man muss die Mittel zuweisen, und gleichzeitig den Druck aus dem Parlament aufbauen. Wir brauchen gen√ºgend Parlamentarier*innen, die WIRKLICH etwas von Digitalisierung verstehen.",mittel zuweisen gleichzeitig druck parlament aufbauen brauchen gen√ºgen parlamentarier innen wirklich digitalisierung verstehen,,,,,,,,,,,,,,,,,,,,,,"{'Man': 0, 'muss': 0.02, 'die': 0.02, 'Mittel': 0, 'zuweisen': 0.02, 'und': 0.02, 'gleichzeitig': 0, 'den': 0.02, 'Druck': 0.04, 'aus': 0, 'dem': 0.02, 'Parlament': 0.03, 'aufbauen': 0.025, 'Wir': 0.02, 'brauchen': 0.04, 'gen√ºgend': 0.06, 'Parlamentarier*innen': 0.09, 'WIRKLICH': 0.37, 'etwas': 0.73, 'von': 0.03, 'Digitalisierung': 0, 'verstehen': 0.26}",neutral,"[0.931353, 0.015007603, 0.053639404]",,,,,,,,,,positive
50.0,75.0,57.0,0.0,neutral,"Das ist der entscheidende Punkt: Der Bund MUSS Digitalisierung lernen, und zwar ASAP. Nur mit einem #eIDnein bleibt der Bund im Fahrersitz des E-Governments. Wir d√ºrfen diese Digitalinkompetenz nicht mehr durchgehen lassen. 

@e_id_referendum @jglpCH https://t.co/r7U2dJVT88",entscheidend punkt bund digitalisierung lernen asap eidnein bleiben bund fahrersitz e governments d√ºrfen digitalinkompetenz mehr durchgehen lassen,,,,,,,,,,,,,,,,,,,,,,"{'Das': 0.03, 'ist': 0.04, 'der': 0.03, 'entscheidende': 0.14, 'Punkt': 0.07, 'Der': 0.03, 'Bund': 0, 'MUSS': 0, 'Digitalisierung': 0, 'lernen': 1.0, 'und': 0, 'zwar': 0.045, 'ASAP': 0.36, 'Nur': 0, 'mit': 0.02, 'einem': 0, 'eIDnein': 0.07, 'bleibt': 0, 'im': 0, 'Fahrersitz': 0.05, 'des': 0, 'E-Governments': 0, 'Wir': 0.03, 'd√ºrfen': 0, 'diese': 0.07, 'Digitalinkompetenz': 0, 'nicht': 0, 'mehr': 0, 'durchgehen': 0, 'lassen': 0}",positive,"[0.27832282, 0.12293764, 0.59873956]",,,,,,,,,,neutral
50.0,75.0,57.0,0.0,neutral,"RT @judithbellaiche: Plattform-Wirtschaft muss in der Schweiz m√∂glich sein. 
‚ÄûAlles andere w√§re f√ºr ein Land, das in der Digitalisierung vo‚Ä¶",plattform wirtschaft schweiz m√∂glich land digitalisierung vo,,,,,,,,,,,,,,,,,,,,,,"{'Plattform-Wirtschaft': 0.16, 'muss': 0, 'in': 0, 'der': 0, 'Schweiz': 0.1, 'm√∂glich': 0.06, 'sein': 0, '‚Äû': 0, 'Alles': 0, 'andere': 0, 'w√§re': 0, 'f√ºr': 0, 'ein': 0, 'Land': 0, 'das': 0, 'Digitalisierung': 0, 'vo': 0, '‚Ä¶': 0}",neutral,"[0.6406897, 0.09742419, 0.26188615]",,,,,,,,,,neutral
100.0,100.0,100.0,1.0,neutral,"RT @jglpZH: Manuel Frick will, dass die Schweiz wirtschaftlich international erfolgreich bleibt. Auch in Zeiten der #Digitalisierung.
Wenn‚Ä¶",manuel frick schweiz wirtschaftlich international erfolgreich bleiben zeiten digitalisierung,,,,,,,,,,,,,,,,,,,,,,"{'Manuel': 0.09, 'Frick': 0.08, 'will': 0, 'dass': 0, 'die': 0, 'Schweiz': 0.07, 'wirtschaftlich': 0.07, 'international': 0, 'erfolgreich': 0.06, 'bleibt': 0, 'Auch': 0, 'in': 0.14, 'Zeiten': 0.24, 'der': 0, 'Digitalisierung': 0, 'Wenn': 0.07, '‚Ä¶': 0}",positive,"[0.12376031, 0.17727333, 0.6989663]",,,,,,,,,,positive
100.0,100.0,100.0,1.0,neutral,"Interessanterweise f√§llt auch die FDP erneut durch Fortschrittsfeindlichkeit auf :-) =&gt; GLP w√§hlen, echte Digitalisierung bekommen. @jglpZH https://t.co/F677Ev4JWB",interessanterweise f√§llen fdp erneut fortschrittsfeindlichkeit gt glp w√§hlen echte digitalisierung bekommen,,,,,,,,,,,,,,,,,,,,,,"{'Interessanterweise': 0.045000000000000005, 'f√§llt': 0, 'auch': 0.02, 'die': 0.03, 'FDP': 0.05, 'erneut': 0, 'durch': 0, 'Fortschrittsfeindlichkeit': 0.06, 'auf': 0, 'gt': 0.04, 'GLP': 0.19, 'w√§hlen': 0, 'echte': 1.0, 'Digitalisierung': 0, 'bekommen': 0.22499999999999998}",positive,"[0.26302123, 0.008438612, 0.7285401]",,,,,,,,,,positive
50.0,75.0,57.0,0.0,neutral,"RT @joergmaeder: #Digitalisierung mit Herz und Verstand. Und mein Verstand sagt mir klar, dass es mit #EVoting nichts wird. Es gibt gen√ºgen‚Ä¶",digitalisierung herz verstehen verstehen sagen klaren evoting geben gen√ºgen,,,,,,,,,,,,,,,,,,,,,,"{'Digitalisierung': 0, 'mit': 0.46, 'Herz': 0.2, 'und': 0.28, 'Verstand': 0, 'Und': 0.28, 'mein': 0.06, 'sagt': 0, 'mir': 0.06, 'klar': 0, 'dass': 0.07, 'es': 0, 'EVoting': 0.18, 'nichts': 0, 'wird': 0, 'Es': 0, 'gibt': 0.05, 'gen√ºgen': 0, '‚Ä¶': 0}",neutral,"[0.6278681, 0.022866102, 0.3492658]",,,,,,,,,,neutral
100.0,100.0,86.0,0.7,neutral,"RT @corinagredig: Ein Vorgeschmack auf das, was uns erwartet: Zusammenarbeit bei Klima- und Umweltschutz, Gleichstellung, liberale Gesellsc‚Ä¶",vorgeschmack erwarten zusammenarbeit klima umweltschutz gleichstellung liberale gesellsc,,,,,,,,,,,,,,,,,,,,,,,,,"{'Ein': 0.08, 'Vorgeschmack': 0.4, 'auf': 1.0, 'das': 0, 'was': 0, 'uns': 0.17, 'erwartet': 0, 'Zusammenarbeit': 1.0, 'bei': 0, 'Klima-': 0.39, 'und': 0.27, 'Umweltschutz': 0.515, 'Gleichstellung': 0.41, 'liberale': 0.22, 'Gesellsc': 0, '‚Ä¶': 0}",positive,"[0.0022357234, 0.0014985922, 0.9962657]",,,,,,,positive
100.0,100.0,86.0,0.7,negative,RT @PVuichard: Offenbar ist weder Umweltschutz noch Wissenschaft in der #DNA der FDP - Warum sonst m√ºssten sie zuerst bei ihren Mitgliedern‚Ä¶,offenbaren weder umweltschutz wissenschaft dna fdp warum m√ºssten zuerst mitgliedern,,,,,,,,,,,,,,,,,,,,,,,,,"{'Offenbar': 1.0, 'ist': 0.22, 'weder': 1.0, 'Umweltschutz': 0.27, 'noch': 0, 'Wissenschaft': 0.13, 'in': 0.15, 'der': 0.06, 'DNA': 0.06, 'FDP': 0.06, 'Warum': 0.13, 'sonst': 0, 'm√ºssten': 0.0425, 'sie': 0, 'zuerst': 0.05, 'bei': 0, 'ihren': 0, 'Mitgliedern': 0.03, '‚Ä¶': 0}",negative,"[0.05522181, 0.93276596, 0.012012217]",,,,,,,positive
50.0,75.0,57.0,0.0,neutral,"RT @jglpCH: Du willst Dich f√ºr mehr #Umweltschutz üêª, die #Ehefueralle  üåà und gegen eine Politik der #Abschottung üá™üá∫üá®üá≠ einsetzen? Dann bewir‚Ä¶",mehr umweltschutz ehefueralle politik abschottung einsetzen bewir,,,,,,,,,,,,,,,,,,,,,,,,,"{'Du': 0, 'willst': 0.13, 'Dich': 0.12, 'f√ºr': 0.3, 'mehr': 0.68, 'Umweltschutz': 0.77, 'die': 0, 'Ehefueralle': 0.45, 'und': 0.15, 'gegen': 0.22, 'eine': 0, 'Politik': 0, 'der': 0, 'Abschottung': 0, 'üá™': 0, 'üá∫': 0, 'üá®': 0, 'üá≠': 0, 'einsetzen': 0, 'Dann': 0, 'bewir': 0, '‚Ä¶': 0}",positive,"[0.46339768, 0.053242583, 0.4833597]",,,,,,,neutral
100.0,100.0,86.0,0.7,neutral,RT @towi71: Der #krzh will eine liberale Umweltpolitik und stimmt meinem Vorstoss zu. Zuk√ºnftig sollen im Strassenverkehr die Verursacher f‚Ä¶,krzh liberale umweltpolitik stimmen vorstoss zuk√ºnftig sollen strassenverkehr verursacher f,,,,,,,,,,,,,,,,,,,,,,,,,,,,"{'Der': 0.12, 'krzh': 0.14, 'will': 1.0, 'eine': 0, 'liberale': 0.12, 'Umweltpolitik': 0.11000000000000001, 'und': 0.06, 'stimmt': 0, 'meinem': 0.11, 'Vorstoss': 0, 'zu': 0, 'Zuk√ºnftig': 0.78, 'sollen': 0, 'im': 0, 'Strassenverkehr': 0.635, 'die': 0.12, 'Verursacher': 0, 'f': 0, '‚Ä¶': 0}",neutral,"[0.8073537, 0.15710376, 0.035542555]",,,,positive
100.0,100.0,100.0,1.0,neutral,"Amtsschimmel-Award 2017: kam in einen Unfall auf dem Weg zur Fahrzeugp√ºfung und kam 10 min zu sp√§t beim Strassenverkehrsamt an. Experte: ""Sorry, 3 Minuten √ºber der maximal erlaubten Toleranz von 7 Minuten"" und geht 15 Minuten fr√ºher in den Feierabend ü§£ü§£ü§î https://t.co/6VWyqXKcEE",amtsschimmel award kommen unfall fahrzeugp√ºfung kommen min sp√§t beim strassenverkehrsamt experte sorry minuten maximal erlauben toleranz minuten gehen minuten fr√ºh feierabend,,,,,,,,,,,,,,,,,,,,,,,,,,,,"{'Amtsschimmel-Award': 0, 'kam': 0, 'in': 0, 'einen': 0, 'Unfall': 0.15, 'auf': 0.05, 'dem': 0.08499999999999999, 'Weg': 0, 'zur': 0.08499999999999999, 'Fahrzeugp√ºfung': 0.255, 'und': 0.13, 'min': 0, 'zu': 0.11, 'sp√§t': 1.0, 'beim': 0.38, 'Strassenverkehrsamt': 0.515, 'an': 0.05, 'Experte': 0.14, 'Sorry': 0.09, 'Minuten': 0.18, '√ºber': 0, 'der': 0.06, 'maximal': 0, 'erlaubten': 0, 'Toleranz': 0.11, 'von': 0, 'geht': 0.1, 'fr√ºher': 0.2, 'den': 0.06, 'Feierabend': 0, 'ü§£': 0, 'ü§î': 0}",neutral,"[0.8971701, 0.047825076, 0.055004798]",,,,positive
50.0,75.0,57.0,0.0,neutral,"RT @grunliberale: Mit Milliarden pro Jahr subventionieren wir eine Landwirtschaft, die alles andere als nachhaltig ist. Das muss sich √§nder‚Ä¶",milliarden pro jahr subventionieren landwirtschaft nachhaltig √§nder,,,,,,,,,,,,,,,,,,,,,,,,,,,,,,,"{'Mit': 0.04, 'Milliarden': 0.09, 'pro': 0, 'Jahr': 0.06, 'subventionieren': 1.0, 'wir': 0, 'eine': 0, 'Landwirtschaft': 0.45, 'die': 0, 'alles': 0, 'andere': 0, 'als': 0, 'nachhaltig': 0, 'ist': 0.06, 'Das': 0, 'muss': 0.03, 'sich': 0, '√§nder': 0, '‚Ä¶': 0}",positive,"[0.35668987, 0.06367095, 0.57963914]",neutral
100.0,100.0,100.0,0.85,neutral,"@tomyhub Auch ich finde Subventionen nicht gut (vgl. Landwirtschaft), sehe aber absolut den Wert von Anschubssubventionen im Kontext einer ungebremst n√§her kommenden Klimakrise sowie dem Potenzial im Weltmarkt, welches sich dann f√ºr die Schweiz ergibt.",finden subventionen gut vgl landwirtschaft sehen absolut wert anschubssubventionen kontext ungebremst n√§hern kommend klimakrise sowie potenzial weltmarkt welch schweiz ergeben,,,,,,,,,,,,,,,,,,,,,,,,,,,,,,,"{'Auch': 0, 'ich': 0.02, 'finde': 0, 'Subventionen': 0.03, 'nicht': 0, 'gut': 0, 'vgl.': 0, 'Landwirtschaft': 1.0, 'sehe': 0.07, 'aber': 0.07, 'absolut': 0, 'den': 0.01, 'Wert': 0, 'von': 0, 'Anschubssubventionen': 0.03, 'im': 0, 'Kontext': 0.03, 'einer': 0, 'ungebremst': 0, 'n√§her': 0, 'kommenden': 0, 'Klimakrise': 0.015, 'sowie': 0, 'dem': 0.01, 'Potenzial': 0.02, 'Weltmarkt': 0.01, 'welches': 0, 'sich': 0, 'dann': 0.01, 'f√ºr': 0.01, 'die': 0.01, 'Schweiz': 0.05, 'ergibt': 0}",neutral,"[0.8676153, 0.08001972, 0.05236494]",positive
